variant_id,AA,pred_pack,sampling_source,pred_pack_lcb_95,pred_pack_lcb_90,pred_pack_lcb,passes_packaging_point_gate,passes_packaging_lcb90_gate,passes_packaging_gate,packaging_threshold,lower_bound_offset_95,lower_bound_offset_90,producible_resample_with_replacement,producible_rule
PRIOR_0000001,KKPFDIR,-0.11039853,producible_prior,-2.6607773,-1.8344318,-2.6607773,True,False,False,-0.769888015,2.5503787498840333,1.7240332239944456,False,point_median
PRIOR_0000002,GQQNPAL,-0.21678305,producible_prior,-2.7671618,-1.9408163,-2.7671618,True,False,False,-0.769888015,2.5503787498840333,1.7240332239944456,False,point_median
PRIOR_0000003,NPHDKKL,1.0288663,producible_prior,-1.5215125,-0.69516695,-1.5215125,True,True,False,-0.769888015,2.5503787498840333,1.7240332239944456,False,point_median
PRIOR_0000004,SEGVRYG,-0.3425578,producible_prior,-2.8929367,-2.066591,-2.8929367,True,False,False,-0.769888015,2.5503787498840333,1.7240332239944456,False,point_median
PRIOR_0000005,RNSTVLT,-0.07007456,producible_prior,-2.6204534,-1.7941078,-2.6204534,True,False,False,-0.769888015,2.5503787498840333,1.7240332239944456,False,point_median
PRIOR_0000006,KLVKLTP,0.56939363,producible_prior,-1.9809852,-1.1546396,-1.9809852,True,False,False,-0.769888015,2.5503787498840333,1.7240332239944456,False,point_median
PRIOR_0000007,MNRNEIK,0.28864694,producible_prior,-2.2617319,-1.4353863,-2.2617319,True,False,False,-0.769888015,2.5503787498840333,1.7240332239944456,False,point_median
PRIOR_0000008,EKGRAVE,1.0967383,producible_prior,-1.4536405,-0.6272949,-1.4536405,True,True,False,-0.769888015,2.5503787498840333,1.7240332239944456,False,point_median
PRIOR_0000009,SIHNMSR,-0.21087074,producible_prior,-2.7612495,-1.934904,-2.7612495,True,False,False,-0.769888015,2.5503787498840333,1.7240332239944456,False,point_median
PRIOR_0000010,PIETGDG,-0.65249825,producible_prior,-3.202877,-2.3765316,-3.202877,True,False,False,-0.769888015,2.5503787498840333,1.7240332239944456,False,point_median
PRIOR_0000011,CHADAKP,-0.5375309,producible_prior,-3.0879097,-2.2615643,-3.0879097,True,False,False,-0.769888015,2.5503787498840333,1.7240332239944456,False,point_median
PRIOR_0000012,MPVVRQF,-0.68645024,producible_prior,-3.236829,-2.4104834,-3.236829,True,False,False,-0.769888015,2.5503787498840333,1.7240332239944456,False,point_median
PRIOR_0000013,LQQKIIK,0.28508592,producible_prior,-2.265293,-1.4389473,-2.265293,True,False,False,-0.769888015,2.5503787498840333,1.7240332239944456,False,point_median
PRIOR_0000014,QHDNKQN,0.05405736,producible_prior,-2.4963214,-1.6699759,-2.4963214,True,False,False,-0.769888015,2.5503787498840333,1.7240332239944456,False,point_median
PRIOR_0000015,QGLKRVL,0.21252275,producible_prior,-2.337856,-1.5115105,-2.337856,True,False,False,-0.769888015,2.5503787498840333,1.7240332239944456,False,point_median
PRIOR_0000016,RPDPHSS,0.4030807,producible_prior,-2.147298,-1.3209525,-2.147298,True,False,False,-0.769888015,2.5503787498840333,1.7240332239944456,False,point_median
PRIOR_0000017,SINNMQS,-0.1388073,producible_prior,-2.689186,-1.8628405,-2.689186,True,False,False,-0.769888015,2.5503787498840333,1.7240332239944456,False,point_median
PRIOR_0000018,AIKIAKM,0.5242977,producible_prior,-2.026081,-1.1997355,-2.026081,True,False,False,-0.769888015,2.5503787498840333,1.7240332239944456,False,point_median
PRIOR_0000019,TNQGLTS,0.34091234,producible_prior,-2.2094665,-1.3831209,-2.2094665,True,False,False,-0.769888015,2.5503787498840333,1.7240332239944456,False,point_median
PRIOR_0000020,MAEMKLR,-0.75494564,producible_prior,-3.3053246,-2.4789789,-3.3053246,True,False,False,-0.769888015,2.5503787498840333,1.7240332239944456,False,point_median
PRIOR_0000021,QRKTQFL,0.289989,producible_prior,-2.2603898,-1.4340442,-2.2603898,True,False,False,-0.769888015,2.5503787498840333,1.7240332239944456,False,point_median
PRIOR_0000022,EMAHARR,-0.30018294,producible_prior,-2.8505616,-2.0242162,-2.8505616,True,False,False,-0.769888015,2.5503787498840333,1.7240332239944456,False,point_median
PRIOR_0000023,KPRPVCM,-0.5805676,producible_prior,-3.1309464,-2.3046007,-3.1309464,True,False,False,-0.769888015,2.5503787498840333,1.7240332239944456,False,point_median
PRIOR_0000024,FYQRKKV,1.0777752,producible_prior,-1.4726036,-0.646258,-1.4726036,True,True,False,-0.769888015,2.5503787498840333,1.7240332239944456,False,point_median
PRIOR_0000025,TDAKAGI,0.3896911,producible_prior,-2.1606877,-1.3343421,-2.1606877,True,False,False,-0.769888015,2.5503787498840333,1.7240332239944456,False,point_median
PRIOR_0000026,LQGYRHA,-0.21220517,producible_prior,-2.762584,-1.9362384,-2.762584,True,False,False,-0.769888015,2.5503787498840333,1.7240332239944456,False,point_median
PRIOR_0000027,WRRRDKV,1.496882,producible_prior,-1.0534968,-0.22715127,-1.0534968,True,True,False,-0.769888015,2.5503787498840333,1.7240332239944456,False,point_median
PRIOR_0000028,DTNATTK,0.022017479,producible_prior,-2.5283613,-1.7020158,-2.5283613,True,False,False,-0.769888015,2.5503787498840333,1.7240332239944456,False,point_median
PRIOR_0000029,EVHARAR,0.07676244,producible_prior,-2.4736164,-1.6472708,-2.4736164,True,False,False,-0.769888015,2.5503787498840333,1.7240332239944456,False,point_median
PRIOR_0000030,WPQTEVK,-0.6194017,producible_prior,-3.1697805,-2.3434348,-3.1697805,True,False,False,-0.769888015,2.5503787498840333,1.7240332239944456,False,point_median
PRIOR_0000031,MEGHLAP,-0.44913602,producible_prior,-2.9995148,-2.1731691,-2.9995148,True,False,False,-0.769888015,2.5503787498840333,1.7240332239944456,False,point_median
PRIOR_0000032,NGQEREQ,-0.60289216,producible_prior,-3.153271,-2.3269253,-3.153271,True,False,False,-0.769888015,2.5503787498840333,1.7240332239944456,False,point_median
PRIOR_0000033,KLHESNR,0.37265825,producible_prior,-2.1777205,-1.351375,-2.1777205,True,False,False,-0.769888015,2.5503787498840333,1.7240332239944456,False,point_median
PRIOR_0000034,FRPISPL,-0.35661495,producible_prior,-2.9069939,-2.0806482,-2.9069939,True,False,False,-0.769888015,2.5503787498840333,1.7240332239944456,False,point_median
PRIOR_0000035,GQHTQKA,1.4575644,producible_prior,-1.0928144,-0.26646888,-1.0928144,True,True,False,-0.769888015,2.5503787498840333,1.7240332239944456,False,point_median
PRIOR_0000036,LNETSEA,-0.14006281,producible_prior,-2.6904416,-1.864096,-2.6904416,True,False,False,-0.769888015,2.5503787498840333,1.7240332239944456,False,point_median
PRIOR_0000037,YHREARF,-0.16785932,producible_prior,-2.718238,-1.8918926,-2.718238,True,False,False,-0.769888015,2.5503787498840333,1.7240332239944456,False,point_median
PRIOR_0000038,AFAKKIQ,-0.312163,producible_prior,-2.8625417,-2.0361962,-2.8625417,True,False,False,-0.769888015,2.5503787498840333,1.7240332239944456,False,point_median
PRIOR_0000039,VVQRSQD,0.5430198,producible_prior,-2.007359,-1.1810135,-2.007359,True,False,False,-0.769888015,2.5503787498840333,1.7240332239944456,False,point_median
PRIOR_0000040,IKHEDNR,0.059201956,producible_prior,-2.4911768,-1.6648313,-2.4911768,True,False,False,-0.769888015,2.5503787498840333,1.7240332239944456,False,point_median
PRIOR_0000041,GVRWAGA,-0.42202175,producible_prior,-2.9724007,-2.146055,-2.9724007,True,False,False,-0.769888015,2.5503787498840333,1.7240332239944456,False,point_median
PRIOR_0000042,VDEPLKK,-0.5755904,producible_prior,-3.1259692,-2.2996235,-3.1259692,True,False,False,-0.769888015,2.5503787498840333,1.7240332239944456,False,point_median
PRIOR_0000043,TGKIAKI,1.4017143,producible_prior,-1.1486645,-0.3223189,-1.1486645,True,True,False,-0.769888015,2.5503787498840333,1.7240332239944456,False,point_median
PRIOR_0000044,RLIQSRY,-0.5898417,producible_prior,-3.1402206,-2.313875,-3.1402206,True,False,False,-0.769888015,2.5503787498840333,1.7240332239944456,False,point_median
PRIOR_0000045,VDTRKKT,1.2244277,producible_prior,-1.3259511,-0.49960554,-1.3259511,True,True,False,-0.769888015,2.5503787498840333,1.7240332239944456,False,point_median
PRIOR_0000046,FHKANNL,0.26569772,producible_prior,-2.284681,-1.4583355,-2.284681,True,False,False,-0.769888015,2.5503787498840333,1.7240332239944456,False,point_median
PRIOR_0000047,AKMNVTP,0.17569971,producible_prior,-2.374679,-1.5483335,-2.374679,True,False,False,-0.769888015,2.5503787498840333,1.7240332239944456,False,point_median
PRIOR_0000048,HSLTNRS,-0.15014195,producible_prior,-2.7005208,-1.8741752,-2.7005208,True,False,False,-0.769888015,2.5503787498840333,1.7240332239944456,False,point_median
PRIOR_0000049,RQHAVHT,0.23473763,producible_prior,-2.3156412,-1.4892956,-2.3156412,True,False,False,-0.769888015,2.5503787498840333,1.7240332239944456,False,point_median
PRIOR_0000050,IKPDMHQ,-0.74517,producible_prior,-3.295549,-2.4692032,-3.295549,True,False,False,-0.769888015,2.5503787498840333,1.7240332239944456,False,point_median
PRIOR_0000051,THHWSRE,-0.66136825,producible_prior,-3.2117472,-2.3854015,-3.2117472,True,False,False,-0.769888015,2.5503787498840333,1.7240332239944456,False,point_median
PRIOR_0000052,VAQHSDL,-0.54192245,producible_prior,-3.0923014,-2.2659557,-3.0923014,True,False,False,-0.769888015,2.5503787498840333,1.7240332239944456,False,point_median
PRIOR_0000053,QREGWNK,-0.66960883,producible_prior,-3.2199876,-2.393642,-3.2199876,True,False,False,-0.769888015,2.5503787498840333,1.7240332239944456,False,point_median
PRIOR_0000054,TGHDQSK,0.5552521,producible_prior,-1.9951267,-1.1687812,-1.9951267,True,False,False,-0.769888015,2.5503787498840333,1.7240332239944456,False,point_median
PRIOR_0000055,QIFVKEK,-0.41047716,producible_prior,-2.960856,-2.1345105,-2.960856,True,False,False,-0.769888015,2.5503787498840333,1.7240332239944456,False,point_median
PRIOR_0000056,IMNGHGH,-0.110545635,producible_prior,-2.6609244,-1.8345789,-2.6609244,True,False,False,-0.769888015,2.5503787498840333,1.7240332239944456,False,point_median
PRIOR_0000057,MNHEAQA,0.1999507,producible_prior,-2.350428,-1.5240825,-2.350428,True,False,False,-0.769888015,2.5503787498840333,1.7240332239944456,False,point_median
PRIOR_0000058,LVGTTES,0.14428473,producible_prior,-2.406094,-1.5797485,-2.406094,True,False,False,-0.769888015,2.5503787498840333,1.7240332239944456,False,point_median
PRIOR_0000059,DQGGPGV,0.032838345,producible_prior,-2.5175405,-1.6911949,-2.5175405,True,False,False,-0.769888015,2.5503787498840333,1.7240332239944456,False,point_median
PRIOR_0000060,KDDTAFG,-0.72396374,producible_prior,-3.2743425,-2.447997,-3.2743425,True,False,False,-0.769888015,2.5503787498840333,1.7240332239944456,False,point_median
PRIOR_0000061,GHVTKNG,1.004518,producible_prior,-1.5458608,-0.7195152,-1.5458608,True,True,False,-0.769888015,2.5503787498840333,1.7240332239944456,False,point_median
PRIOR_0000062,QIRFAGS,-0.19967937,producible_prior,-2.7500582,-1.9237126,-2.7500582,True,False,False,-0.769888015,2.5503787498840333,1.7240332239944456,False,point_median
PRIOR_0000063,HWAATKV,-0.44564974,producible_prior,-2.9960284,-2.169683,-2.9960284,True,False,False,-0.769888015,2.5503787498840333,1.7240332239944456,False,point_median
PRIOR_0000064,QLEAPQS,-0.46699524,producible_prior,-3.017374,-2.1910286,-3.017374,True,False,False,-0.769888015,2.5503787498840333,1.7240332239944456,False,point_median
PRIOR_0000065,FPYGGEP,-0.5337968,producible_prior,-3.0841756,-2.2578301,-3.0841756,True,False,False,-0.769888015,2.5503787498840333,1.7240332239944456,False,point_median
PRIOR_0000066,ITAEEPG,-0.5382657,producible_prior,-3.0886445,-2.262299,-3.0886445,True,False,False,-0.769888015,2.5503787498840333,1.7240332239944456,False,point_median
PRIOR_0000067,KIFRDSP,-0.34541965,producible_prior,-2.8957984,-2.0694528,-2.8957984,True,False,False,-0.769888015,2.5503787498840333,1.7240332239944456,False,point_median
PRIOR_0000068,MRDRQMG,0.97231936,producible_prior,-1.5780594,-0.7517139,-1.5780594,True,True,False,-0.769888015,2.5503787498840333,1.7240332239944456,False,point_median
PRIOR_0000069,AQKVRDD,0.6924014,producible_prior,-1.8579774,-1.0316318,-1.8579774,True,False,False,-0.769888015,2.5503787498840333,1.7240332239944456,False,point_median
PRIOR_0000070,TCRRAKQ,-0.4353224,producible_prior,-2.985701,-2.1593556,-2.985701,True,False,False,-0.769888015,2.5503787498840333,1.7240332239944456,False,point_median
PRIOR_0000071,AHNRHRG,1.5555604,producible_prior,-0.99481845,-0.16847289,-0.99481845,True,True,False,-0.769888015,2.5503787498840333,1.7240332239944456,False,point_median
PRIOR_0000072,HTYKHRS,0.32753205,producible_prior,-2.2228467,-1.3965012,-2.2228467,True,False,False,-0.769888015,2.5503787498840333,1.7240332239944456,False,point_median
PRIOR_0000073,KNHWHNK,-0.4418714,producible_prior,-2.9922502,-2.1659045,-2.9922502,True,False,False,-0.769888015,2.5503787498840333,1.7240332239944456,False,point_median
PRIOR_0000074,NKMDSMH,-0.6900314,producible_prior,-3.2404103,-2.4140646,-3.2404103,True,False,False,-0.769888015,2.5503787498840333,1.7240332239944456,False,point_median
PRIOR_0000075,WAKQDSI,-0.41473746,producible_prior,-2.9651163,-2.1387706,-2.9651163,True,False,False,-0.769888015,2.5503787498840333,1.7240332239944456,False,point_median
PRIOR_0000076,RVRAFSE,0.28437567,producible_prior,-2.2660031,-1.4396576,-2.2660031,True,False,False,-0.769888015,2.5503787498840333,1.7240332239944456,False,point_median
PRIOR_0000077,HPKFRRP,1.4263291,producible_prior,-1.1240497,-0.2977041,-1.1240497,True,True,False,-0.769888015,2.5503787498840333,1.7240332239944456,False,point_median
PRIOR_0000078,GMKEMVT,-0.67013335,producible_prior,-3.2205122,-2.3941665,-3.2205122,True,False,False,-0.769888015,2.5503787498840333,1.7240332239944456,False,point_median
PRIOR_0000079,FGTSSEH,-0.2060678,producible_prior,-2.7564466,-1.930101,-2.7564466,True,False,False,-0.769888015,2.5503787498840333,1.7240332239944456,False,point_median
PRIOR_0000080,FGANMEP,-0.30976415,producible_prior,-2.860143,-2.0337973,-2.860143,True,False,False,-0.769888015,2.5503787498840333,1.7240332239944456,False,point_median
PRIOR_0000081,RRLGSPE,1.0065334,producible_prior,-1.5438454,-0.71749985,-1.5438454,True,True,False,-0.769888015,2.5503787498840333,1.7240332239944456,False,point_median
PRIOR_0000082,DVRGLKM,0.28370547,producible_prior,-2.2666733,-1.4403278,-2.2666733,True,False,False,-0.769888015,2.5503787498840333,1.7240332239944456,False,point_median
PRIOR_0000083,LWKKAFP,-0.3892851,producible_prior,-2.939664,-2.1133184,-2.939664,True,False,False,-0.769888015,2.5503787498840333,1.7240332239944456,False,point_median
PRIOR_0000084,HDRVRGN,0.08498955,producible_prior,-2.4653893,-1.6390437,-2.4653893,True,False,False,-0.769888015,2.5503787498840333,1.7240332239944456,False,point_median
PRIOR_0000085,YINKQGS,0.81884575,producible_prior,-1.731533,-0.9051875,-1.731533,True,False,False,-0.769888015,2.5503787498840333,1.7240332239944456,False,point_median
PRIOR_0000086,AFNGASE,1.335144e-05,producible_prior,-2.5503654,-1.7240199,-2.5503654,True,False,False,-0.769888015,2.5503787498840333,1.7240332239944456,False,point_median
PRIOR_0000087,QNEPKGF,-0.24802661,producible_prior,-2.7984054,-1.9720598,-2.7984054,True,False,False,-0.769888015,2.5503787498840333,1.7240332239944456,False,point_median
PRIOR_0000088,RKRVQMW,0.4020269,producible_prior,-2.148352,-1.3220063,-2.148352,True,False,False,-0.769888015,2.5503787498840333,1.7240332239944456,False,point_median
PRIOR_0000089,NRPHVSK,1.2121806,producible_prior,-1.3381982,-0.5118526,-1.3381982,True,True,False,-0.769888015,2.5503787498840333,1.7240332239944456,False,point_median
PRIOR_0000090,ARKMAPW,-0.62023544,producible_prior,-3.1706142,-2.3442688,-3.1706142,True,False,False,-0.769888015,2.5503787498840333,1.7240332239944456,False,point_median
PRIOR_0000091,YLNGKTD,0.7103627,producible_prior,-1.8400161,-1.0136706,-1.8400161,True,False,False,-0.769888015,2.5503787498840333,1.7240332239944456,False,point_median
PRIOR_0000092,AMNSIRP,0.060194016,producible_prior,-2.4901848,-1.6638392,-2.4901848,True,False,False,-0.769888015,2.5503787498840333,1.7240332239944456,False,point_median
PRIOR_0000093,LMAGSNP,0.19215584,producible_prior,-2.358223,-1.5318774,-2.358223,True,False,False,-0.769888015,2.5503787498840333,1.7240332239944456,False,point_median
PRIOR_0000094,KDVSGED,-0.30787814,producible_prior,-2.8582568,-2.0319114,-2.8582568,True,False,False,-0.769888015,2.5503787498840333,1.7240332239944456,False,point_median
PRIOR_0000095,HGLKEKD,0.5077205,producible_prior,-2.0426583,-1.2163128,-2.0426583,True,False,False,-0.769888015,2.5503787498840333,1.7240332239944456,False,point_median
PRIOR_0000096,TAKINSS,0.9073634,producible_prior,-1.6430154,-0.8166698,-1.6430154,True,False,False,-0.769888015,2.5503787498840333,1.7240332239944456,False,point_median
PRIOR_0000097,HYGHTSS,-0.10788202,producible_prior,-2.6582608,-1.8319153,-2.6582608,True,False,False,-0.769888015,2.5503787498840333,1.7240332239944456,False,point_median
PRIOR_0000098,VDHKEII,-0.7262552,producible_prior,-3.276634,-2.4502883,-3.276634,True,False,False,-0.769888015,2.5503787498840333,1.7240332239944456,False,point_median
PRIOR_0000099,MDPNMRT,-0.65461385,producible_prior,-3.2049928,-2.378647,-3.2049928,True,False,False,-0.769888015,2.5503787498840333,1.7240332239944456,False,point_median
PRIOR_0000100,YKEDNAD,-0.26495206,producible_prior,-2.815331,-1.9889853,-2.815331,True,False,False,-0.769888015,2.5503787498840333,1.7240332239944456,False,point_median
PRIOR_0000101,NNSKVKI,1.4518809,producible_prior,-1.0984979,-0.2721523,-1.0984979,True,True,False,-0.769888015,2.5503787498840333,1.7240332239944456,False,point_median
PRIOR_0000102,HIHHQYG,-0.6070913,producible_prior,-3.1574702,-2.3311245,-3.1574702,True,False,False,-0.769888015,2.5503787498840333,1.7240332239944456,False,point_median
PRIOR_0000103,WRGKGQG,2.1203232,producible_prior,-0.43005562,0.39628994,-0.43005562,True,True,True,-0.769888015,2.5503787498840333,1.7240332239944456,False,point_median
PRIOR_0000104,IVSLQKS,0.18468308,producible_prior,-2.3656957,-1.5393502,-2.3656957,True,False,False,-0.769888015,2.5503787498840333,1.7240332239944456,False,point_median
PRIOR_0000105,YGPGKNM,1.0862603,producible_prior,-1.4641185,-0.6377729,-1.4641185,True,True,False,-0.769888015,2.5503787498840333,1.7240332239944456,False,point_median
PRIOR_0000106,TFYRTPE,-0.7281389,producible_prior,-3.2785177,-2.4521723,-3.2785177,True,False,False,-0.769888015,2.5503787498840333,1.7240332239944456,False,point_median
PRIOR_0000107,GIDTIRK,-0.1825459,producible_prior,-2.7329247,-1.9065791,-2.7329247,True,False,False,-0.769888015,2.5503787498840333,1.7240332239944456,False,point_median
PRIOR_0000108,ATMKFKP,-0.18670702,producible_prior,-2.7370858,-1.9107403,-2.7370858,True,False,False,-0.769888015,2.5503787498840333,1.7240332239944456,False,point_median
PRIOR_0000109,RKYRLYV,-0.45095813,producible_prior,-3.001337,-2.1749914,-3.001337,True,False,False,-0.769888015,2.5503787498840333,1.7240332239944456,False,point_median
PRIOR_0000110,RQHHMAD,0.38534355,producible_prior,-2.1650352,-1.3386897,-2.1650352,True,False,False,-0.769888015,2.5503787498840333,1.7240332239944456,False,point_median
PRIOR_0000111,VRGLQTI,0.039373398,producible_prior,-2.5110054,-1.6846598,-2.5110054,True,False,False,-0.769888015,2.5503787498840333,1.7240332239944456,False,point_median
PRIOR_0000112,SKAGPQT,1.0058315,producible_prior,-1.5445473,-0.71820176,-1.5445473,True,True,False,-0.769888015,2.5503787498840333,1.7240332239944456,False,point_median
PRIOR_0000113,YGQRHPQ,-0.289783,producible_prior,-2.8401618,-2.0138164,-2.8401618,True,False,False,-0.769888015,2.5503787498840333,1.7240332239944456,False,point_median
PRIOR_0000114,PDKNPLH,-0.5524249,producible_prior,-3.1028037,-2.2764583,-3.1028037,True,False,False,-0.769888015,2.5503787498840333,1.7240332239944456,False,point_median
PRIOR_0000115,HTNSMSR,0.04645896,producible_prior,-2.5039198,-1.6775743,-2.5039198,True,False,False,-0.769888015,2.5503787498840333,1.7240332239944456,False,point_median
PRIOR_0000116,GRAYTMP,-0.34828615,producible_prior,-2.898665,-2.0723195,-2.898665,True,False,False,-0.769888015,2.5503787498840333,1.7240332239944456,False,point_median
PRIOR_0000117,AAGTYRP,-0.0949502,producible_prior,-2.645329,-1.8189834,-2.645329,True,False,False,-0.769888015,2.5503787498840333,1.7240332239944456,False,point_median
PRIOR_0000118,MQRNEQH,0.20621562,producible_prior,-2.3441632,-1.5178176,-2.3441632,True,False,False,-0.769888015,2.5503787498840333,1.7240332239944456,False,point_median
PRIOR_0000119,VRRHFHR,0.37318087,producible_prior,-2.177198,-1.3508524,-2.177198,True,False,False,-0.769888015,2.5503787498840333,1.7240332239944456,False,point_median
PRIOR_0000120,NRAFKIA,0.49753284,producible_prior,-2.052846,-1.2265004,-2.052846,True,False,False,-0.769888015,2.5503787498840333,1.7240332239944456,False,point_median
PRIOR_0000121,HSTMNHG,-0.28104758,producible_prior,-2.8314264,-2.0050807,-2.8314264,True,False,False,-0.769888015,2.5503787498840333,1.7240332239944456,False,point_median
PRIOR_0000122,IFMKHVP,-0.5665076,producible_prior,-3.1168864,-2.2905407,-3.1168864,True,False,False,-0.769888015,2.5503787498840333,1.7240332239944456,False,point_median
PRIOR_0000123,DVTTKRY,-0.29654598,producible_prior,-2.8469248,-2.0205793,-2.8469248,True,False,False,-0.769888015,2.5503787498840333,1.7240332239944456,False,point_median
PRIOR_0000124,PKYAQTE,-0.23059654,producible_prior,-2.7809753,-1.9546298,-2.7809753,True,False,False,-0.769888015,2.5503787498840333,1.7240332239944456,False,point_median
PRIOR_0000125,KTILRHT,-0.722065,producible_prior,-3.2724438,-2.4460983,-3.2724438,True,False,False,-0.769888015,2.5503787498840333,1.7240332239944456,False,point_median
PRIOR_0000126,NTKGYPP,0.34836006,producible_prior,-2.2020187,-1.3756732,-2.2020187,True,False,False,-0.769888015,2.5503787498840333,1.7240332239944456,False,point_median
PRIOR_0000127,DEDRRKT,0.026957512,producible_prior,-2.5234213,-1.6970757,-2.5234213,True,False,False,-0.769888015,2.5503787498840333,1.7240332239944456,False,point_median
PRIOR_0000128,DAKYGVS,-0.57714224,producible_prior,-3.127521,-2.3011756,-3.127521,True,False,False,-0.769888015,2.5503787498840333,1.7240332239944456,False,point_median
PRIOR_0000129,ERTPRHL,-0.08100462,producible_prior,-2.6313834,-1.8050379,-2.6313834,True,False,False,-0.769888015,2.5503787498840333,1.7240332239944456,False,point_median
PRIOR_0000130,GLYTNRK,-0.27524638,producible_prior,-2.8256252,-1.9992796,-2.8256252,True,False,False,-0.769888015,2.5503787498840333,1.7240332239944456,False,point_median
PRIOR_0000131,NNSNNDS,0.18786049,producible_prior,-2.3625183,-1.5361727,-2.3625183,True,False,False,-0.769888015,2.5503787498840333,1.7240332239944456,False,point_median
PRIOR_0000132,MHARRQA,1.4648676,producible_prior,-1.0855112,-0.25916564,-1.0855112,True,True,False,-0.769888015,2.5503787498840333,1.7240332239944456,False,point_median
PRIOR_0000133,ARTVESS,0.2567749,producible_prior,-2.293604,-1.4672583,-2.293604,True,False,False,-0.769888015,2.5503787498840333,1.7240332239944456,False,point_median
PRIOR_0000134,KINNEVE,0.1169343,producible_prior,-2.4334445,-1.6070989,-2.4334445,True,False,False,-0.769888015,2.5503787498840333,1.7240332239944456,False,point_median
PRIOR_0000135,KISIISH,-0.570137,producible_prior,-3.1205158,-2.2941704,-3.1205158,True,False,False,-0.769888015,2.5503787498840333,1.7240332239944456,False,point_median
PRIOR_0000136,GQNLPEG,-0.11491346,producible_prior,-2.6652923,-1.8389467,-2.6652923,True,False,False,-0.769888015,2.5503787498840333,1.7240332239944456,False,point_median
PRIOR_0000137,IIHQRKP,1.343961,producible_prior,-1.2064178,-0.38007224,-1.2064178,True,True,False,-0.769888015,2.5503787498840333,1.7240332239944456,False,point_median
PRIOR_0000138,GTKMDVE,-0.47723293,producible_prior,-3.0276117,-2.2012663,-3.0276117,True,False,False,-0.769888015,2.5503787498840333,1.7240332239944456,False,point_median
PRIOR_0000139,RHFRHKL,0.4776616,producible_prior,-2.0727172,-1.2463716,-2.0727172,True,False,False,-0.769888015,2.5503787498840333,1.7240332239944456,False,point_median
PRIOR_0000140,KNFSVNR,-0.16165733,producible_prior,-2.7120361,-1.8856906,-2.7120361,True,False,False,-0.769888015,2.5503787498840333,1.7240332239944456,False,point_median
PRIOR_0000141,TGVATRK,0.949101,producible_prior,-1.6012778,-0.77493227,-1.6012778,True,False,False,-0.769888015,2.5503787498840333,1.7240332239944456,False,point_median
PRIOR_0000142,GEKVSEN,-0.1647923,producible_prior,-2.715171,-1.8888255,-2.715171,True,False,False,-0.769888015,2.5503787498840333,1.7240332239944456,False,point_median
PRIOR_0000143,RQKVSHC,-0.28677928,producible_prior,-2.8371582,-2.0108125,-2.8371582,True,False,False,-0.769888015,2.5503787498840333,1.7240332239944456,False,point_median
PRIOR_0000144,RQDNGKY,0.46321344,producible_prior,-2.0871654,-1.2608198,-2.0871654,True,False,False,-0.769888015,2.5503787498840333,1.7240332239944456,False,point_median
PRIOR_0000145,DYKAKAH,0.22629023,producible_prior,-2.3240886,-1.497743,-2.3240886,True,False,False,-0.769888015,2.5503787498840333,1.7240332239944456,False,point_median
PRIOR_0000146,WRTKLPS,0.5376818,producible_prior,-2.012697,-1.1863514,-2.012697,True,False,False,-0.769888015,2.5503787498840333,1.7240332239944456,False,point_median
PRIOR_0000147,KSRDQKV,1.7016165,producible_prior,-0.8487623,-0.02241671,-0.8487623,True,True,False,-0.769888015,2.5503787498840333,1.7240332239944456,False,point_median
PRIOR_0000148,FFATTKV,-0.039936543,producible_prior,-2.5903153,-1.7639698,-2.5903153,True,False,False,-0.769888015,2.5503787498840333,1.7240332239944456,False,point_median
PRIOR_0000149,ENATAPK,-0.2162466,producible_prior,-2.7666254,-1.9402798,-2.7666254,True,False,False,-0.769888015,2.5503787498840333,1.7240332239944456,False,point_median
PRIOR_0000150,HKWQKNK,0.12483454,producible_prior,-2.4255443,-1.5991987,-2.4255443,True,False,False,-0.769888015,2.5503787498840333,1.7240332239944456,False,point_median
PRIOR_0000151,QDSRKLY,-0.27068913,producible_prior,-2.8210678,-1.9947224,-2.8210678,True,False,False,-0.769888015,2.5503787498840333,1.7240332239944456,False,point_median
PRIOR_0000152,IGTNQTH,0.111349344,producible_prior,-2.4390295,-1.6126839,-2.4390295,True,False,False,-0.769888015,2.5503787498840333,1.7240332239944456,False,point_median
PRIOR_0000153,FTPGGFA,-0.31515276,producible_prior,-2.8655314,-2.039186,-2.8655314,True,False,False,-0.769888015,2.5503787498840333,1.7240332239944456,False,point_median
PRIOR_0000154,AFRRNRT,0.8184023,producible_prior,-1.7319765,-0.90563095,-1.7319765,True,False,False,-0.769888015,2.5503787498840333,1.7240332239944456,False,point_median
PRIOR_0000155,TGKGLDL,0.40462685,producible_prior,-2.145752,-1.3194064,-2.145752,True,False,False,-0.769888015,2.5503787498840333,1.7240332239944456,False,point_median
PRIOR_0000156,LFAAAVR,-0.6224861,producible_prior,-3.172865,-2.3465195,-3.172865,True,False,False,-0.769888015,2.5503787498840333,1.7240332239944456,False,point_median
PRIOR_0000157,RQMMSHS,-0.67044127,producible_prior,-3.22082,-2.3944745,-3.22082,True,False,False,-0.769888015,2.5503787498840333,1.7240332239944456,False,point_median
PRIOR_0000158,VKIRQRD,1.0740869,producible_prior,-1.4762919,-0.64994633,-1.4762919,True,True,False,-0.769888015,2.5503787498840333,1.7240332239944456,False,point_median
PRIOR_0000159,INNKNRH,1.4088092,producible_prior,-1.1415696,-0.31522405,-1.1415696,True,True,False,-0.769888015,2.5503787498840333,1.7240332239944456,False,point_median
PRIOR_0000160,KRKMNPC,-0.17722106,producible_prior,-2.7275999,-1.9012543,-2.7275999,True,False,False,-0.769888015,2.5503787498840333,1.7240332239944456,False,point_median
PRIOR_0000161,GYKNTMT,-0.23338437,producible_prior,-2.7837632,-1.9574176,-2.7837632,True,False,False,-0.769888015,2.5503787498840333,1.7240332239944456,False,point_median
PRIOR_0000162,RIHEGET,-0.22820401,producible_prior,-2.7785828,-1.9522372,-2.7785828,True,False,False,-0.769888015,2.5503787498840333,1.7240332239944456,False,point_median
PRIOR_0000163,FQKGGID,0.6044793,producible_prior,-1.9458995,-1.1195539,-1.9458995,True,False,False,-0.769888015,2.5503787498840333,1.7240332239944456,False,point_median
PRIOR_0000164,PATPSED,-0.5027071,producible_prior,-3.0530858,-2.2267404,-3.0530858,True,False,False,-0.769888015,2.5503787498840333,1.7240332239944456,False,point_median
PRIOR_0000165,AMVETKV,-0.5995188,producible_prior,-3.1498976,-2.3235521,-3.1498976,True,False,False,-0.769888015,2.5503787498840333,1.7240332239944456,False,point_median
PRIOR_0000166,APKVIKM,0.89837193,producible_prior,-1.6520069,-0.8256613,-1.6520069,True,False,False,-0.769888015,2.5503787498840333,1.7240332239944456,False,point_median
PRIOR_0000167,PERVIPR,-0.57373035,producible_prior,-3.1241093,-2.2977636,-3.1241093,True,False,False,-0.769888015,2.5503787498840333,1.7240332239944456,False,point_median
PRIOR_0000168,RQFGKNP,1.0572267,producible_prior,-1.4931521,-0.6668066,-1.4931521,True,True,False,-0.769888015,2.5503787498840333,1.7240332239944456,False,point_median
PRIOR_0000169,PTKQAKL,1.026556,producible_prior,-1.5238228,-0.6974772,-1.5238228,True,True,False,-0.769888015,2.5503787498840333,1.7240332239944456,False,point_median
PRIOR_0000170,WLRLSAS,-0.5987309,producible_prior,-3.1491098,-2.3227642,-3.1491098,True,False,False,-0.769888015,2.5503787498840333,1.7240332239944456,False,point_median
PRIOR_0000171,IHQNGGA,0.789866,producible_prior,-1.7605128,-0.93416727,-1.7605128,True,False,False,-0.769888015,2.5503787498840333,1.7240332239944456,False,point_median
PRIOR_0000172,KFIRYKM,-0.6441878,producible_prior,-3.1945667,-2.368221,-3.1945667,True,False,False,-0.769888015,2.5503787498840333,1.7240332239944456,False,point_median
PRIOR_0000173,PKVPVAL,-0.5610484,producible_prior,-3.1114273,-2.2850816,-3.1114273,True,False,False,-0.769888015,2.5503787498840333,1.7240332239944456,False,point_median
PRIOR_0000174,FFTTTDG,-0.6123488,producible_prior,-3.1627276,-2.336382,-3.1627276,True,False,False,-0.769888015,2.5503787498840333,1.7240332239944456,False,point_median
PRIOR_0000175,DKVPLEG,-0.39064407,producible_prior,-2.9410229,-2.1146774,-2.9410229,True,False,False,-0.769888015,2.5503787498840333,1.7240332239944456,False,point_median
PRIOR_0000176,SHKATPN,0.51898575,producible_prior,-2.031393,-1.2050475,-2.031393,True,False,False,-0.769888015,2.5503787498840333,1.7240332239944456,False,point_median
PRIOR_0000177,LFAGRKN,0.36344004,producible_prior,-2.1869388,-1.3605932,-2.1869388,True,False,False,-0.769888015,2.5503787498840333,1.7240332239944456,False,point_median
PRIOR_0000178,RMPDARL,0.0851593,producible_prior,-2.4652195,-1.6388739,-2.4652195,True,False,False,-0.769888015,2.5503787498840333,1.7240332239944456,False,point_median
PRIOR_0000179,RNGKKWV,0.455688,producible_prior,-2.0946908,-1.2683452,-2.0946908,True,False,False,-0.769888015,2.5503787498840333,1.7240332239944456,False,point_median
PRIOR_0000180,RTATPEV,0.33515596,producible_prior,-2.2152228,-1.3888773,-2.2152228,True,False,False,-0.769888015,2.5503787498840333,1.7240332239944456,False,point_median
PRIOR_0000181,GEQSPKM,0.20256495,producible_prior,-2.3478138,-1.5214683,-2.3478138,True,False,False,-0.769888015,2.5503787498840333,1.7240332239944456,False,point_median
PRIOR_0000182,VKERGES,1.2243586,producible_prior,-1.3260202,-0.49967468,-1.3260202,True,True,False,-0.769888015,2.5503787498840333,1.7240332239944456,False,point_median
PRIOR_0000183,YLAKPMP,0.17531848,producible_prior,-2.3750603,-1.5487148,-2.3750603,True,False,False,-0.769888015,2.5503787498840333,1.7240332239944456,False,point_median
PRIOR_0000184,LGHKNAL,0.76472235,producible_prior,-1.7856565,-0.9593109,-1.7856565,True,False,False,-0.769888015,2.5503787498840333,1.7240332239944456,False,point_median
PRIOR_0000185,PTRVDHG,0.009211063,producible_prior,-2.5411677,-1.7148222,-2.5411677,True,False,False,-0.769888015,2.5503787498840333,1.7240332239944456,False,point_median
PRIOR_0000186,KAGAKHC,0.07076001,producible_prior,-2.4796188,-1.6532732,-2.4796188,True,False,False,-0.769888015,2.5503787498840333,1.7240332239944456,False,point_median
PRIOR_0000187,AGGVTTQ,-0.46048582,producible_prior,-3.0108647,-2.184519,-3.0108647,True,False,False,-0.769888015,2.5503787498840333,1.7240332239944456,False,point_median
PRIOR_0000188,WLTRGTL,-0.52151394,producible_prior,-3.0718927,-2.2455473,-3.0718927,True,False,False,-0.769888015,2.5503787498840333,1.7240332239944456,False,point_median
PRIOR_0000189,WNRGTDR,0.3975458,producible_prior,-2.152833,-1.3264874,-2.152833,True,False,False,-0.769888015,2.5503787498840333,1.7240332239944456,False,point_median
PRIOR_0000190,WKMAPEP,-0.42259526,producible_prior,-2.972974,-2.1466284,-2.972974,True,False,False,-0.769888015,2.5503787498840333,1.7240332239944456,False,point_median
PRIOR_0000191,LEVHKGK,0.28151655,producible_prior,-2.2688622,-1.4425167,-2.2688622,True,False,False,-0.769888015,2.5503787498840333,1.7240332239944456,False,point_median
PRIOR_0000192,GPPVYQP,-0.4149909,producible_prior,-2.9653697,-2.1390243,-2.9653697,True,False,False,-0.769888015,2.5503787498840333,1.7240332239944456,False,point_median
PRIOR_0000193,LPGGKGS,1.7741365,producible_prior,-0.77624226,0.050103307,-0.77624226,True,True,False,-0.769888015,2.5503787498840333,1.7240332239944456,False,point_median
PRIOR_0000194,ARLRRVM,0.4249165,producible_prior,-2.1254623,-1.2991167,-2.1254623,True,False,False,-0.769888015,2.5503787498840333,1.7240332239944456,False,point_median
PRIOR_0000195,QKVEVSG,0.41452503,producible_prior,-2.1358538,-1.3095082,-2.1358538,True,False,False,-0.769888015,2.5503787498840333,1.7240332239944456,False,point_median
PRIOR_0000196,GTGSFQA,-0.1704998,producible_prior,-2.7208786,-1.894533,-2.7208786,True,False,False,-0.769888015,2.5503787498840333,1.7240332239944456,False,point_median
PRIOR_0000197,SHRVEAE,0.28623915,producible_prior,-2.2641397,-1.4377941,-2.2641397,True,False,False,-0.769888015,2.5503787498840333,1.7240332239944456,False,point_median
PRIOR_0000198,MHLVKQG,0.34046698,producible_prior,-2.2099118,-1.3835663,-2.2099118,True,False,False,-0.769888015,2.5503787498840333,1.7240332239944456,False,point_median
PRIOR_0000199,FKANHNF,-0.16433072,producible_prior,-2.7147095,-1.888364,-2.7147095,True,False,False,-0.769888015,2.5503787498840333,1.7240332239944456,False,point_median
PRIOR_0000200,DRDGGSV,0.2905755,producible_prior,-2.2598033,-1.4334577,-2.2598033,True,False,False,-0.769888015,2.5503787498840333,1.7240332239944456,False,point_median
PRIOR_0000201,IGIRSTT,-0.18428397,producible_prior,-2.7346628,-1.9083172,-2.7346628,True,False,False,-0.769888015,2.5503787498840333,1.7240332239944456,False,point_median
PRIOR_0000202,CIKGDKE,0.045324326,producible_prior,-2.5050545,-1.6787089,-2.5050545,True,False,False,-0.769888015,2.5503787498840333,1.7240332239944456,False,point_median
PRIOR_0000203,KVRHKAD,2.039672,producible_prior,-0.5107069,0.31563866,-0.5107069,True,True,True,-0.769888015,2.5503787498840333,1.7240332239944456,False,point_median
PRIOR_0000204,MADTRHA,0.32709217,producible_prior,-2.2232866,-1.3969411,-2.2232866,True,False,False,-0.769888015,2.5503787498840333,1.7240332239944456,False,point_median
PRIOR_0000205,YVRRNAN,0.46636295,producible_prior,-2.0840158,-1.2576703,-2.0840158,True,False,False,-0.769888015,2.5503787498840333,1.7240332239944456,False,point_median
PRIOR_0000206,QPELRSS,-0.20949125,producible_prior,-2.75987,-1.9335245,-2.75987,True,False,False,-0.769888015,2.5503787498840333,1.7240332239944456,False,point_median
PRIOR_0000207,AGIFKSK,-0.37340295,producible_prior,-2.9237819,-2.0974362,-2.9237819,True,False,False,-0.769888015,2.5503787498840333,1.7240332239944456,False,point_median
PRIOR_0000208,SNKYIAS,-0.33907866,producible_prior,-2.8894575,-2.0631118,-2.8894575,True,False,False,-0.769888015,2.5503787498840333,1.7240332239944456,False,point_median
PRIOR_0000209,VNSRDTR,0.2951069,producible_prior,-2.255272,-1.4289263,-2.255272,True,False,False,-0.769888015,2.5503787498840333,1.7240332239944456,False,point_median
PRIOR_0000210,INPLEGA,-0.4122678,producible_prior,-2.9626465,-2.136301,-2.9626465,True,False,False,-0.769888015,2.5503787498840333,1.7240332239944456,False,point_median
PRIOR_0000211,KTGRPQT,1.2368388,producible_prior,-1.31354,-0.48719442,-1.31354,True,True,False,-0.769888015,2.5503787498840333,1.7240332239944456,False,point_median
PRIOR_0000212,KMINQST,-0.6008282,producible_prior,-3.151207,-2.3248615,-3.151207,True,False,False,-0.769888015,2.5503787498840333,1.7240332239944456,False,point_median
PRIOR_0000213,HMNDKTP,0.4000528,producible_prior,-2.150326,-1.3239805,-2.150326,True,False,False,-0.769888015,2.5503787498840333,1.7240332239944456,False,point_median
PRIOR_0000214,VQERLPS,-0.33773005,producible_prior,-2.8881087,-2.0617633,-2.8881087,True,False,False,-0.769888015,2.5503787498840333,1.7240332239944456,False,point_median
PRIOR_0000215,YVSRAYR,-0.48912656,producible_prior,-3.0395055,-2.2131598,-3.0395055,True,False,False,-0.769888015,2.5503787498840333,1.7240332239944456,False,point_median
PRIOR_0000216,GPNGSYD,-0.3007443,producible_prior,-2.851123,-2.0247774,-2.851123,True,False,False,-0.769888015,2.5503787498840333,1.7240332239944456,False,point_median
PRIOR_0000217,HLKMGQY,-0.5629494,producible_prior,-3.1133282,-2.2869825,-3.1133282,True,False,False,-0.769888015,2.5503787498840333,1.7240332239944456,False,point_median
PRIOR_0000218,SDIAAAG,-0.6124561,producible_prior,-3.162835,-2.3364892,-3.162835,True,False,False,-0.769888015,2.5503787498840333,1.7240332239944456,False,point_median
PRIOR_0000219,LNKHLTN,-0.041394472,producible_prior,-2.5917733,-1.7654277,-2.5917733,True,False,False,-0.769888015,2.5503787498840333,1.7240332239944456,False,point_median
PRIOR_0000220,RENRSYH,-0.22759128,producible_prior,-2.77797,-1.9516245,-2.77797,True,False,False,-0.769888015,2.5503787498840333,1.7240332239944456,False,point_median
PRIOR_0000221,KAKDGES,1.4806192,producible_prior,-1.0697596,-0.24341404,-1.0697596,True,True,False,-0.769888015,2.5503787498840333,1.7240332239944456,False,point_median
PRIOR_0000222,FRASKTT,0.98003006,producible_prior,-1.5703487,-0.7440032,-1.5703487,True,True,False,-0.769888015,2.5503787498840333,1.7240332239944456,False,point_median
PRIOR_0000223,NEDQQKA,0.29715848,producible_prior,-2.2532203,-1.4268748,-2.2532203,True,False,False,-0.769888015,2.5503787498840333,1.7240332239944456,False,point_median
PRIOR_0000224,FHVIRAA,-0.43698287,producible_prior,-2.9873617,-2.161016,-2.9873617,True,False,False,-0.769888015,2.5503787498840333,1.7240332239944456,False,point_median
PRIOR_0000225,STRTYVV,-0.5812869,producible_prior,-3.1316657,-2.3053203,-3.1316657,True,False,False,-0.769888015,2.5503787498840333,1.7240332239944456,False,point_median
PRIOR_0000226,GPMKRCV,-0.65337586,producible_prior,-3.2037547,-2.377409,-3.2037547,True,False,False,-0.769888015,2.5503787498840333,1.7240332239944456,False,point_median
PRIOR_0000227,HSVRKDV,0.5441315,producible_prior,-2.0062473,-1.1799017,-2.0062473,True,False,False,-0.769888015,2.5503787498840333,1.7240332239944456,False,point_median
PRIOR_0000228,AQHTIKH,0.18718505,producible_prior,-2.3631938,-1.5368482,-2.3631938,True,False,False,-0.769888015,2.5503787498840333,1.7240332239944456,False,point_median
PRIOR_0000229,AREAANM,-0.03221011,producible_prior,-2.582589,-1.7562433,-2.582589,True,False,False,-0.769888015,2.5503787498840333,1.7240332239944456,False,point_median
PRIOR_0000230,NERQKYP,0.25145125,producible_prior,-2.2989275,-1.472582,-2.2989275,True,False,False,-0.769888015,2.5503787498840333,1.7240332239944456,False,point_median
PRIOR_0000231,PGTHVTN,-0.73241985,producible_prior,-3.2827988,-2.456453,-3.2827988,True,False,False,-0.769888015,2.5503787498840333,1.7240332239944456,False,point_median
PRIOR_0000232,NTPERPM,-0.14852405,producible_prior,-2.6989028,-1.8725573,-2.6989028,True,False,False,-0.769888015,2.5503787498840333,1.7240332239944456,False,point_median
PRIOR_0000233,PQRVSTD,0.26198816,producible_prior,-2.2883906,-1.4620451,-2.2883906,True,False,False,-0.769888015,2.5503787498840333,1.7240332239944456,False,point_median
PRIOR_0000234,RRKNMSA,2.4503288,producible_prior,-0.10004997,0.7262956,-0.10004997,True,True,True,-0.769888015,2.5503787498840333,1.7240332239944456,False,point_median
PRIOR_0000235,WFSKTRY,-0.46354508,producible_prior,-3.013924,-2.1875782,-3.013924,True,False,False,-0.769888015,2.5503787498840333,1.7240332239944456,False,point_median
PRIOR_0000236,MRPVEQT,0.0033397675,producible_prior,-2.547039,-1.7206935,-2.547039,True,False,False,-0.769888015,2.5503787498840333,1.7240332239944456,False,point_median
PRIOR_0000237,HHKATVQ,0.09753895,producible_prior,-2.4528399,-1.6264943,-2.4528399,True,False,False,-0.769888015,2.5503787498840333,1.7240332239944456,False,point_median
PRIOR_0000238,IRGMSPS,0.42057204,producible_prior,-2.1298068,-1.3034612,-2.1298068,True,False,False,-0.769888015,2.5503787498840333,1.7240332239944456,False,point_median
PRIOR_0000239,GNSTSAY,-0.30138516,producible_prior,-2.851764,-2.0254183,-2.851764,True,False,False,-0.769888015,2.5503787498840333,1.7240332239944456,False,point_median
PRIOR_0000240,GNEQASP,0.171983,producible_prior,-2.3783958,-1.5520502,-2.3783958,True,False,False,-0.769888015,2.5503787498840333,1.7240332239944456,False,point_median
PRIOR_0000241,RRASKCE,0.79353094,producible_prior,-1.7568479,-0.9305023,-1.7568479,True,False,False,-0.769888015,2.5503787498840333,1.7240332239944456,False,point_median
PRIOR_0000242,KPNTMKC,-0.3436575,producible_prior,-2.8940363,-2.0676908,-2.8940363,True,False,False,-0.769888015,2.5503787498840333,1.7240332239944456,False,point_median
PRIOR_0000243,EDTHNHG,-0.6911099,producible_prior,-3.2414887,-2.415143,-3.2414887,True,False,False,-0.769888015,2.5503787498840333,1.7240332239944456,False,point_median
PRIOR_0000244,NEPARDG,0.4463501,producible_prior,-2.1040287,-1.2776831,-2.1040287,True,False,False,-0.769888015,2.5503787498840333,1.7240332239944456,False,point_median
PRIOR_0000245,KQKQRLL,1.3108454,producible_prior,-1.2395334,-0.41318786,-1.2395334,True,True,False,-0.769888015,2.5503787498840333,1.7240332239944456,False,point_median
PRIOR_0000246,PTGHGDE,-0.032033205,producible_prior,-2.582412,-1.7560664,-2.582412,True,False,False,-0.769888015,2.5503787498840333,1.7240332239944456,False,point_median
PRIOR_0000247,HQTVEQD,-0.56562567,producible_prior,-3.1160045,-2.289659,-3.1160045,True,False,False,-0.769888015,2.5503787498840333,1.7240332239944456,False,point_median
PRIOR_0000248,ITQSNIG,0.16023374,producible_prior,-2.390145,-1.5637995,-2.390145,True,False,False,-0.769888015,2.5503787498840333,1.7240332239944456,False,point_median
PRIOR_0000249,GGRRREV,2.031598,producible_prior,-0.5187807,0.30756485,-0.5187807,True,True,True,-0.769888015,2.5503787498840333,1.7240332239944456,False,point_median
PRIOR_0000250,NKFFRAD,-0.5924001,producible_prior,-3.1427789,-2.3164334,-3.1427789,True,False,False,-0.769888015,2.5503787498840333,1.7240332239944456,False,point_median
PRIOR_0000251,RLGQQYK,0.015754938,producible_prior,-2.5346239,-1.7082783,-2.5346239,True,False,False,-0.769888015,2.5503787498840333,1.7240332239944456,False,point_median
PRIOR_0000252,TKKFKEN,1.1808891,producible_prior,-1.3694897,-0.5431441,-1.3694897,True,True,False,-0.769888015,2.5503787498840333,1.7240332239944456,False,point_median
PRIOR_0000253,WLHNMKE,-0.24023247,producible_prior,-2.7906113,-1.9642657,-2.7906113,True,False,False,-0.769888015,2.5503787498840333,1.7240332239944456,False,point_median
PRIOR_0000254,SKHTHQE,1.2307179,producible_prior,-1.3196609,-0.49331534,-1.3196609,True,True,False,-0.769888015,2.5503787498840333,1.7240332239944456,False,point_median
PRIOR_0000255,TRGENAR,0.94191694,producible_prior,-1.6084619,-0.7821163,-1.6084619,True,False,False,-0.769888015,2.5503787498840333,1.7240332239944456,False,point_median
PRIOR_0000256,CRPVTVS,-0.31855667,producible_prior,-2.8689356,-2.04259,-2.8689356,True,False,False,-0.769888015,2.5503787498840333,1.7240332239944456,False,point_median
PRIOR_0000257,QPPVGLK,0.36051488,producible_prior,-2.189864,-1.3635184,-2.189864,True,False,False,-0.769888015,2.5503787498840333,1.7240332239944456,False,point_median
PRIOR_0000258,KMMDTHS,-0.7493588,producible_prior,-3.2997375,-2.473392,-3.2997375,True,False,False,-0.769888015,2.5503787498840333,1.7240332239944456,False,point_median
PRIOR_0000259,TKPNTAE,1.5629163,producible_prior,-0.9874625,-0.16111696,-0.9874625,True,True,False,-0.769888015,2.5503787498840333,1.7240332239944456,False,point_median
PRIOR_0000260,GQNLGHS,-0.105531454,producible_prior,-2.6559103,-1.8295647,-2.6559103,True,False,False,-0.769888015,2.5503787498840333,1.7240332239944456,False,point_median
PRIOR_0000261,EKPDNID,-0.5943513,producible_prior,-3.14473,-2.3183846,-3.14473,True,False,False,-0.769888015,2.5503787498840333,1.7240332239944456,False,point_median
PRIOR_0000262,PKTVPMS,0.1920371,producible_prior,-2.3583417,-1.5319961,-2.3583417,True,False,False,-0.769888015,2.5503787498840333,1.7240332239944456,False,point_median
PRIOR_0000263,KGKLYGD,0.08038139,producible_prior,-2.4699974,-1.6436518,-2.4699974,True,False,False,-0.769888015,2.5503787498840333,1.7240332239944456,False,point_median
PRIOR_0000264,NANKFPL,-0.4975357,producible_prior,-3.0479145,-2.221569,-3.0479145,True,False,False,-0.769888015,2.5503787498840333,1.7240332239944456,False,point_median
PRIOR_0000265,SQKDMQE,0.33062768,producible_prior,-2.2197511,-1.3934056,-2.2197511,True,False,False,-0.769888015,2.5503787498840333,1.7240332239944456,False,point_median
PRIOR_0000266,SDATKGS,0.5743661,producible_prior,-1.9760127,-1.1496671,-1.9760127,True,False,False,-0.769888015,2.5503787498840333,1.7240332239944456,False,point_median
PRIOR_0000267,QMPNREY,-0.5752059,producible_prior,-3.1255846,-2.2992392,-3.1255846,True,False,False,-0.769888015,2.5503787498840333,1.7240332239944456,False,point_median
PRIOR_0000268,ISEHPGR,-0.29538822,producible_prior,-2.845767,-2.0194216,-2.845767,True,False,False,-0.769888015,2.5503787498840333,1.7240332239944456,False,point_median
PRIOR_0000269,VIQHGKN,0.19378567,producible_prior,-2.3565931,-1.5302476,-2.3565931,True,False,False,-0.769888015,2.5503787498840333,1.7240332239944456,False,point_median
PRIOR_0000270,AFRAYKI,-0.5018394,producible_prior,-3.0522182,-2.2258725,-3.0522182,True,False,False,-0.769888015,2.5503787498840333,1.7240332239944456,False,point_median
PRIOR_0000271,REARDGR,0.38508368,producible_prior,-2.1652951,-1.3389496,-2.1652951,True,False,False,-0.769888015,2.5503787498840333,1.7240332239944456,False,point_median
PRIOR_0000272,VTATNHN,-0.7416389,producible_prior,-3.2920177,-2.465672,-3.2920177,True,False,False,-0.769888015,2.5503787498840333,1.7240332239944456,False,point_median
PRIOR_0000273,HPKGFMD,-0.14981914,producible_prior,-2.700198,-1.8738524,-2.700198,True,False,False,-0.769888015,2.5503787498840333,1.7240332239944456,False,point_median
PRIOR_0000274,SFPQVER,-0.5415648,producible_prior,-3.0919437,-2.265598,-3.0919437,True,False,False,-0.769888015,2.5503787498840333,1.7240332239944456,False,point_median
PRIOR_0000275,HRNDTVG,0.892946,producible_prior,-1.6574328,-0.83108723,-1.6574328,True,False,False,-0.769888015,2.5503787498840333,1.7240332239944456,False,point_median
PRIOR_0000276,RMATKVS,1.0642247,producible_prior,-1.4861541,-0.6598085,-1.4861541,True,True,False,-0.769888015,2.5503787498840333,1.7240332239944456,False,point_median
PRIOR_0000277,IKLNLHD,-0.6088513,producible_prior,-3.1592302,-2.3328846,-3.1592302,True,False,False,-0.769888015,2.5503787498840333,1.7240332239944456,False,point_median
PRIOR_0000278,NMGKYPG,0.18237782,producible_prior,-2.368001,-1.5416554,-2.368001,True,False,False,-0.769888015,2.5503787498840333,1.7240332239944456,False,point_median
PRIOR_0000279,CRRHWSG,-0.6872941,producible_prior,-3.2376728,-2.4113274,-3.2376728,True,False,False,-0.769888015,2.5503787498840333,1.7240332239944456,False,point_median
PRIOR_0000280,VRMIGRN,-0.492167,producible_prior,-3.0425458,-2.2162004,-3.0425458,True,False,False,-0.769888015,2.5503787498840333,1.7240332239944456,False,point_median
PRIOR_0000281,RKHKDPW,0.48774695,producible_prior,-2.0626318,-1.2362863,-2.0626318,True,False,False,-0.769888015,2.5503787498840333,1.7240332239944456,False,point_median
PRIOR_0000282,YQMPRVP,-0.4854145,producible_prior,-3.0357933,-2.2094479,-3.0357933,True,False,False,-0.769888015,2.5503787498840333,1.7240332239944456,False,point_median
PRIOR_0000283,HFERHES,-0.5268884,producible_prior,-3.0772672,-2.2509217,-3.0772672,True,False,False,-0.769888015,2.5503787498840333,1.7240332239944456,False,point_median
PRIOR_0000284,RYVRGSI,0.0068194866,producible_prior,-2.5435593,-1.7172137,-2.5435593,True,False,False,-0.769888015,2.5503787498840333,1.7240332239944456,False,point_median
PRIOR_0000285,IMFRSTS,-0.56734264,producible_prior,-3.1177216,-2.2913759,-3.1177216,True,False,False,-0.769888015,2.5503787498840333,1.7240332239944456,False,point_median
PRIOR_0000286,WPTGPRR,0.41140652,producible_prior,-2.1389723,-1.3126267,-2.1389723,True,False,False,-0.769888015,2.5503787498840333,1.7240332239944456,False,point_median
PRIOR_0000287,TQHKLLV,0.216681,producible_prior,-2.3336978,-1.5073522,-2.3336978,True,False,False,-0.769888015,2.5503787498840333,1.7240332239944456,False,point_median
PRIOR_0000288,SESAPGV,-0.24064398,producible_prior,-2.7910228,-1.9646772,-2.7910228,True,False,False,-0.769888015,2.5503787498840333,1.7240332239944456,False,point_median
PRIOR_0000289,CLNQSKI,-0.5597763,producible_prior,-3.110155,-2.2838097,-3.110155,True,False,False,-0.769888015,2.5503787498840333,1.7240332239944456,False,point_median
PRIOR_0000290,RKNSADT,1.2233653,producible_prior,-1.3270135,-0.5006679,-1.3270135,True,True,False,-0.769888015,2.5503787498840333,1.7240332239944456,False,point_median
PRIOR_0000291,QNDKQEG,0.9801941,producible_prior,-1.5701847,-0.74383914,-1.5701847,True,True,False,-0.769888015,2.5503787498840333,1.7240332239944456,False,point_median
PRIOR_0000292,QAEAVTH,-0.6933824,producible_prior,-3.243761,-2.4174156,-3.243761,True,False,False,-0.769888015,2.5503787498840333,1.7240332239944456,False,point_median
PRIOR_0000293,THAQRFI,-0.5692898,producible_prior,-3.1196685,-2.293323,-3.1196685,True,False,False,-0.769888015,2.5503787498840333,1.7240332239944456,False,point_median
PRIOR_0000294,MADHITG,-0.30256987,producible_prior,-2.8529487,-2.0266032,-2.8529487,True,False,False,-0.769888015,2.5503787498840333,1.7240332239944456,False,point_median
PRIOR_0000295,IMMHRGP,-0.24399471,producible_prior,-2.7943735,-1.968028,-2.7943735,True,False,False,-0.769888015,2.5503787498840333,1.7240332239944456,False,point_median
PRIOR_0000296,IPGTGST,0.39490414,producible_prior,-2.1554747,-1.3291291,-2.1554747,True,False,False,-0.769888015,2.5503787498840333,1.7240332239944456,False,point_median
PRIOR_0000297,SGRIKER,1.2692299,producible_prior,-1.2811489,-0.45480335,-1.2811489,True,True,False,-0.769888015,2.5503787498840333,1.7240332239944456,False,point_median
PRIOR_0000298,MVRNYEE,-0.65214396,producible_prior,-3.2025228,-2.3761773,-3.2025228,True,False,False,-0.769888015,2.5503787498840333,1.7240332239944456,False,point_median
PRIOR_0000299,HPGPILE,-0.45349288,producible_prior,-3.0038717,-2.177526,-3.0038717,True,False,False,-0.769888015,2.5503787498840333,1.7240332239944456,False,point_median
PRIOR_0000300,YESSGES,-0.21906972,producible_prior,-2.7694485,-1.943103,-2.7694485,True,False,False,-0.769888015,2.5503787498840333,1.7240332239944456,False,point_median
PRIOR_0000301,SKKHRNM,2.2508993,producible_prior,-0.29947948,0.5268661,-0.29947948,True,True,True,-0.769888015,2.5503787498840333,1.7240332239944456,False,point_median
PRIOR_0000302,RKNIHRW,0.19726062,producible_prior,-2.3531182,-1.5267726,-2.3531182,True,False,False,-0.769888015,2.5503787498840333,1.7240332239944456,False,point_median
PRIOR_0000303,AHSSSVE,0.12413502,producible_prior,-2.4262438,-1.5998982,-2.4262438,True,False,False,-0.769888015,2.5503787498840333,1.7240332239944456,False,point_median
PRIOR_0000304,VINAKFT,-0.702168,producible_prior,-3.2525468,-2.4262013,-3.2525468,True,False,False,-0.769888015,2.5503787498840333,1.7240332239944456,False,point_median
PRIOR_0000305,VSGDLRE,-0.18833804,producible_prior,-2.7387168,-1.9123713,-2.7387168,True,False,False,-0.769888015,2.5503787498840333,1.7240332239944456,False,point_median
PRIOR_0000306,VVYVKRN,-0.6740103,producible_prior,-3.224389,-2.3980436,-3.224389,True,False,False,-0.769888015,2.5503787498840333,1.7240332239944456,False,point_median
PRIOR_0000307,IFARMRM,-0.22327542,producible_prior,-2.7736542,-1.9473087,-2.7736542,True,False,False,-0.769888015,2.5503787498840333,1.7240332239944456,False,point_median
PRIOR_0000308,GAHNEVM,-0.4283352,producible_prior,-2.978714,-2.1523685,-2.978714,True,False,False,-0.769888015,2.5503787498840333,1.7240332239944456,False,point_median
PRIOR_0000309,NTRLTHL,-0.44219112,producible_prior,-2.99257,-2.1662245,-2.99257,True,False,False,-0.769888015,2.5503787498840333,1.7240332239944456,False,point_median
PRIOR_0000310,TKYHTFS,-0.62665844,producible_prior,-3.1770372,-2.3506918,-3.1770372,True,False,False,-0.769888015,2.5503787498840333,1.7240332239944456,False,point_median
PRIOR_0000311,KHQVNQH,0.5600996,producible_prior,-1.9902792,-1.1639336,-1.9902792,True,False,False,-0.769888015,2.5503787498840333,1.7240332239944456,False,point_median
PRIOR_0000312,GYRVNMA,-0.09438181,producible_prior,-2.6447606,-1.818415,-2.6447606,True,False,False,-0.769888015,2.5503787498840333,1.7240332239944456,False,point_median
PRIOR_0000313,ERHRRGA,1.7942748,producible_prior,-0.756104,0.07024157,-0.756104,True,True,True,-0.769888015,2.5503787498840333,1.7240332239944456,False,point_median
PRIOR_0000314,SRHDKTN,0.70914316,producible_prior,-1.8412356,-1.0148901,-1.8412356,True,False,False,-0.769888015,2.5503787498840333,1.7240332239944456,False,point_median
PRIOR_0000315,TPNNGGF,0.19783354,producible_prior,-2.3525453,-1.5261997,-2.3525453,True,False,False,-0.769888015,2.5503787498840333,1.7240332239944456,False,point_median
PRIOR_0000316,HPAEIKR,0.1882987,producible_prior,-2.36208,-1.5357345,-2.36208,True,False,False,-0.769888015,2.5503787498840333,1.7240332239944456,False,point_median
PRIOR_0000317,QMNNAMD,-0.5338578,producible_prior,-3.0842366,-2.2578912,-3.0842366,True,False,False,-0.769888015,2.5503787498840333,1.7240332239944456,False,point_median
PRIOR_0000318,INDSKNK,0.88416505,producible_prior,-1.6662138,-0.8398682,-1.6662138,True,False,False,-0.769888015,2.5503787498840333,1.7240332239944456,False,point_median
PRIOR_0000319,RGHLNNQ,-0.44687462,producible_prior,-2.9972534,-2.170908,-2.9972534,True,False,False,-0.769888015,2.5503787498840333,1.7240332239944456,False,point_median
PRIOR_0000320,NATSPSQ,-0.6634439,producible_prior,-3.2138228,-2.3874772,-3.2138228,True,False,False,-0.769888015,2.5503787498840333,1.7240332239944456,False,point_median
PRIOR_0000321,ISAADAE,-0.5771049,producible_prior,-3.1274838,-2.3011382,-3.1274838,True,False,False,-0.769888015,2.5503787498840333,1.7240332239944456,False,point_median
PRIOR_0000322,WPPPSEI,-0.7035476,producible_prior,-3.2539263,-2.4275808,-3.2539263,True,False,False,-0.769888015,2.5503787498840333,1.7240332239944456,False,point_median
PRIOR_0000323,GRPSNPP,1.3424103,producible_prior,-1.2079685,-0.3816229,-1.2079685,True,True,False,-0.769888015,2.5503787498840333,1.7240332239944456,False,point_median
PRIOR_0000324,QRNFKSW,-0.57168174,producible_prior,-3.1220605,-2.2957149,-3.1220605,True,False,False,-0.769888015,2.5503787498840333,1.7240332239944456,False,point_median
PRIOR_0000325,EFSNTTK,-0.5476228,producible_prior,-3.0980015,-2.271656,-3.0980015,True,False,False,-0.769888015,2.5503787498840333,1.7240332239944456,False,point_median
PRIOR_0000326,DQKPAAP,0.559865,producible_prior,-1.9905138,-1.1641682,-1.9905138,True,False,False,-0.769888015,2.5503787498840333,1.7240332239944456,False,point_median
PRIOR_0000327,TYRKMDP,0.41663456,producible_prior,-2.1337442,-1.3073987,-2.1337442,True,False,False,-0.769888015,2.5503787498840333,1.7240332239944456,False,point_median
PRIOR_0000328,FARSKNV,1.3466716,producible_prior,-1.2037072,-0.37736166,-1.2037072,True,True,False,-0.769888015,2.5503787498840333,1.7240332239944456,False,point_median
PRIOR_0000329,RGKGFIP,0.860857,producible_prior,-1.6895218,-0.8631762,-1.6895218,True,False,False,-0.769888015,2.5503787498840333,1.7240332239944456,False,point_median
PRIOR_0000330,NGAHKQQ,0.43512583,producible_prior,-2.115253,-1.2889074,-2.115253,True,False,False,-0.769888015,2.5503787498840333,1.7240332239944456,False,point_median
PRIOR_0000331,THKTHEP,1.1192455,producible_prior,-1.4311333,-0.6047877,-1.4311333,True,True,False,-0.769888015,2.5503787498840333,1.7240332239944456,False,point_median
PRIOR_0000332,IQKQRCV,-0.13320279,producible_prior,-2.6835816,-1.857236,-2.6835816,True,False,False,-0.769888015,2.5503787498840333,1.7240332239944456,False,point_median
PRIOR_0000333,IFSIKRF,-0.4710902,producible_prior,-3.021469,-2.1951234,-3.021469,True,False,False,-0.769888015,2.5503787498840333,1.7240332239944456,False,point_median
PRIOR_0000334,QDQGTVA,0.16485476,producible_prior,-2.385524,-1.5591785,-2.385524,True,False,False,-0.769888015,2.5503787498840333,1.7240332239944456,False,point_median
PRIOR_0000335,VLKVRRQ,0.6259105,producible_prior,-1.9244683,-1.0981227,-1.9244683,True,False,False,-0.769888015,2.5503787498840333,1.7240332239944456,False,point_median
PRIOR_0000336,FRRDDTA,0.37168503,producible_prior,-2.1786938,-1.3523482,-2.1786938,True,False,False,-0.769888015,2.5503787498840333,1.7240332239944456,False,point_median
PRIOR_0000337,NKTTRRA,2.3526912,producible_prior,-0.19768763,0.62865794,-0.19768763,True,True,True,-0.769888015,2.5503787498840333,1.7240332239944456,False,point_median
PRIOR_0000338,LAGRVDS,0.4249344,producible_prior,-2.1254444,-1.2990988,-2.1254444,True,False,False,-0.769888015,2.5503787498840333,1.7240332239944456,False,point_median
PRIOR_0000339,KSPWVRE,-0.45996547,producible_prior,-3.0103443,-2.1839986,-3.0103443,True,False,False,-0.769888015,2.5503787498840333,1.7240332239944456,False,point_median
PRIOR_0000340,VDPPNTS,-0.38392854,producible_prior,-2.9343073,-2.1079617,-2.9343073,True,False,False,-0.769888015,2.5503787498840333,1.7240332239944456,False,point_median
PRIOR_0000341,SLEKQRG,1.2181816,producible_prior,-1.3321972,-0.5058516,-1.3321972,True,True,False,-0.769888015,2.5503787498840333,1.7240332239944456,False,point_median
PRIOR_0000342,LNAKKCV,0.07117605,producible_prior,-2.4792027,-1.6528572,-2.4792027,True,False,False,-0.769888015,2.5503787498840333,1.7240332239944456,False,point_median
PRIOR_0000343,GILGPNK,-0.41477728,producible_prior,-2.965156,-2.1388106,-2.965156,True,False,False,-0.769888015,2.5503787498840333,1.7240332239944456,False,point_median
PRIOR_0000344,THMQHHE,-0.6905776,producible_prior,-3.2409563,-2.4146109,-3.2409563,True,False,False,-0.769888015,2.5503787498840333,1.7240332239944456,False,point_median
PRIOR_0000345,GVRKWHM,-0.47862864,producible_prior,-3.0290074,-2.202662,-3.0290074,True,False,False,-0.769888015,2.5503787498840333,1.7240332239944456,False,point_median
PRIOR_0000346,KLSENQK,0.6149039,producible_prior,-1.9354749,-1.1091293,-1.9354749,True,False,False,-0.769888015,2.5503787498840333,1.7240332239944456,False,point_median
PRIOR_0000347,QWGRMNR,-0.6600448,producible_prior,-3.2104235,-2.384078,-3.2104235,True,False,False,-0.769888015,2.5503787498840333,1.7240332239944456,False,point_median
PRIOR_0000348,HFKNNAE,0.61498857,producible_prior,-1.9353902,-1.1090447,-1.9353902,True,False,False,-0.769888015,2.5503787498840333,1.7240332239944456,False,point_median
PRIOR_0000349,NSRSVQE,0.79663277,producible_prior,-1.753746,-0.92740047,-1.753746,True,False,False,-0.769888015,2.5503787498840333,1.7240332239944456,False,point_median
PRIOR_0000350,TPRNACK,-0.0026650429,producible_prior,-2.5530438,-1.7266983,-2.5530438,True,False,False,-0.769888015,2.5503787498840333,1.7240332239944456,False,point_median
PRIOR_0000351,QPPEKAV,0.7354553,producible_prior,-1.8149235,-0.98857796,-1.8149235,True,False,False,-0.769888015,2.5503787498840333,1.7240332239944456,False,point_median
PRIOR_0000352,RIPMNRI,0.040043354,producible_prior,-2.5103354,-1.6839899,-2.5103354,True,False,False,-0.769888015,2.5503787498840333,1.7240332239944456,False,point_median
PRIOR_0000353,KHAHIGL,-0.0017695427,producible_prior,-2.5521483,-1.7258028,-2.5521483,True,False,False,-0.769888015,2.5503787498840333,1.7240332239944456,False,point_median
PRIOR_0000354,KEQPAPD,0.0064890385,producible_prior,-2.5438898,-1.7175442,-2.5438898,True,False,False,-0.769888015,2.5503787498840333,1.7240332239944456,False,point_median
PRIOR_0000355,FDGGTST,-0.40806317,producible_prior,-2.958442,-2.1320963,-2.958442,True,False,False,-0.769888015,2.5503787498840333,1.7240332239944456,False,point_median
PRIOR_0000356,YFNGSRE,0.41412735,producible_prior,-2.1362514,-1.3099059,-2.1362514,True,False,False,-0.769888015,2.5503787498840333,1.7240332239944456,False,point_median
PRIOR_0000357,FGPYQSA,-0.6455586,producible_prior,-3.1959374,-2.3695917,-3.1959374,True,False,False,-0.769888015,2.5503787498840333,1.7240332239944456,False,point_median
PRIOR_0000358,IYSDKDP,-0.5048386,producible_prior,-3.0552173,-2.2288718,-3.0552173,True,False,False,-0.769888015,2.5503787498840333,1.7240332239944456,False,point_median
PRIOR_0000359,LFRHFKS,-0.106664896,producible_prior,-2.6570437,-1.8306981,-2.6570437,True,False,False,-0.769888015,2.5503787498840333,1.7240332239944456,False,point_median
PRIOR_0000360,CYKTRLG,-0.38609052,producible_prior,-2.9364693,-2.1101236,-2.9364693,True,False,False,-0.769888015,2.5503787498840333,1.7240332239944456,False,point_median
PRIOR_0000361,LRCHAKA,-0.58209443,producible_prior,-3.1324732,-2.3061275,-3.1324732,True,False,False,-0.769888015,2.5503787498840333,1.7240332239944456,False,point_median
PRIOR_0000362,KRLAAMD,0.19230461,producible_prior,-2.3580742,-1.5317286,-2.3580742,True,False,False,-0.769888015,2.5503787498840333,1.7240332239944456,False,point_median
PRIOR_0000363,RVFAKTK,0.7421448,producible_prior,-1.808234,-0.9818884,-1.808234,True,False,False,-0.769888015,2.5503787498840333,1.7240332239944456,False,point_median
PRIOR_0000364,ADKNEKK,1.0753384,producible_prior,-1.4750404,-0.6486949,-1.4750404,True,True,False,-0.769888015,2.5503787498840333,1.7240332239944456,False,point_median
PRIOR_0000365,RMLERRA,0.33943796,producible_prior,-2.2109408,-1.3845953,-2.2109408,True,False,False,-0.769888015,2.5503787498840333,1.7240332239944456,False,point_median
PRIOR_0000366,VFPNRSG,0.72936535,producible_prior,-1.8210135,-0.9946679,-1.8210135,True,False,False,-0.769888015,2.5503787498840333,1.7240332239944456,False,point_median
PRIOR_0000367,MTNKEAQ,-0.35314584,producible_prior,-2.9035246,-2.077179,-2.9035246,True,False,False,-0.769888015,2.5503787498840333,1.7240332239944456,False,point_median
PRIOR_0000368,HMATTRP,0.47758222,producible_prior,-2.0727966,-1.246451,-2.0727966,True,False,False,-0.769888015,2.5503787498840333,1.7240332239944456,False,point_median
PRIOR_0000369,ASIGSHS,-0.39146757,producible_prior,-2.9418464,-2.115501,-2.9418464,True,False,False,-0.769888015,2.5503787498840333,1.7240332239944456,False,point_median
PRIOR_0000370,IPGDIHS,-0.43280172,producible_prior,-2.9831805,-2.156835,-2.9831805,True,False,False,-0.769888015,2.5503787498840333,1.7240332239944456,False,point_median
PRIOR_0000371,SIGNTKY,0.13881803,producible_prior,-2.4115608,-1.5852152,-2.4115608,True,False,False,-0.769888015,2.5503787498840333,1.7240332239944456,False,point_median
PRIOR_0000372,FHPMLKP,-0.3959055,producible_prior,-2.9462843,-2.1199389,-2.9462843,True,False,False,-0.769888015,2.5503787498840333,1.7240332239944456,False,point_median
PRIOR_0000373,KRAGTAP,2.1299105,producible_prior,-0.42046833,0.40587723,-0.42046833,True,True,True,-0.769888015,2.5503787498840333,1.7240332239944456,False,point_median
PRIOR_0000374,RSGPRQF,0.7153034,producible_prior,-1.8350754,-1.0087298,-1.8350754,True,False,False,-0.769888015,2.5503787498840333,1.7240332239944456,False,point_median
PRIOR_0000375,TGMRVHD,-0.19268322,producible_prior,-2.743062,-1.9167165,-2.743062,True,False,False,-0.769888015,2.5503787498840333,1.7240332239944456,False,point_median
PRIOR_0000376,IPVFKAI,-0.74077964,producible_prior,-3.2911584,-2.4648128,-3.2911584,True,False,False,-0.769888015,2.5503787498840333,1.7240332239944456,False,point_median
PRIOR_0000377,PGGTNSI,0.12646317,producible_prior,-2.4239156,-1.5975701,-2.4239156,True,False,False,-0.769888015,2.5503787498840333,1.7240332239944456,False,point_median
PRIOR_0000378,KTDITHV,-0.340276,producible_prior,-2.8906548,-2.0643091,-2.8906548,True,False,False,-0.769888015,2.5503787498840333,1.7240332239944456,False,point_median
PRIOR_0000379,SFPVTNH,-0.60075617,producible_prior,-3.151135,-2.3247895,-3.151135,True,False,False,-0.769888015,2.5503787498840333,1.7240332239944456,False,point_median
PRIOR_0000380,YNVGINV,-0.69339347,producible_prior,-3.2437723,-2.4174266,-3.2437723,True,False,False,-0.769888015,2.5503787498840333,1.7240332239944456,False,point_median
PRIOR_0000381,SLHEKNN,-0.30103981,producible_prior,-2.8514185,-2.025073,-2.8514185,True,False,False,-0.769888015,2.5503787498840333,1.7240332239944456,False,point_median
PRIOR_0000382,VADMLKS,-0.75338674,producible_prior,-3.3037655,-2.4774199,-3.3037655,True,False,False,-0.769888015,2.5503787498840333,1.7240332239944456,False,point_median
PRIOR_0000383,MMNNRGA,0.75478005,producible_prior,-1.7955987,-0.9692532,-1.7955987,True,False,False,-0.769888015,2.5503787498840333,1.7240332239944456,False,point_median
PRIOR_0000384,IHDNRSV,0.14895773,producible_prior,-2.401421,-1.5750755,-2.401421,True,False,False,-0.769888015,2.5503787498840333,1.7240332239944456,False,point_median
PRIOR_0000385,VHEKTVY,-0.6090728,producible_prior,-3.1594515,-2.333106,-3.1594515,True,False,False,-0.769888015,2.5503787498840333,1.7240332239944456,False,point_median
PRIOR_0000386,KYIVQAP,-0.74150205,producible_prior,-3.2918808,-2.4655352,-3.2918808,True,False,False,-0.769888015,2.5503787498840333,1.7240332239944456,False,point_median
PRIOR_0000387,HRNFYSK,-0.7323506,producible_prior,-3.2827294,-2.4563837,-3.2827294,True,False,False,-0.769888015,2.5503787498840333,1.7240332239944456,False,point_median
PRIOR_0000388,HLVKPAG,0.5955248,producible_prior,-1.954854,-1.1285084,-1.954854,True,False,False,-0.769888015,2.5503787498840333,1.7240332239944456,False,point_median
PRIOR_0000389,ASKHHKR,1.7045369,producible_prior,-0.8458419,-0.019496322,-0.8458419,True,True,False,-0.769888015,2.5503787498840333,1.7240332239944456,False,point_median
PRIOR_0000390,DNRSSEY,-0.5844954,producible_prior,-3.1348743,-2.3085287,-3.1348743,True,False,False,-0.769888015,2.5503787498840333,1.7240332239944456,False,point_median
PRIOR_0000391,RENEAET,-0.5649686,producible_prior,-3.1153474,-2.289002,-3.1153474,True,False,False,-0.769888015,2.5503787498840333,1.7240332239944456,False,point_median
PRIOR_0000392,EWKSHGG,-0.43476415,producible_prior,-2.985143,-2.1587973,-2.985143,True,False,False,-0.769888015,2.5503787498840333,1.7240332239944456,False,point_median
PRIOR_0000393,PSARKIW,-0.7664275,producible_prior,-3.3168063,-2.4904609,-3.3168063,True,False,False,-0.769888015,2.5503787498840333,1.7240332239944456,False,point_median
PRIOR_0000394,KHGHRGP,1.9527369,producible_prior,-0.59764194,0.22870362,-0.59764194,True,True,True,-0.769888015,2.5503787498840333,1.7240332239944456,False,point_median
PRIOR_0000395,QSAKASI,0.7483957,producible_prior,-1.8019831,-0.97563756,-1.8019831,True,False,False,-0.769888015,2.5503787498840333,1.7240332239944456,False,point_median
PRIOR_0000396,KTMQHMS,-0.39592576,producible_prior,-2.9463046,-2.1199589,-2.9463046,True,False,False,-0.769888015,2.5503787498840333,1.7240332239944456,False,point_median
PRIOR_0000397,PWRARLA,-0.4495623,producible_prior,-2.999941,-2.1735954,-2.999941,True,False,False,-0.769888015,2.5503787498840333,1.7240332239944456,False,point_median
PRIOR_0000398,SDHPAQK,0.051551342,producible_prior,-2.4988275,-1.6724819,-2.4988275,True,False,False,-0.769888015,2.5503787498840333,1.7240332239944456,False,point_median
PRIOR_0000399,VYGKNNG,0.84032154,producible_prior,-1.7100573,-0.8837117,-1.7100573,True,False,False,-0.769888015,2.5503787498840333,1.7240332239944456,False,point_median
PRIOR_0000400,YRGWVKE,-0.20231152,producible_prior,-2.7526903,-1.9263448,-2.7526903,True,False,False,-0.769888015,2.5503787498840333,1.7240332239944456,False,point_median
PRIOR_0000401,IWKGQKS,0.81634545,producible_prior,-1.7340333,-0.9076878,-1.7340333,True,False,False,-0.769888015,2.5503787498840333,1.7240332239944456,False,point_median
PRIOR_0000402,MVNAKMV,0.3870325,producible_prior,-2.1633463,-1.3370007,-2.1633463,True,False,False,-0.769888015,2.5503787498840333,1.7240332239944456,False,point_median
PRIOR_0000403,TYEKSVA,0.05179715,producible_prior,-2.4985816,-1.6722361,-2.4985816,True,False,False,-0.769888015,2.5503787498840333,1.7240332239944456,False,point_median
PRIOR_0000404,ISRIDHE,-0.5743872,producible_prior,-3.1247659,-2.2984204,-3.1247659,True,False,False,-0.769888015,2.5503787498840333,1.7240332239944456,False,point_median
PRIOR_0000405,VCRPSNG,-0.72733545,producible_prior,-3.2777143,-2.4513688,-3.2777143,True,False,False,-0.769888015,2.5503787498840333,1.7240332239944456,False,point_median
PRIOR_0000406,HMQTQSA,0.16491461,producible_prior,-2.3854642,-1.5591186,-2.3854642,True,False,False,-0.769888015,2.5503787498840333,1.7240332239944456,False,point_median
PRIOR_0000407,MQNMKQS,0.38684988,producible_prior,-2.163529,-1.3371834,-2.163529,True,False,False,-0.769888015,2.5503787498840333,1.7240332239944456,False,point_median
PRIOR_0000408,RNGGGCT,-0.2558565,producible_prior,-2.8062353,-1.9798898,-2.8062353,True,False,False,-0.769888015,2.5503787498840333,1.7240332239944456,False,point_median
PRIOR_0000409,AHHTSDM,-0.4871248,producible_prior,-3.0375037,-2.211158,-3.0375037,True,False,False,-0.769888015,2.5503787498840333,1.7240332239944456,False,point_median
PRIOR_0000410,SRPQTFT,-0.27965117,producible_prior,-2.83003,-2.0036845,-2.83003,True,False,False,-0.769888015,2.5503787498840333,1.7240332239944456,False,point_median
PRIOR_0000411,VMRHGKE,1.4034805,producible_prior,-1.1468983,-0.3205527,-1.1468983,True,True,False,-0.769888015,2.5503787498840333,1.7240332239944456,False,point_median
PRIOR_0000412,RPVNPKC,-0.6575651,producible_prior,-3.207944,-2.3815985,-3.207944,True,False,False,-0.769888015,2.5503787498840333,1.7240332239944456,False,point_median
PRIOR_0000413,ALPYKSK,-0.17302322,producible_prior,-2.723402,-1.8970565,-2.723402,True,False,False,-0.769888015,2.5503787498840333,1.7240332239944456,False,point_median
PRIOR_0000414,RTHSNVN,0.14048576,producible_prior,-2.409893,-1.5835475,-2.409893,True,False,False,-0.769888015,2.5503787498840333,1.7240332239944456,False,point_median
PRIOR_0000415,YSHVIHP,-0.5114229,producible_prior,-3.0618017,-2.235456,-3.0618017,True,False,False,-0.769888015,2.5503787498840333,1.7240332239944456,False,point_median
PRIOR_0000416,SHAIGRS,0.36103272,producible_prior,-2.189346,-1.3630005,-2.189346,True,False,False,-0.769888015,2.5503787498840333,1.7240332239944456,False,point_median
PRIOR_0000417,SILLKSK,-0.56241953,producible_prior,-3.1127982,-2.2864528,-3.1127982,True,False,False,-0.769888015,2.5503787498840333,1.7240332239944456,False,point_median
PRIOR_0000418,FTNAPAT,-0.5511416,producible_prior,-3.1015205,-2.2751749,-3.1015205,True,False,False,-0.769888015,2.5503787498840333,1.7240332239944456,False,point_median
PRIOR_0000419,RFNHTYK,-0.29578424,producible_prior,-2.846163,-2.0198174,-2.846163,True,False,False,-0.769888015,2.5503787498840333,1.7240332239944456,False,point_median
PRIOR_0000420,KLMIETG,-0.7483463,producible_prior,-3.2987251,-2.4723797,-3.2987251,True,False,False,-0.769888015,2.5503787498840333,1.7240332239944456,False,point_median
PRIOR_0000421,WHKMHAS,-0.36845374,producible_prior,-2.9188325,-2.0924869,-2.9188325,True,False,False,-0.769888015,2.5503787498840333,1.7240332239944456,False,point_median
PRIOR_0000422,NTQSTAH,0.082216024,producible_prior,-2.4681628,-1.6418172,-2.4681628,True,False,False,-0.769888015,2.5503787498840333,1.7240332239944456,False,point_median
PRIOR_0000423,SNGEITK,-0.09048176,producible_prior,-2.6408606,-1.814515,-2.6408606,True,False,False,-0.769888015,2.5503787498840333,1.7240332239944456,False,point_median
PRIOR_0000424,GYKFNHR,-0.6126349,producible_prior,-3.1630137,-2.336668,-3.1630137,True,False,False,-0.769888015,2.5503787498840333,1.7240332239944456,False,point_median
PRIOR_0000425,VSVRSTL,-0.27883697,producible_prior,-2.8292158,-2.00287,-2.8292158,True,False,False,-0.769888015,2.5503787498840333,1.7240332239944456,False,point_median
PRIOR_0000426,GRSELGV,0.13637447,producible_prior,-2.4140043,-1.5876588,-2.4140043,True,False,False,-0.769888015,2.5503787498840333,1.7240332239944456,False,point_median
PRIOR_0000427,GTTVNIG,0.035004616,producible_prior,-2.5153742,-1.6890286,-2.5153742,True,False,False,-0.769888015,2.5503787498840333,1.7240332239944456,False,point_median
PRIOR_0000428,VHHVMRL,-0.42931294,producible_prior,-2.9796917,-2.153346,-2.9796917,True,False,False,-0.769888015,2.5503787498840333,1.7240332239944456,False,point_median
PRIOR_0000429,IFHQNIA,-0.5050216,producible_prior,-3.0554004,-2.229055,-3.0554004,True,False,False,-0.769888015,2.5503787498840333,1.7240332239944456,False,point_median
PRIOR_0000430,RLDARQH,0.457047,producible_prior,-2.0933318,-1.2669863,-2.0933318,True,False,False,-0.769888015,2.5503787498840333,1.7240332239944456,False,point_median
PRIOR_0000431,KLPEVSP,0.2224679,producible_prior,-2.327911,-1.5015653,-2.327911,True,False,False,-0.769888015,2.5503787498840333,1.7240332239944456,False,point_median
PRIOR_0000432,PQKVMHH,-0.16336942,producible_prior,-2.7137482,-1.8874027,-2.7137482,True,False,False,-0.769888015,2.5503787498840333,1.7240332239944456,False,point_median
PRIOR_0000433,YATVTRI,0.060075283,producible_prior,-2.4903035,-1.663958,-2.4903035,True,False,False,-0.769888015,2.5503787498840333,1.7240332239944456,False,point_median
PRIOR_0000434,GENSAIV,-0.5104524,producible_prior,-3.060831,-2.2344856,-3.060831,True,False,False,-0.769888015,2.5503787498840333,1.7240332239944456,False,point_median
PRIOR_0000435,MYKPENR,-0.3570348,producible_prior,-2.9074135,-2.081068,-2.9074135,True,False,False,-0.769888015,2.5503787498840333,1.7240332239944456,False,point_median
PRIOR_0000436,TMKWEKE,-0.4820969,producible_prior,-3.0324757,-2.20613,-3.0324757,True,False,False,-0.769888015,2.5503787498840333,1.7240332239944456,False,point_median
PRIOR_0000437,GRQERQC,-0.682158,producible_prior,-3.2325368,-2.4061913,-3.2325368,True,False,False,-0.769888015,2.5503787498840333,1.7240332239944456,False,point_median
PRIOR_0000438,LNSRRTW,-0.1567049,producible_prior,-2.7070837,-1.8807381,-2.7070837,True,False,False,-0.769888015,2.5503787498840333,1.7240332239944456,False,point_median
PRIOR_0000439,VVPPNRL,-0.07944465,producible_prior,-2.6298234,-1.8034779,-2.6298234,True,False,False,-0.769888015,2.5503787498840333,1.7240332239944456,False,point_median
PRIOR_0000440,LLSNGPI,-0.24605513,producible_prior,-2.796434,-1.9700884,-2.796434,True,False,False,-0.769888015,2.5503787498840333,1.7240332239944456,False,point_median
PRIOR_0000441,HKPSKCK,0.83148336,producible_prior,-1.7188954,-0.8925499,-1.7188954,True,False,False,-0.769888015,2.5503787498840333,1.7240332239944456,False,point_median
PRIOR_0000442,HKRTYRG,1.6012747,producible_prior,-0.9491041,-0.12275851,-0.9491041,True,True,False,-0.769888015,2.5503787498840333,1.7240332239944456,False,point_median
PRIOR_0000443,RKQRFRN,1.0575876,producible_prior,-1.4927912,-0.6664456,-1.4927912,True,True,False,-0.769888015,2.5503787498840333,1.7240332239944456,False,point_median
PRIOR_0000444,HRGVITY,-0.40349817,producible_prior,-2.953877,-2.1275315,-2.953877,True,False,False,-0.769888015,2.5503787498840333,1.7240332239944456,False,point_median
PRIOR_0000445,PIDTKNM,-0.47814405,producible_prior,-3.028523,-2.2021773,-3.028523,True,False,False,-0.769888015,2.5503787498840333,1.7240332239944456,False,point_median
PRIOR_0000446,HDTQADA,-0.46190917,producible_prior,-3.012288,-2.1859424,-3.012288,True,False,False,-0.769888015,2.5503787498840333,1.7240332239944456,False,point_median
PRIOR_0000447,RRPISHP,1.2844911,producible_prior,-1.2658877,-0.43954217,-1.2658877,True,True,False,-0.769888015,2.5503787498840333,1.7240332239944456,False,point_median
PRIOR_0000448,KFSTQES,0.3101542,producible_prior,-2.2402246,-1.413879,-2.2402246,True,False,False,-0.769888015,2.5503787498840333,1.7240332239944456,False,point_median
PRIOR_0000449,WFPERKR,-0.07737398,producible_prior,-2.6277528,-1.8014072,-2.6277528,True,False,False,-0.769888015,2.5503787498840333,1.7240332239944456,False,point_median
PRIOR_0000450,RKVGRHS,2.0330567,producible_prior,-0.51732206,0.3090235,-0.51732206,True,True,True,-0.769888015,2.5503787498840333,1.7240332239944456,False,point_median
PRIOR_0000451,IAIIKGG,0.16498661,producible_prior,-2.3853922,-1.5590466,-2.3853922,True,False,False,-0.769888015,2.5503787498840333,1.7240332239944456,False,point_median
PRIOR_0000452,QPVGNPG,0.57750463,producible_prior,-1.9728742,-1.1465286,-1.9728742,True,False,False,-0.769888015,2.5503787498840333,1.7240332239944456,False,point_median
PRIOR_0000453,AHRWNTA,-0.6680169,producible_prior,-3.2183957,-2.3920503,-3.2183957,True,False,False,-0.769888015,2.5503787498840333,1.7240332239944456,False,point_median
PRIOR_0000454,KRHHGTV,1.8599992,producible_prior,-0.6903796,0.13596594,-0.6903796,True,True,True,-0.769888015,2.5503787498840333,1.7240332239944456,False,point_median
PRIOR_0000455,GHAQMKP,0.7707634,producible_prior,-1.7796154,-0.95326984,-1.7796154,True,False,False,-0.769888015,2.5503787498840333,1.7240332239944456,False,point_median
PRIOR_0000456,NVAHTAE,0.15015554,producible_prior,-2.4002233,-1.5738777,-2.4002233,True,False,False,-0.769888015,2.5503787498840333,1.7240332239944456,False,point_median
PRIOR_0000457,DNITKIG,-0.36957467,producible_prior,-2.9199533,-2.093608,-2.9199533,True,False,False,-0.769888015,2.5503787498840333,1.7240332239944456,False,point_median
PRIOR_0000458,IAERTAA,0.6381855,producible_prior,-1.9121933,-1.0858477,-1.9121933,True,False,False,-0.769888015,2.5503787498840333,1.7240332239944456,False,point_median
PRIOR_0000459,KFKKCNH,-0.6078776,producible_prior,-3.1582565,-2.3319108,-3.1582565,True,False,False,-0.769888015,2.5503787498840333,1.7240332239944456,False,point_median
PRIOR_0000460,RRRPENM,1.2950127,producible_prior,-1.2553661,-0.42902052,-1.2553661,True,True,False,-0.769888015,2.5503787498840333,1.7240332239944456,False,point_median
PRIOR_0000461,IINLRIK,-0.4742434,producible_prior,-3.0246222,-2.1982765,-3.0246222,True,False,False,-0.769888015,2.5503787498840333,1.7240332239944456,False,point_median
PRIOR_0000462,TGHGKVQ,0.6970229,producible_prior,-1.8533559,-1.0270103,-1.8533559,True,False,False,-0.769888015,2.5503787498840333,1.7240332239944456,False,point_median
PRIOR_0000463,QWAKSIG,-0.25975537,producible_prior,-2.8101342,-1.9837886,-2.8101342,True,False,False,-0.769888015,2.5503787498840333,1.7240332239944456,False,point_median
PRIOR_0000464,NEEVKSK,0.15479898,producible_prior,-2.3955798,-1.5692343,-2.3955798,True,False,False,-0.769888015,2.5503787498840333,1.7240332239944456,False,point_median
PRIOR_0000465,RTKNRSR,2.373362,producible_prior,-0.17701674,0.6493288,-0.17701674,True,True,True,-0.769888015,2.5503787498840333,1.7240332239944456,False,point_median
PRIOR_0000466,QHPEERN,-0.7483604,producible_prior,-3.2987392,-2.4723935,-3.2987392,True,False,False,-0.769888015,2.5503787498840333,1.7240332239944456,False,point_median
PRIOR_0000467,YSHTPKN,0.056408167,producible_prior,-2.4939706,-1.6676251,-2.4939706,True,False,False,-0.769888015,2.5503787498840333,1.7240332239944456,False,point_median
PRIOR_0000468,KRSQARV,2.123917,producible_prior,-0.4264617,0.39988387,-0.4264617,True,True,True,-0.769888015,2.5503787498840333,1.7240332239944456,False,point_median
PRIOR_0000469,VMRKYYG,-0.53149843,producible_prior,-3.0818772,-2.2555318,-3.0818772,True,False,False,-0.769888015,2.5503787498840333,1.7240332239944456,False,point_median
PRIOR_0000470,ADKGGVP,0.8985779,producible_prior,-1.6518009,-0.8254553,-1.6518009,True,False,False,-0.769888015,2.5503787498840333,1.7240332239944456,False,point_median
PRIOR_0000471,LVTQSDP,-0.23225856,producible_prior,-2.7826374,-1.9562918,-2.7826374,True,False,False,-0.769888015,2.5503787498840333,1.7240332239944456,False,point_median
PRIOR_0000472,VRQAKRE,2.1437063,producible_prior,-0.40667248,0.4196731,-0.40667248,True,True,True,-0.769888015,2.5503787498840333,1.7240332239944456,False,point_median
PRIOR_0000473,YREAIQI,-0.45636916,producible_prior,-3.006748,-2.1804023,-3.006748,True,False,False,-0.769888015,2.5503787498840333,1.7240332239944456,False,point_median
PRIOR_0000474,HLQGQHE,0.14451289,producible_prior,-2.405866,-1.5795203,-2.405866,True,False,False,-0.769888015,2.5503787498840333,1.7240332239944456,False,point_median
PRIOR_0000475,ELKSEVH,-0.67959774,producible_prior,-3.2299767,-2.403631,-3.2299767,True,False,False,-0.769888015,2.5503787498840333,1.7240332239944456,False,point_median
PRIOR_0000476,TQVHSRR,0.53659153,producible_prior,-2.0137873,-1.1874417,-2.0137873,True,False,False,-0.769888015,2.5503787498840333,1.7240332239944456,False,point_median
PRIOR_0000477,ELGNHKS,0.25382233,producible_prior,-2.2965565,-1.4702109,-2.2965565,True,False,False,-0.769888015,2.5503787498840333,1.7240332239944456,False,point_median
PRIOR_0000478,HDGSFKE,-0.4350345,producible_prior,-2.9854133,-2.1590676,-2.9854133,True,False,False,-0.769888015,2.5503787498840333,1.7240332239944456,False,point_median
PRIOR_0000479,IHTVTKQ,-0.18943596,producible_prior,-2.7398148,-1.9134692,-2.7398148,True,False,False,-0.769888015,2.5503787498840333,1.7240332239944456,False,point_median
PRIOR_0000480,SMKESSD,0.1908288,producible_prior,-2.35955,-1.5332044,-2.35955,True,False,False,-0.769888015,2.5503787498840333,1.7240332239944456,False,point_median
PRIOR_0000481,TNETDEK,-0.6102582,producible_prior,-3.160637,-2.3342915,-3.160637,True,False,False,-0.769888015,2.5503787498840333,1.7240332239944456,False,point_median
PRIOR_0000482,KSQEAQP,0.69109106,producible_prior,-1.8592877,-1.0329422,-1.8592877,True,False,False,-0.769888015,2.5503787498840333,1.7240332239944456,False,point_median
PRIOR_0000483,VQIRRYK,-0.44136488,producible_prior,-2.9917436,-2.1653981,-2.9917436,True,False,False,-0.769888015,2.5503787498840333,1.7240332239944456,False,point_median
PRIOR_0000484,ADEKHME,-0.6757649,producible_prior,-3.2261438,-2.3997982,-3.2261438,True,False,False,-0.769888015,2.5503787498840333,1.7240332239944456,False,point_median
PRIOR_0000485,RHLAVAK,0.047356844,producible_prior,-2.503022,-1.6766764,-2.503022,True,False,False,-0.769888015,2.5503787498840333,1.7240332239944456,False,point_median
PRIOR_0000486,PFHRPGN,-0.64627016,producible_prior,-3.196649,-2.3703034,-3.196649,True,False,False,-0.769888015,2.5503787498840333,1.7240332239944456,False,point_median
PRIOR_0000487,CKKQPVA,0.8770876,producible_prior,-1.6732912,-0.84694564,-1.6732912,True,False,False,-0.769888015,2.5503787498840333,1.7240332239944456,False,point_median
PRIOR_0000488,YSSEGTK,0.055532455,producible_prior,-2.4948463,-1.6685008,-2.4948463,True,False,False,-0.769888015,2.5503787498840333,1.7240332239944456,False,point_median
PRIOR_0000489,TLDQDQK,-0.66114616,producible_prior,-3.211525,-2.3851795,-3.211525,True,False,False,-0.769888015,2.5503787498840333,1.7240332239944456,False,point_median
PRIOR_0000490,DAYGKAP,-0.15183115,producible_prior,-2.70221,-1.8758644,-2.70221,True,False,False,-0.769888015,2.5503787498840333,1.7240332239944456,False,point_median
PRIOR_0000491,KMGRVER,0.9953823,producible_prior,-1.5549965,-0.7286509,-1.5549965,True,True,False,-0.769888015,2.5503787498840333,1.7240332239944456,False,point_median
PRIOR_0000492,AHSQPRA,0.80599976,producible_prior,-1.744379,-0.9180335,-1.744379,True,False,False,-0.769888015,2.5503787498840333,1.7240332239944456,False,point_median
PRIOR_0000493,GAKTRTT,1.3700526,producible_prior,-1.1803262,-0.35398066,-1.1803262,True,True,False,-0.769888015,2.5503787498840333,1.7240332239944456,False,point_median
PRIOR_0000494,GEKPATT,0.21172428,producible_prior,-2.3386545,-1.512309,-2.3386545,True,False,False,-0.769888015,2.5503787498840333,1.7240332239944456,False,point_median
PRIOR_0000495,LLARQMR,0.01341486,producible_prior,-2.536964,-1.7106184,-2.536964,True,False,False,-0.769888015,2.5503787498840333,1.7240332239944456,False,point_median
PRIOR_0000496,KQPKVRC,0.24157071,producible_prior,-2.308808,-1.4824625,-2.308808,True,False,False,-0.769888015,2.5503787498840333,1.7240332239944456,False,point_median
PRIOR_0000497,TRHTFHM,-0.43673325,producible_prior,-2.987112,-2.1607666,-2.987112,True,False,False,-0.769888015,2.5503787498840333,1.7240332239944456,False,point_median
PRIOR_0000498,RSQGMDE,0.35078073,producible_prior,-2.199598,-1.3732525,-2.199598,True,False,False,-0.769888015,2.5503787498840333,1.7240332239944456,False,point_median
PRIOR_0000499,GEERRPV,0.21055841,producible_prior,-2.3398204,-1.5134748,-2.3398204,True,False,False,-0.769888015,2.5503787498840333,1.7240332239944456,False,point_median
PRIOR_0000500,SDRHGAF,-0.214427,producible_prior,-2.7648058,-1.9384602,-2.7648058,True,False,False,-0.769888015,2.5503787498840333,1.7240332239944456,False,point_median
PRIOR_0000501,REIDRKP,0.47228718,producible_prior,-2.0780916,-1.251746,-2.0780916,True,False,False,-0.769888015,2.5503787498840333,1.7240332239944456,False,point_median
PRIOR_0000502,VTNVKPH,0.44239187,producible_prior,-2.107987,-1.2816414,-2.107987,True,False,False,-0.769888015,2.5503787498840333,1.7240332239944456,False,point_median
PRIOR_0000503,MLEHPRS,-0.23168397,producible_prior,-2.7820628,-1.9557172,-2.7820628,True,False,False,-0.769888015,2.5503787498840333,1.7240332239944456,False,point_median
PRIOR_0000504,HGNHEGY,-0.63682747,producible_prior,-3.1872063,-2.3608608,-3.1872063,True,False,False,-0.769888015,2.5503787498840333,1.7240332239944456,False,point_median
PRIOR_0000505,FGKEFKV,0.021620035,producible_prior,-2.5287588,-1.7024132,-2.5287588,True,False,False,-0.769888015,2.5503787498840333,1.7240332239944456,False,point_median
PRIOR_0000506,KTGCRRK,-0.7200122,producible_prior,-3.270391,-2.4440455,-3.270391,True,False,False,-0.769888015,2.5503787498840333,1.7240332239944456,False,point_median
PRIOR_0000507,FQSNGQI,0.0065181255,producible_prior,-2.5438607,-1.7175151,-2.5438607,True,False,False,-0.769888015,2.5503787498840333,1.7240332239944456,False,point_median
PRIOR_0000508,KNTPGSD,0.84420824,producible_prior,-1.7061706,-0.879825,-1.7061706,True,False,False,-0.769888015,2.5503787498840333,1.7240332239944456,False,point_median
PRIOR_0000509,RKKPESD,1.9484491,producible_prior,-0.60192966,0.2244159,-0.60192966,True,True,True,-0.769888015,2.5503787498840333,1.7240332239944456,False,point_median
PRIOR_0000510,MGAQRRC,-0.60730183,producible_prior,-3.1576805,-2.331335,-3.1576805,True,False,False,-0.769888015,2.5503787498840333,1.7240332239944456,False,point_median
PRIOR_0000511,RVKTRQR,2.2624521,producible_prior,-0.28792667,0.5384189,-0.28792667,True,True,True,-0.769888015,2.5503787498840333,1.7240332239944456,False,point_median
PRIOR_0000512,GHGHPHT,-0.013665199,producible_prior,-2.564044,-1.7376984,-2.564044,True,False,False,-0.769888015,2.5503787498840333,1.7240332239944456,False,point_median
PRIOR_0000513,LTNHHRT,0.13023472,producible_prior,-2.420144,-1.5937985,-2.420144,True,False,False,-0.769888015,2.5503787498840333,1.7240332239944456,False,point_median
PRIOR_0000514,KIWKRKM,0.2315166,producible_prior,-2.3188622,-1.4925166,-2.3188622,True,False,False,-0.769888015,2.5503787498840333,1.7240332239944456,False,point_median
PRIOR_0000515,WRKKHCE,0.30279016,producible_prior,-2.2475886,-1.4212431,-2.2475886,True,False,False,-0.769888015,2.5503787498840333,1.7240332239944456,False,point_median
PRIOR_0000516,DDQGKKW,-0.6056615,producible_prior,-3.1560402,-2.3296947,-3.1560402,True,False,False,-0.769888015,2.5503787498840333,1.7240332239944456,False,point_median
PRIOR_0000517,EKSPAAF,-0.37370932,producible_prior,-2.924088,-2.0977426,-2.924088,True,False,False,-0.769888015,2.5503787498840333,1.7240332239944456,False,point_median
PRIOR_0000518,HQHRLTL,-0.16200113,producible_prior,-2.71238,-1.8860344,-2.71238,True,False,False,-0.769888015,2.5503787498840333,1.7240332239944456,False,point_median
PRIOR_0000519,KPSNKIW,0.048795223,producible_prior,-2.5015836,-1.675238,-2.5015836,True,False,False,-0.769888015,2.5503787498840333,1.7240332239944456,False,point_median
PRIOR_0000520,NPSLVSE,-0.4266783,producible_prior,-2.977057,-2.1507115,-2.977057,True,False,False,-0.769888015,2.5503787498840333,1.7240332239944456,False,point_median
PRIOR_0000521,QIFRVQR,-0.61612463,producible_prior,-3.1665034,-2.340158,-3.1665034,True,False,False,-0.769888015,2.5503787498840333,1.7240332239944456,False,point_median
PRIOR_0000522,GSFKSVR,0.06610656,producible_prior,-2.4842722,-1.6579267,-2.4842722,True,False,False,-0.769888015,2.5503787498840333,1.7240332239944456,False,point_median
PRIOR_0000523,HAMTRNA,0.21863699,producible_prior,-2.3317418,-1.5053962,-2.3317418,True,False,False,-0.769888015,2.5503787498840333,1.7240332239944456,False,point_median
PRIOR_0000524,GGTLQLS,-0.5966909,producible_prior,-3.1470697,-2.320724,-3.1470697,True,False,False,-0.769888015,2.5503787498840333,1.7240332239944456,False,point_median
PRIOR_0000525,WKGRYII,-0.6066761,producible_prior,-3.157055,-2.3307095,-3.157055,True,False,False,-0.769888015,2.5503787498840333,1.7240332239944456,False,point_median
PRIOR_0000526,LQEIKVR,-0.33922362,producible_prior,-2.8896024,-2.0632567,-2.8896024,True,False,False,-0.769888015,2.5503787498840333,1.7240332239944456,False,point_median
PRIOR_0000527,PQGFQAP,-0.64428544,producible_prior,-3.1946642,-2.3683186,-3.1946642,True,False,False,-0.769888015,2.5503787498840333,1.7240332239944456,False,point_median
PRIOR_0000528,AMATTDK,-0.39874232,producible_prior,-2.949121,-2.1227756,-2.949121,True,False,False,-0.769888015,2.5503787498840333,1.7240332239944456,False,point_median
PRIOR_0000529,TRRDETH,0.55332685,producible_prior,-1.997052,-1.1707064,-1.997052,True,False,False,-0.769888015,2.5503787498840333,1.7240332239944456,False,point_median
PRIOR_0000530,NGQHIKD,0.6055212,producible_prior,-1.9448576,-1.118512,-1.9448576,True,False,False,-0.769888015,2.5503787498840333,1.7240332239944456,False,point_median
PRIOR_0000531,AKPEGKE,1.578448,producible_prior,-0.97193074,-0.14558518,-0.97193074,True,True,False,-0.769888015,2.5503787498840333,1.7240332239944456,False,point_median
PRIOR_0000532,GSVHHQL,-0.70922804,producible_prior,-3.2596068,-2.4332614,-3.2596068,True,False,False,-0.769888015,2.5503787498840333,1.7240332239944456,False,point_median
PRIOR_0000533,RHLANKA,1.032412,producible_prior,-1.5179667,-0.6916212,-1.5179667,True,True,False,-0.769888015,2.5503787498840333,1.7240332239944456,False,point_median
PRIOR_0000534,FKKAMYD,-0.010346174,producible_prior,-2.560725,-1.7343794,-2.560725,True,False,False,-0.769888015,2.5503787498840333,1.7240332239944456,False,point_median
PRIOR_0000535,QRTRHRT,1.4300268,producible_prior,-1.120352,-0.29400647,-1.120352,True,True,False,-0.769888015,2.5503787498840333,1.7240332239944456,False,point_median
PRIOR_0000536,TQESIPR,-0.54119754,producible_prior,-3.0915763,-2.2652307,-3.0915763,True,False,False,-0.769888015,2.5503787498840333,1.7240332239944456,False,point_median
PRIOR_0000537,KHPWKLT,-0.7655226,producible_prior,-3.3159013,-2.4895558,-3.3159013,True,False,False,-0.769888015,2.5503787498840333,1.7240332239944456,False,point_median
PRIOR_0000538,SVPSVKW,-0.69173384,producible_prior,-3.2421126,-2.4157672,-3.2421126,True,False,False,-0.769888015,2.5503787498840333,1.7240332239944456,False,point_median
PRIOR_0000539,WPPLQAG,-0.41319096,producible_prior,-2.9635696,-2.1372242,-2.9635696,True,False,False,-0.769888015,2.5503787498840333,1.7240332239944456,False,point_median
PRIOR_0000540,HRVHDTT,-0.6234807,producible_prior,-3.1738596,-2.347514,-3.1738596,True,False,False,-0.769888015,2.5503787498840333,1.7240332239944456,False,point_median
PRIOR_0000541,YNNPHGS,0.13044453,producible_prior,-2.4199343,-1.5935887,-2.4199343,True,False,False,-0.769888015,2.5503787498840333,1.7240332239944456,False,point_median
PRIOR_0000542,SKRGGKL,2.5890985,producible_prior,0.038719654,0.8650652,0.038719654,True,True,True,-0.769888015,2.5503787498840333,1.7240332239944456,False,point_median
PRIOR_0000543,DSNRMMD,-0.7598803,producible_prior,-3.310259,-2.4839134,-3.310259,True,False,False,-0.769888015,2.5503787498840333,1.7240332239944456,False,point_median
PRIOR_0000544,PRRRHWG,-0.082778454,producible_prior,-2.6331573,-1.8068117,-2.6331573,True,False,False,-0.769888015,2.5503787498840333,1.7240332239944456,False,point_median
PRIOR_0000545,WPRSERF,-0.32436156,producible_prior,-2.8747404,-2.0483947,-2.8747404,True,False,False,-0.769888015,2.5503787498840333,1.7240332239944456,False,point_median
PRIOR_0000546,DRSSIRY,-0.44437373,producible_prior,-2.9947524,-2.168407,-2.9947524,True,False,False,-0.769888015,2.5503787498840333,1.7240332239944456,False,point_median
PRIOR_0000547,FIRRLDD,-0.32743418,producible_prior,-2.8778129,-2.0514674,-2.8778129,True,False,False,-0.769888015,2.5503787498840333,1.7240332239944456,False,point_median
PRIOR_0000548,GDTVAPS,-0.44222653,producible_prior,-2.9926052,-2.1662598,-2.9926052,True,False,False,-0.769888015,2.5503787498840333,1.7240332239944456,False,point_median
PRIOR_0000549,FTKEQIP,-0.0805285,producible_prior,-2.6309073,-1.8045617,-2.6309073,True,False,False,-0.769888015,2.5503787498840333,1.7240332239944456,False,point_median
PRIOR_0000550,KMNVDPI,-0.62998927,producible_prior,-3.180368,-2.3540225,-3.180368,True,False,False,-0.769888015,2.5503787498840333,1.7240332239944456,False,point_median
PRIOR_0000551,DQGHKNS,0.7307954,producible_prior,-1.8195834,-0.99323785,-1.8195834,True,False,False,-0.769888015,2.5503787498840333,1.7240332239944456,False,point_median
PRIOR_0000552,LGKGHKW,0.66828966,producible_prior,-1.8820891,-1.0557436,-1.8820891,True,False,False,-0.769888015,2.5503787498840333,1.7240332239944456,False,point_median
PRIOR_0000553,RNDKHGW,-0.19707584,producible_prior,-2.7474546,-1.9211091,-2.7474546,True,False,False,-0.769888015,2.5503787498840333,1.7240332239944456,False,point_median
PRIOR_0000554,QYTNNAP,-0.37756538,producible_prior,-2.9279442,-2.1015987,-2.9279442,True,False,False,-0.769888015,2.5503787498840333,1.7240332239944456,False,point_median
PRIOR_0000555,KPGLANK,0.88756895,producible_prior,-1.6628098,-0.8364643,-1.6628098,True,False,False,-0.769888015,2.5503787498840333,1.7240332239944456,False,point_median
PRIOR_0000556,DGTARMD,-0.2914604,producible_prior,-2.8418393,-2.0154936,-2.8418393,True,False,False,-0.769888015,2.5503787498840333,1.7240332239944456,False,point_median
PRIOR_0000557,VHGSDRA,0.5322695,producible_prior,-2.0181093,-1.1917638,-2.0181093,True,False,False,-0.769888015,2.5503787498840333,1.7240332239944456,False,point_median
PRIOR_0000558,QIRDSAP,0.3776505,producible_prior,-2.1727283,-1.3463827,-2.1727283,True,False,False,-0.769888015,2.5503787498840333,1.7240332239944456,False,point_median
PRIOR_0000559,KETNTKH,0.9741516,producible_prior,-1.5762272,-0.7498816,-1.5762272,True,True,False,-0.769888015,2.5503787498840333,1.7240332239944456,False,point_median
PRIOR_0000560,HMGQPGF,-0.7566664,producible_prior,-3.3070452,-2.4806995,-3.3070452,True,False,False,-0.769888015,2.5503787498840333,1.7240332239944456,False,point_median
PRIOR_0000561,WTMTRAK,-0.5352721,producible_prior,-3.085651,-2.2593055,-3.085651,True,False,False,-0.769888015,2.5503787498840333,1.7240332239944456,False,point_median
PRIOR_0000562,QMAMKRV,0.18186355,producible_prior,-2.3685153,-1.5421697,-2.3685153,True,False,False,-0.769888015,2.5503787498840333,1.7240332239944456,False,point_median
PRIOR_0000563,VHPVMER,-0.46658778,producible_prior,-3.0169666,-2.190621,-3.0169666,True,False,False,-0.769888015,2.5503787498840333,1.7240332239944456,False,point_median
PRIOR_0000564,KATWREV,-0.5402665,producible_prior,-3.0906453,-2.2642999,-3.0906453,True,False,False,-0.769888015,2.5503787498840333,1.7240332239944456,False,point_median
PRIOR_0000565,LSTRDVS,-0.20961499,producible_prior,-2.7599938,-1.9336482,-2.7599938,True,False,False,-0.769888015,2.5503787498840333,1.7240332239944456,False,point_median
PRIOR_0000566,HWRERLA,-0.6748395,producible_prior,-3.2252183,-2.3988729,-3.2252183,True,False,False,-0.769888015,2.5503787498840333,1.7240332239944456,False,point_median
PRIOR_0000567,TDLRRME,-0.39940584,producible_prior,-2.9497848,-2.123439,-2.9497848,True,False,False,-0.769888015,2.5503787498840333,1.7240332239944456,False,point_median
PRIOR_0000568,SFDAATK,-0.47910368,producible_prior,-3.0294824,-2.203137,-3.0294824,True,False,False,-0.769888015,2.5503787498840333,1.7240332239944456,False,point_median
PRIOR_0000569,TPPYTDK,-0.573174,producible_prior,-3.1235528,-2.2972074,-3.1235528,True,False,False,-0.769888015,2.5503787498840333,1.7240332239944456,False,point_median
PRIOR_0000570,MIKAPTQ,-0.34776175,producible_prior,-2.8981404,-2.071795,-2.8981404,True,False,False,-0.769888015,2.5503787498840333,1.7240332239944456,False,point_median
PRIOR_0000571,RDPNQKA,1.5059633,producible_prior,-1.0444155,-0.21806991,-1.0444155,True,True,False,-0.769888015,2.5503787498840333,1.7240332239944456,False,point_median
PRIOR_0000572,VPGKTEY,0.36194324,producible_prior,-2.1884356,-1.36209,-2.1884356,True,False,False,-0.769888015,2.5503787498840333,1.7240332239944456,False,point_median
PRIOR_0000573,WQSKKIR,0.88152766,producible_prior,-1.6688511,-0.8425056,-1.6688511,True,False,False,-0.769888015,2.5503787498840333,1.7240332239944456,False,point_median
PRIOR_0000574,CTGVAGK,-0.50426674,producible_prior,-3.0546455,-2.2283,-3.0546455,True,False,False,-0.769888015,2.5503787498840333,1.7240332239944456,False,point_median
PRIOR_0000575,RLQDTVT,-0.41799378,producible_prior,-2.9683726,-2.142027,-2.9683726,True,False,False,-0.769888015,2.5503787498840333,1.7240332239944456,False,point_median
PRIOR_0000576,MNRNEKR,1.2973099,producible_prior,-1.2530689,-0.42672336,-1.2530689,True,True,False,-0.769888015,2.5503787498840333,1.7240332239944456,False,point_median
PRIOR_0000577,TNHEGQK,0.6632507,producible_prior,-1.8871281,-1.0607826,-1.8871281,True,False,False,-0.769888015,2.5503787498840333,1.7240332239944456,False,point_median
PRIOR_0000578,KHKHGSY,1.1591017,producible_prior,-1.3912771,-0.5649315,-1.3912771,True,True,False,-0.769888015,2.5503787498840333,1.7240332239944456,False,point_median
PRIOR_0000579,EAHSILG,-0.7242187,producible_prior,-3.2745976,-2.448252,-3.2745976,True,False,False,-0.769888015,2.5503787498840333,1.7240332239944456,False,point_median
PRIOR_0000580,PGRIPFA,-0.6290078,producible_prior,-3.1793866,-2.3530412,-3.1793866,True,False,False,-0.769888015,2.5503787498840333,1.7240332239944456,False,point_median
PRIOR_0000581,TRQSSKW,0.53610325,producible_prior,-2.0142756,-1.18793,-2.0142756,True,False,False,-0.769888015,2.5503787498840333,1.7240332239944456,False,point_median
PRIOR_0000582,AHNNRMA,0.64371204,producible_prior,-1.9066668,-1.0803212,-1.9066668,True,False,False,-0.769888015,2.5503787498840333,1.7240332239944456,False,point_median
PRIOR_0000583,HGEVTND,-0.40035915,producible_prior,-2.950738,-2.1243925,-2.950738,True,False,False,-0.769888015,2.5503787498840333,1.7240332239944456,False,point_median
PRIOR_0000584,MKFLRPP,-0.17581677,producible_prior,-2.7261956,-1.89985,-2.7261956,True,False,False,-0.769888015,2.5503787498840333,1.7240332239944456,False,point_median
PRIOR_0000585,AYRNRNA,0.73676634,producible_prior,-1.8136125,-0.9872669,-1.8136125,True,False,False,-0.769888015,2.5503787498840333,1.7240332239944456,False,point_median
PRIOR_0000586,SWPSKVK,-0.050869465,producible_prior,-2.6012483,-1.7749027,-2.6012483,True,False,False,-0.769888015,2.5503787498840333,1.7240332239944456,False,point_median
PRIOR_0000587,NKNKPFT,0.5464859,producible_prior,-2.003893,-1.1775473,-2.003893,True,False,False,-0.769888015,2.5503787498840333,1.7240332239944456,False,point_median
PRIOR_0000588,NVRYPPG,-0.221632,producible_prior,-2.7720108,-1.9456652,-2.7720108,True,False,False,-0.769888015,2.5503787498840333,1.7240332239944456,False,point_median
PRIOR_0000589,GANLEPG,-0.26781607,producible_prior,-2.8181949,-1.9918493,-2.8181949,True,False,False,-0.769888015,2.5503787498840333,1.7240332239944456,False,point_median
PRIOR_0000590,LKRPLQE,1.1038575,producible_prior,-1.4465213,-0.6201757,-1.4465213,True,True,False,-0.769888015,2.5503787498840333,1.7240332239944456,False,point_median
PRIOR_0000591,MVQGNNF,-0.5769483,producible_prior,-3.127327,-2.3009815,-3.127327,True,False,False,-0.769888015,2.5503787498840333,1.7240332239944456,False,point_median
PRIOR_0000592,WQANKFS,-0.62817955,producible_prior,-3.1785583,-2.352213,-3.1785583,True,False,False,-0.769888015,2.5503787498840333,1.7240332239944456,False,point_median
PRIOR_0000593,KKHKALT,1.9173584,producible_prior,-0.6330204,0.19332516,-0.6330204,True,True,True,-0.769888015,2.5503787498840333,1.7240332239944456,False,point_median
PRIOR_0000594,PYDGSSG,-0.48129725,producible_prior,-3.031676,-2.2053304,-3.031676,True,False,False,-0.769888015,2.5503787498840333,1.7240332239944456,False,point_median
PRIOR_0000595,QQIKNTQ,-0.65006065,producible_prior,-3.2004395,-2.374094,-3.2004395,True,False,False,-0.769888015,2.5503787498840333,1.7240332239944456,False,point_median
PRIOR_0000596,EIKQPYG,-0.66212976,producible_prior,-3.2125087,-2.386163,-3.2125087,True,False,False,-0.769888015,2.5503787498840333,1.7240332239944456,False,point_median
PRIOR_0000597,FPKSANR,1.1000681,producible_prior,-1.4503107,-0.62396514,-1.4503107,True,True,False,-0.769888015,2.5503787498840333,1.7240332239944456,False,point_median
PRIOR_0000598,LGKMVSE,0.24788857,producible_prior,-2.3024902,-1.4761447,-2.3024902,True,False,False,-0.769888015,2.5503787498840333,1.7240332239944456,False,point_median
PRIOR_0000599,ETEGPGP,-0.5915303,producible_prior,-3.1419091,-2.3155637,-3.1419091,True,False,False,-0.769888015,2.5503787498840333,1.7240332239944456,False,point_median
PRIOR_0000600,PREVALG,-0.055576086,producible_prior,-2.605955,-1.7796093,-2.605955,True,False,False,-0.769888015,2.5503787498840333,1.7240332239944456,False,point_median
PRIOR_0000601,KPVWPRS,-0.71243775,producible_prior,-3.2628164,-2.436471,-3.2628164,True,False,False,-0.769888015,2.5503787498840333,1.7240332239944456,False,point_median
PRIOR_0000602,MPPYPQA,-0.5769949,producible_prior,-3.1273737,-2.3010283,-3.1273737,True,False,False,-0.769888015,2.5503787498840333,1.7240332239944456,False,point_median
PRIOR_0000603,HLDATNH,-0.72239554,producible_prior,-3.2727742,-2.4464288,-3.2727742,True,False,False,-0.769888015,2.5503787498840333,1.7240332239944456,False,point_median
PRIOR_0000604,NDQRGQY,-0.37387013,producible_prior,-2.924249,-2.0979033,-2.924249,True,False,False,-0.769888015,2.5503787498840333,1.7240332239944456,False,point_median
PRIOR_0000605,PQHKTKE,1.6734295,producible_prior,-0.8769493,-0.050603747,-0.8769493,True,True,False,-0.769888015,2.5503787498840333,1.7240332239944456,False,point_median
PRIOR_0000606,QSKRDIK,0.8418057,producible_prior,-1.7085731,-0.88222754,-1.7085731,True,False,False,-0.769888015,2.5503787498840333,1.7240332239944456,False,point_median
PRIOR_0000607,PSRLHNP,-0.14365888,producible_prior,-2.6940377,-1.8676921,-2.6940377,True,False,False,-0.769888015,2.5503787498840333,1.7240332239944456,False,point_median
PRIOR_0000608,IWKKRGK,1.398063,producible_prior,-1.1523159,-0.3259703,-1.1523159,True,True,False,-0.769888015,2.5503787498840333,1.7240332239944456,False,point_median
PRIOR_0000609,GYSRPQN,-0.4825598,producible_prior,-3.0329385,-2.206593,-3.0329385,True,False,False,-0.769888015,2.5503787498840333,1.7240332239944456,False,point_median
PRIOR_0000610,DTKHTES,0.45563316,producible_prior,-2.0947456,-1.2684001,-2.0947456,True,False,False,-0.769888015,2.5503787498840333,1.7240332239944456,False,point_median
PRIOR_0000611,RGVPTIM,-0.3125224,producible_prior,-2.8629012,-2.0365558,-2.8629012,True,False,False,-0.769888015,2.5503787498840333,1.7240332239944456,False,point_median
PRIOR_0000612,GPKSKSN,1.6698644,producible_prior,-0.8805144,-0.05416882,-0.8805144,True,True,False,-0.769888015,2.5503787498840333,1.7240332239944456,False,point_median
PRIOR_0000613,FLPEHRD,-0.6517067,producible_prior,-3.2020855,-2.37574,-3.2020855,True,False,False,-0.769888015,2.5503787498840333,1.7240332239944456,False,point_median
PRIOR_0000614,IMKMRRK,1.1281335,producible_prior,-1.4222453,-0.5958997,-1.4222453,True,True,False,-0.769888015,2.5503787498840333,1.7240332239944456,False,point_median
PRIOR_0000615,REGRNRC,-0.17982006,producible_prior,-2.7301989,-1.9038533,-2.7301989,True,False,False,-0.769888015,2.5503787498840333,1.7240332239944456,False,point_median
PRIOR_0000616,HIGQEHP,-0.21788597,producible_prior,-2.7682648,-1.9419192,-2.7682648,True,False,False,-0.769888015,2.5503787498840333,1.7240332239944456,False,point_median
PRIOR_0000617,NQVQTGE,-0.11661482,producible_prior,-2.6669936,-1.840648,-2.6669936,True,False,False,-0.769888015,2.5503787498840333,1.7240332239944456,False,point_median
PRIOR_0000618,MNNGNIN,-0.48715568,producible_prior,-3.0375345,-2.2111888,-3.0375345,True,False,False,-0.769888015,2.5503787498840333,1.7240332239944456,False,point_median
PRIOR_0000619,RHPKLSF,0.5054021,producible_prior,-2.0449767,-1.2186311,-2.0449767,True,False,False,-0.769888015,2.5503787498840333,1.7240332239944456,False,point_median
PRIOR_0000620,KVIRFKE,0.09229183,producible_prior,-2.458087,-1.6317414,-2.458087,True,False,False,-0.769888015,2.5503787498840333,1.7240332239944456,False,point_median
PRIOR_0000621,PRNQHSM,0.32756948,producible_prior,-2.2228093,-1.3964638,-2.2228093,True,False,False,-0.769888015,2.5503787498840333,1.7240332239944456,False,point_median
PRIOR_0000622,CKKMVQI,-0.33520842,producible_prior,-2.8855872,-2.0592418,-2.8855872,True,False,False,-0.769888015,2.5503787498840333,1.7240332239944456,False,point_median
PRIOR_0000623,PGSGKQK,1.7343762,producible_prior,-0.8160026,0.010342956,-0.8160026,True,True,False,-0.769888015,2.5503787498840333,1.7240332239944456,False,point_median
PRIOR_0000624,PDDRNEA,-0.4383502,producible_prior,-2.988729,-2.1623836,-2.988729,True,False,False,-0.769888015,2.5503787498840333,1.7240332239944456,False,point_median
PRIOR_0000625,IKEVGGK,0.9617562,producible_prior,-1.5886226,-0.762277,-1.5886226,True,True,False,-0.769888015,2.5503787498840333,1.7240332239944456,False,point_median
PRIOR_0000626,RPREAQT,0.9189491,producible_prior,-1.6314297,-0.8050841,-1.6314297,True,False,False,-0.769888015,2.5503787498840333,1.7240332239944456,False,point_median
PRIOR_0000627,SPMGQHK,0.08726239,producible_prior,-2.4631164,-1.6367708,-2.4631164,True,False,False,-0.769888015,2.5503787498840333,1.7240332239944456,False,point_median
PRIOR_0000628,QFAREEP,-0.25530434,producible_prior,-2.8056831,-1.9793376,-2.8056831,True,False,False,-0.769888015,2.5503787498840333,1.7240332239944456,False,point_median
PRIOR_0000629,FGHQPDE,-0.2909019,producible_prior,-2.8412807,-2.014935,-2.8412807,True,False,False,-0.769888015,2.5503787498840333,1.7240332239944456,False,point_median
PRIOR_0000630,INRAPVR,0.6824484,producible_prior,-1.8679304,-1.0415848,-1.8679304,True,False,False,-0.769888015,2.5503787498840333,1.7240332239944456,False,point_median
PRIOR_0000631,HPIRRYP,-0.3044021,producible_prior,-2.854781,-2.0284352,-2.854781,True,False,False,-0.769888015,2.5503787498840333,1.7240332239944456,False,point_median
PRIOR_0000632,YIRNAIS,0.04150963,producible_prior,-2.5088692,-1.6825236,-2.5088692,True,False,False,-0.769888015,2.5503787498840333,1.7240332239944456,False,point_median
PRIOR_0000633,QHDKITT,-0.2907275,producible_prior,-2.8411064,-2.0147607,-2.8411064,True,False,False,-0.769888015,2.5503787498840333,1.7240332239944456,False,point_median
PRIOR_0000634,QAQKTQC,-0.50829244,producible_prior,-3.0586712,-2.2323256,-3.0586712,True,False,False,-0.769888015,2.5503787498840333,1.7240332239944456,False,point_median
PRIOR_0000635,THNMGQH,-0.26243114,producible_prior,-2.81281,-1.9864644,-2.81281,True,False,False,-0.769888015,2.5503787498840333,1.7240332239944456,False,point_median
PRIOR_0000636,KLHFMAR,-0.6080662,producible_prior,-3.158445,-2.3320994,-3.158445,True,False,False,-0.769888015,2.5503787498840333,1.7240332239944456,False,point_median
PRIOR_0000637,QKYTQHI,-0.36094642,producible_prior,-2.9113252,-2.0849795,-2.9113252,True,False,False,-0.769888015,2.5503787498840333,1.7240332239944456,False,point_median
PRIOR_0000638,MGPADKQ,-0.35670805,producible_prior,-2.9070868,-2.0807414,-2.9070868,True,False,False,-0.769888015,2.5503787498840333,1.7240332239944456,False,point_median
PRIOR_0000639,SFKHMPI,-0.20488644,producible_prior,-2.7552652,-1.9289197,-2.7552652,True,False,False,-0.769888015,2.5503787498840333,1.7240332239944456,False,point_median
PRIOR_0000640,ERRVMKD,0.8353784,producible_prior,-1.7150004,-0.8886548,-1.7150004,True,False,False,-0.769888015,2.5503787498840333,1.7240332239944456,False,point_median
PRIOR_0000641,LASTEHD,-0.52805805,producible_prior,-3.0784369,-2.2520914,-3.0784369,True,False,False,-0.769888015,2.5503787498840333,1.7240332239944456,False,point_median
PRIOR_0000642,GQFRDHK,-0.63776135,producible_prior,-3.1881402,-2.3617945,-3.1881402,True,False,False,-0.769888015,2.5503787498840333,1.7240332239944456,False,point_median
PRIOR_0000643,MIAHGLK,-0.22703719,producible_prior,-2.777416,-1.9510704,-2.777416,True,False,False,-0.769888015,2.5503787498840333,1.7240332239944456,False,point_median
PRIOR_0000644,PNIQKAK,0.29113007,producible_prior,-2.2592487,-1.4329032,-2.2592487,True,False,False,-0.769888015,2.5503787498840333,1.7240332239944456,False,point_median
PRIOR_0000645,HKDGRMI,0.7671497,producible_prior,-1.7832291,-0.95688355,-1.7832291,True,False,False,-0.769888015,2.5503787498840333,1.7240332239944456,False,point_median
PRIOR_0000646,LLDAKNS,0.19388223,producible_prior,-2.3564966,-1.530151,-2.3564966,True,False,False,-0.769888015,2.5503787498840333,1.7240332239944456,False,point_median
PRIOR_0000647,NCGSRSS,-0.7379502,producible_prior,-3.2883291,-2.4619834,-3.2883291,True,False,False,-0.769888015,2.5503787498840333,1.7240332239944456,False,point_median
PRIOR_0000648,TYDTTRI,-0.7200568,producible_prior,-3.2704356,-2.44409,-3.2704356,True,False,False,-0.769888015,2.5503787498840333,1.7240332239944456,False,point_median
PRIOR_0000649,KPDRATG,1.6286266,producible_prior,-0.9217522,-0.09540665,-0.9217522,True,True,False,-0.769888015,2.5503787498840333,1.7240332239944456,False,point_median
PRIOR_0000650,YNAPMNS,-0.45982158,producible_prior,-3.0102005,-2.1838548,-3.0102005,True,False,False,-0.769888015,2.5503787498840333,1.7240332239944456,False,point_median
PRIOR_0000651,RATDTTP,0.6227484,producible_prior,-1.9276304,-1.1012849,-1.9276304,True,False,False,-0.769888015,2.5503787498840333,1.7240332239944456,False,point_median
PRIOR_0000652,GEKPHMG,0.5475607,producible_prior,-2.002818,-1.1764725,-2.002818,True,False,False,-0.769888015,2.5503787498840333,1.7240332239944456,False,point_median
PRIOR_0000653,IPFNTTA,-0.3350129,producible_prior,-2.8853917,-2.0590463,-2.8853917,True,False,False,-0.769888015,2.5503787498840333,1.7240332239944456,False,point_median
PRIOR_0000654,QSVKQHV,0.32282114,producible_prior,-2.2275577,-1.4012121,-2.2275577,True,False,False,-0.769888015,2.5503787498840333,1.7240332239944456,False,point_median
PRIOR_0000655,CRKAGNS,0.9825921,producible_prior,-1.5677867,-0.74144113,-1.5677867,True,True,False,-0.769888015,2.5503787498840333,1.7240332239944456,False,point_median
PRIOR_0000656,RNNDAIL,-0.37042236,producible_prior,-2.9208012,-2.0944557,-2.9208012,True,False,False,-0.769888015,2.5503787498840333,1.7240332239944456,False,point_median
PRIOR_0000657,KWSKRTE,0.9463723,producible_prior,-1.6040065,-0.77766097,-1.6040065,True,False,False,-0.769888015,2.5503787498840333,1.7240332239944456,False,point_median
PRIOR_0000658,HAKGSET,1.011718,producible_prior,-1.5386608,-0.7123152,-1.5386608,True,True,False,-0.769888015,2.5503787498840333,1.7240332239944456,False,point_median
PRIOR_0000659,NYGHKTY,-0.4476211,producible_prior,-2.998,-2.1716542,-2.998,True,False,False,-0.769888015,2.5503787498840333,1.7240332239944456,False,point_median
PRIOR_0000660,NNQVNRK,0.92850995,producible_prior,-1.6218688,-0.7955233,-1.6218688,True,False,False,-0.769888015,2.5503787498840333,1.7240332239944456,False,point_median
PRIOR_0000661,FRRRMTC,-0.45030904,producible_prior,-3.0006878,-2.1743422,-3.0006878,True,False,False,-0.769888015,2.5503787498840333,1.7240332239944456,False,point_median
PRIOR_0000662,ALSNNKR,0.79044724,producible_prior,-1.7599316,-0.933586,-1.7599316,True,False,False,-0.769888015,2.5503787498840333,1.7240332239944456,False,point_median
PRIOR_0000663,QGKHDIF,-0.5262159,producible_prior,-3.0765948,-2.2502491,-3.0765948,True,False,False,-0.769888015,2.5503787498840333,1.7240332239944456,False,point_median
PRIOR_0000664,STANEHP,-0.18868637,producible_prior,-2.7390652,-1.9127196,-2.7390652,True,False,False,-0.769888015,2.5503787498840333,1.7240332239944456,False,point_median
PRIOR_0000665,QQVRHHD,-0.16399717,producible_prior,-2.714376,-1.8880304,-2.714376,True,False,False,-0.769888015,2.5503787498840333,1.7240332239944456,False,point_median
PRIOR_0000666,CRSDISA,-0.7320298,producible_prior,-3.2824087,-2.456063,-3.2824087,True,False,False,-0.769888015,2.5503787498840333,1.7240332239944456,False,point_median
PRIOR_0000667,TSFMQKE,-0.73377514,producible_prior,-3.284154,-2.4578085,-3.284154,True,False,False,-0.769888015,2.5503787498840333,1.7240332239944456,False,point_median
PRIOR_0000668,KKQHISW,-0.013118744,producible_prior,-2.5634975,-1.737152,-2.5634975,True,False,False,-0.769888015,2.5503787498840333,1.7240332239944456,False,point_median
PRIOR_0000669,TSQRPFM,-0.58374417,producible_prior,-3.1341228,-2.3077774,-3.1341228,True,False,False,-0.769888015,2.5503787498840333,1.7240332239944456,False,point_median
PRIOR_0000670,GQYHGDP,-0.7121259,producible_prior,-3.2625046,-2.4361591,-3.2625046,True,False,False,-0.769888015,2.5503787498840333,1.7240332239944456,False,point_median
PRIOR_0000671,RMQQSRM,0.7078204,producible_prior,-1.8425584,-1.0162128,-1.8425584,True,False,False,-0.769888015,2.5503787498840333,1.7240332239944456,False,point_median
PRIOR_0000672,SARYIKD,-0.1656704,producible_prior,-2.7160492,-1.8897036,-2.7160492,True,False,False,-0.769888015,2.5503787498840333,1.7240332239944456,False,point_median
PRIOR_0000673,RMRANVS,1.048454,producible_prior,-1.5019248,-0.6755792,-1.5019248,True,True,False,-0.769888015,2.5503787498840333,1.7240332239944456,False,point_median
PRIOR_0000674,DLGKRSI,0.6142442,producible_prior,-1.9361346,-1.109789,-1.9361346,True,False,False,-0.769888015,2.5503787498840333,1.7240332239944456,False,point_median
PRIOR_0000675,MMDSHRA,-0.078608274,producible_prior,-2.628987,-1.8026415,-2.628987,True,False,False,-0.769888015,2.5503787498840333,1.7240332239944456,False,point_median
PRIOR_0000676,LKRRINA,2.0481124,producible_prior,-0.5022664,0.32407916,-0.5022664,True,True,True,-0.769888015,2.5503787498840333,1.7240332239944456,False,point_median
PRIOR_0000677,HIRQVRQ,-0.109855175,producible_prior,-2.660234,-1.8338884,-2.660234,True,False,False,-0.769888015,2.5503787498840333,1.7240332239944456,False,point_median
PRIOR_0000678,MPQTIPV,-0.3872726,producible_prior,-2.9376514,-2.1113057,-2.9376514,True,False,False,-0.769888015,2.5503787498840333,1.7240332239944456,False,point_median
PRIOR_0000679,HASQRLP,0.57585645,producible_prior,-1.9745224,-1.1481768,-1.9745224,True,False,False,-0.769888015,2.5503787498840333,1.7240332239944456,False,point_median
PRIOR_0000680,MHSTIRN,-0.47525036,producible_prior,-3.025629,-2.1992836,-3.025629,True,False,False,-0.769888015,2.5503787498840333,1.7240332239944456,False,point_median
PRIOR_0000681,FAPRMMT,-0.5674784,producible_prior,-3.1178572,-2.2915115,-3.1178572,True,False,False,-0.769888015,2.5503787498840333,1.7240332239944456,False,point_median
PRIOR_0000682,DVRNTNG,0.6665988,producible_prior,-1.88378,-1.0574344,-1.88378,True,False,False,-0.769888015,2.5503787498840333,1.7240332239944456,False,point_median
PRIOR_0000683,RFIRIGP,-0.15210247,producible_prior,-2.7024813,-1.8761357,-2.7024813,True,False,False,-0.769888015,2.5503787498840333,1.7240332239944456,False,point_median
PRIOR_0000684,KIAPGRH,0.79131365,producible_prior,-1.7590652,-0.9327196,-1.7590652,True,False,False,-0.769888015,2.5503787498840333,1.7240332239944456,False,point_median
PRIOR_0000685,GNHFVGE,-0.6058992,producible_prior,-3.1562781,-2.3299325,-3.1562781,True,False,False,-0.769888015,2.5503787498840333,1.7240332239944456,False,point_median
PRIOR_0000686,YTNSHFA,-0.7554996,producible_prior,-3.3058784,-2.4795327,-3.3058784,True,False,False,-0.769888015,2.5503787498840333,1.7240332239944456,False,point_median
PRIOR_0000687,RKQSGSK,2.4141016,producible_prior,-0.1362772,0.69006836,-0.1362772,True,True,True,-0.769888015,2.5503787498840333,1.7240332239944456,False,point_median
PRIOR_0000688,YPSQHMG,0.22437191,producible_prior,-2.326007,-1.4996613,-2.326007,True,False,False,-0.769888015,2.5503787498840333,1.7240332239944456,False,point_median
PRIOR_0000689,DGRQDSG,0.3316164,producible_prior,-2.2187624,-1.3924168,-2.2187624,True,False,False,-0.769888015,2.5503787498840333,1.7240332239944456,False,point_median
PRIOR_0000690,IALGDGA,-0.65206444,producible_prior,-3.2024431,-2.3760977,-3.2024431,True,False,False,-0.769888015,2.5503787498840333,1.7240332239944456,False,point_median
PRIOR_0000691,YKVDKRM,0.822134,producible_prior,-1.7282448,-0.9018992,-1.7282448,True,False,False,-0.769888015,2.5503787498840333,1.7240332239944456,False,point_median
PRIOR_0000692,YAQVQYG,-0.7541952,producible_prior,-3.304574,-2.4782286,-3.304574,True,False,False,-0.769888015,2.5503787498840333,1.7240332239944456,False,point_median
PRIOR_0000693,HKQYNRN,-0.20952201,producible_prior,-2.7599008,-1.9335552,-2.7599008,True,False,False,-0.769888015,2.5503787498840333,1.7240332239944456,False,point_median
PRIOR_0000694,TRVYGMK,-0.53527,producible_prior,-3.0856488,-2.259303,-3.0856488,True,False,False,-0.769888015,2.5503787498840333,1.7240332239944456,False,point_median
PRIOR_0000695,WMHVGTR,-0.64982414,producible_prior,-3.200203,-2.3738575,-3.200203,True,False,False,-0.769888015,2.5503787498840333,1.7240332239944456,False,point_median
PRIOR_0000696,NIRHKKP,2.3332472,producible_prior,-0.21713161,0.60921395,-0.21713161,True,True,True,-0.769888015,2.5503787498840333,1.7240332239944456,False,point_median
PRIOR_0000697,KPPSTDA,1.2375271,producible_prior,-1.3128517,-0.4865061,-1.3128517,True,True,False,-0.769888015,2.5503787498840333,1.7240332239944456,False,point_median
PRIOR_0000698,GEVGGTS,-0.11093187,producible_prior,-2.6613107,-1.8349651,-2.6613107,True,False,False,-0.769888015,2.5503787498840333,1.7240332239944456,False,point_median
PRIOR_0000699,QAPTQPT,-0.06671119,producible_prior,-2.61709,-1.7907444,-2.61709,True,False,False,-0.769888015,2.5503787498840333,1.7240332239944456,False,point_median
PRIOR_0000700,HGMQTVS,-0.3963462,producible_prior,-2.946725,-2.1203794,-2.946725,True,False,False,-0.769888015,2.5503787498840333,1.7240332239944456,False,point_median
PRIOR_0000701,KKASIVW,-0.31010568,producible_prior,-2.8604846,-2.034139,-2.8604846,True,False,False,-0.769888015,2.5503787498840333,1.7240332239944456,False,point_median
PRIOR_0000702,ARAHRMQ,-0.00624156,producible_prior,-2.5566204,-1.7302748,-2.5566204,True,False,False,-0.769888015,2.5503787498840333,1.7240332239944456,False,point_median
PRIOR_0000703,WVSPGKD,0.09656787,producible_prior,-2.453811,-1.6274654,-2.453811,True,False,False,-0.769888015,2.5503787498840333,1.7240332239944456,False,point_median
PRIOR_0000704,VNLPKPT,-0.4945755,producible_prior,-3.0449543,-2.2186089,-3.0449543,True,False,False,-0.769888015,2.5503787498840333,1.7240332239944456,False,point_median
PRIOR_0000705,KGMAHMI,-0.4753976,producible_prior,-3.0257764,-2.199431,-3.0257764,True,False,False,-0.769888015,2.5503787498840333,1.7240332239944456,False,point_median
PRIOR_0000706,IRIKTHQ,-0.06764364,producible_prior,-2.6180224,-1.7916769,-2.6180224,True,False,False,-0.769888015,2.5503787498840333,1.7240332239944456,False,point_median
PRIOR_0000707,LGFHVGK,-0.5302819,producible_prior,-3.0806608,-2.2543151,-3.0806608,True,False,False,-0.769888015,2.5503787498840333,1.7240332239944456,False,point_median
PRIOR_0000708,VVVGDKH,-0.4202838,producible_prior,-2.9706626,-2.1443172,-2.9706626,True,False,False,-0.769888015,2.5503787498840333,1.7240332239944456,False,point_median
PRIOR_0000709,RPEDIGA,-0.05481887,producible_prior,-2.6051977,-1.7788521,-2.6051977,True,False,False,-0.769888015,2.5503787498840333,1.7240332239944456,False,point_median
PRIOR_0000710,YMTLGGA,-0.56608546,producible_prior,-3.1164641,-2.2901187,-3.1164641,True,False,False,-0.769888015,2.5503787498840333,1.7240332239944456,False,point_median
PRIOR_0000711,RVKPTYP,0.6040435,producible_prior,-1.9463353,-1.1199898,-1.9463353,True,False,False,-0.769888015,2.5503787498840333,1.7240332239944456,False,point_median
PRIOR_0000712,GRNHRLI,0.91311455,producible_prior,-1.6372643,-0.8109187,-1.6372643,True,False,False,-0.769888015,2.5503787498840333,1.7240332239944456,False,point_median
PRIOR_0000713,THAPMDG,-0.1883769,producible_prior,-2.7387557,-1.9124101,-2.7387557,True,False,False,-0.769888015,2.5503787498840333,1.7240332239944456,False,point_median
PRIOR_0000714,HGTFSEV,-0.76457286,producible_prior,-3.3149517,-2.488606,-3.3149517,True,False,False,-0.769888015,2.5503787498840333,1.7240332239944456,False,point_median
PRIOR_0000715,IQRVTQS,0.8704362,producible_prior,-1.6799426,-0.85359704,-1.6799426,True,False,False,-0.769888015,2.5503787498840333,1.7240332239944456,False,point_median
PRIOR_0000716,TKHNPYP,0.4010334,producible_prior,-2.1493454,-1.3229998,-2.1493454,True,False,False,-0.769888015,2.5503787498840333,1.7240332239944456,False,point_median
PRIOR_0000717,KRVFKME,0.49712348,producible_prior,-2.0532553,-1.2269098,-2.0532553,True,False,False,-0.769888015,2.5503787498840333,1.7240332239944456,False,point_median
PRIOR_0000718,GGNTVEL,-0.24924421,producible_prior,-2.799623,-1.9732774,-2.799623,True,False,False,-0.769888015,2.5503787498840333,1.7240332239944456,False,point_median
PRIOR_0000719,APDRAGR,0.54327345,producible_prior,-2.0071054,-1.1807598,-2.0071054,True,False,False,-0.769888015,2.5503787498840333,1.7240332239944456,False,point_median
PRIOR_0000720,MLHRWKR,-0.39077556,producible_prior,-2.9411545,-2.1148088,-2.9411545,True,False,False,-0.769888015,2.5503787498840333,1.7240332239944456,False,point_median
PRIOR_0000721,TPEAGGY,-0.56872845,producible_prior,-3.1191072,-2.2927618,-3.1191072,True,False,False,-0.769888015,2.5503787498840333,1.7240332239944456,False,point_median
PRIOR_0000722,HIGIHLA,-0.73198485,producible_prior,-3.2823637,-2.456018,-3.2823637,True,False,False,-0.769888015,2.5503787498840333,1.7240332239944456,False,point_median
PRIOR_0000723,YRSKYSV,0.48465466,producible_prior,-2.0657241,-1.2393786,-2.0657241,True,False,False,-0.769888015,2.5503787498840333,1.7240332239944456,False,point_median
PRIOR_0000724,NKAELRF,-0.2673664,producible_prior,-2.8177452,-1.9913996,-2.8177452,True,False,False,-0.769888015,2.5503787498840333,1.7240332239944456,False,point_median
PRIOR_0000725,IAGRRHC,-0.43591535,producible_prior,-2.9862943,-2.1599486,-2.9862943,True,False,False,-0.769888015,2.5503787498840333,1.7240332239944456,False,point_median
PRIOR_0000726,LLPRNAF,-0.30670238,producible_prior,-2.8570812,-2.0307355,-2.8570812,True,False,False,-0.769888015,2.5503787498840333,1.7240332239944456,False,point_median
PRIOR_0000727,KPALNTV,0.18404198,producible_prior,-2.3663368,-1.5399913,-2.3663368,True,False,False,-0.769888015,2.5503787498840333,1.7240332239944456,False,point_median
PRIOR_0000728,MRKGGAP,2.4023933,producible_prior,-0.14798546,0.6783601,-0.14798546,True,True,True,-0.769888015,2.5503787498840333,1.7240332239944456,False,point_median
PRIOR_0000729,RWGKDEE,-0.2635448,producible_prior,-2.8139236,-1.987578,-2.8139236,True,False,False,-0.769888015,2.5503787498840333,1.7240332239944456,False,point_median
PRIOR_0000730,VINTTTR,0.05920458,producible_prior,-2.4911742,-1.6648287,-2.4911742,True,False,False,-0.769888015,2.5503787498840333,1.7240332239944456,False,point_median
PRIOR_0000731,KHTVTPA,0.9344053,producible_prior,-1.6159735,-0.7896279,-1.6159735,True,False,False,-0.769888015,2.5503787498840333,1.7240332239944456,False,point_median
PRIOR_0000732,PPGPKLD,0.28919816,producible_prior,-2.2611806,-1.4348351,-2.2611806,True,False,False,-0.769888015,2.5503787498840333,1.7240332239944456,False,point_median
PRIOR_0000733,FRDSSPY,-0.7290275,producible_prior,-3.2794063,-2.4530606,-3.2794063,True,False,False,-0.769888015,2.5503787498840333,1.7240332239944456,False,point_median
PRIOR_0000734,VFGSAKR,0.7332008,producible_prior,-1.817178,-0.99083245,-1.817178,True,False,False,-0.769888015,2.5503787498840333,1.7240332239944456,False,point_median
PRIOR_0000735,DSRDSED,-0.55920196,producible_prior,-3.1095808,-2.283235,-3.1095808,True,False,False,-0.769888015,2.5503787498840333,1.7240332239944456,False,point_median
PRIOR_0000736,KMPEQNM,-0.23789215,producible_prior,-2.788271,-1.9619254,-2.788271,True,False,False,-0.769888015,2.5503787498840333,1.7240332239944456,False,point_median
PRIOR_0000737,PKAQEFG,-0.23036838,producible_prior,-2.7807472,-1.9544016,-2.7807472,True,False,False,-0.769888015,2.5503787498840333,1.7240332239944456,False,point_median
PRIOR_0000738,KMKKNWM,-0.3737203,producible_prior,-2.924099,-2.0977535,-2.924099,True,False,False,-0.769888015,2.5503787498840333,1.7240332239944456,False,point_median
PRIOR_0000739,FDPNAHG,-0.14449286,producible_prior,-2.6948717,-1.8685261,-2.6948717,True,False,False,-0.769888015,2.5503787498840333,1.7240332239944456,False,point_median
PRIOR_0000740,HTNNGSF,-0.24298596,producible_prior,-2.7933648,-1.9670192,-2.7933648,True,False,False,-0.769888015,2.5503787498840333,1.7240332239944456,False,point_median
PRIOR_0000741,HDAEAQP,-0.6081786,producible_prior,-3.1585574,-2.332212,-3.1585574,True,False,False,-0.769888015,2.5503787498840333,1.7240332239944456,False,point_median
PRIOR_0000742,RGGMMET,-0.42276525,producible_prior,-2.973144,-2.1467986,-2.973144,True,False,False,-0.769888015,2.5503787498840333,1.7240332239944456,False,point_median
PRIOR_0000743,RGTAPYE,-0.15808916,producible_prior,-2.708468,-1.8821224,-2.708468,True,False,False,-0.769888015,2.5503787498840333,1.7240332239944456,False,point_median
PRIOR_0000744,QGPILSA,-0.1521368,producible_prior,-2.7025156,-1.87617,-2.7025156,True,False,False,-0.769888015,2.5503787498840333,1.7240332239944456,False,point_median
PRIOR_0000745,FKPDYKE,0.055604458,producible_prior,-2.4947743,-1.6684288,-2.4947743,True,False,False,-0.769888015,2.5503787498840333,1.7240332239944456,False,point_median
PRIOR_0000746,GAKIMAT,-0.073004484,producible_prior,-2.6233833,-1.7970377,-2.6233833,True,False,False,-0.769888015,2.5503787498840333,1.7240332239944456,False,point_median
PRIOR_0000747,MKYKYPP,-0.26613784,producible_prior,-2.8165166,-1.9901711,-2.8165166,True,False,False,-0.769888015,2.5503787498840333,1.7240332239944456,False,point_median
PRIOR_0000748,NPEVLQR,-0.647683,producible_prior,-3.198062,-2.3717163,-3.198062,True,False,False,-0.769888015,2.5503787498840333,1.7240332239944456,False,point_median
PRIOR_0000749,GMGTGNN,-0.2696936,producible_prior,-2.8200724,-1.9937268,-2.8200724,True,False,False,-0.769888015,2.5503787498840333,1.7240332239944456,False,point_median
PRIOR_0000750,LQSPHVR,-0.21523571,producible_prior,-2.7656145,-1.939269,-2.7656145,True,False,False,-0.769888015,2.5503787498840333,1.7240332239944456,False,point_median
PRIOR_0000751,GNEYKHV,-0.7156806,producible_prior,-3.2660594,-2.439714,-3.2660594,True,False,False,-0.769888015,2.5503787498840333,1.7240332239944456,False,point_median
PRIOR_0000752,LPKWRER,-0.13569379,producible_prior,-2.6860726,-1.859727,-2.6860726,True,False,False,-0.769888015,2.5503787498840333,1.7240332239944456,False,point_median
PRIOR_0000753,FGSNHDM,-0.59240544,producible_prior,-3.142784,-2.3164387,-3.142784,True,False,False,-0.769888015,2.5503787498840333,1.7240332239944456,False,point_median
PRIOR_0000754,MDRKRCI,-0.39050126,producible_prior,-2.94088,-2.1145344,-2.94088,True,False,False,-0.769888015,2.5503787498840333,1.7240332239944456,False,point_median
PRIOR_0000755,TPKYTIG,0.29189968,producible_prior,-2.258479,-1.4321336,-2.258479,True,False,False,-0.769888015,2.5503787498840333,1.7240332239944456,False,point_median
PRIOR_0000756,GPEQVIE,-0.72104645,producible_prior,-3.2714252,-2.4450798,-3.2714252,True,False,False,-0.769888015,2.5503787498840333,1.7240332239944456,False,point_median
PRIOR_0000757,KIGTAYS,-0.18388057,producible_prior,-2.7342594,-1.9079138,-2.7342594,True,False,False,-0.769888015,2.5503787498840333,1.7240332239944456,False,point_median
PRIOR_0000758,TSNEKGN,0.21781063,producible_prior,-2.3325682,-1.5062226,-2.3325682,True,False,False,-0.769888015,2.5503787498840333,1.7240332239944456,False,point_median
PRIOR_0000759,RGMQNTS,0.36729717,producible_prior,-2.1830816,-1.3567361,-2.1830816,True,False,False,-0.769888015,2.5503787498840333,1.7240332239944456,False,point_median
PRIOR_0000760,VLRVAKQ,0.20016122,producible_prior,-2.3502176,-1.523872,-2.3502176,True,False,False,-0.769888015,2.5503787498840333,1.7240332239944456,False,point_median
PRIOR_0000761,ARGRSEM,1.1882384,producible_prior,-1.3621404,-0.53579485,-1.3621404,True,True,False,-0.769888015,2.5503787498840333,1.7240332239944456,False,point_median
PRIOR_0000762,GLGGKLA,1.2134974,producible_prior,-1.3368814,-0.51053584,-1.3368814,True,True,False,-0.769888015,2.5503787498840333,1.7240332239944456,False,point_median
PRIOR_0000763,DPHDNLG,-0.6462283,producible_prior,-3.196607,-2.3702617,-3.196607,True,False,False,-0.769888015,2.5503787498840333,1.7240332239944456,False,point_median
PRIOR_0000764,KHQVGNK,1.1869295,producible_prior,-1.3634493,-0.5371038,-1.3634493,True,True,False,-0.769888015,2.5503787498840333,1.7240332239944456,False,point_median
PRIOR_0000765,LIRPTVH,-0.102604866,producible_prior,-2.6529837,-1.8266381,-2.6529837,True,False,False,-0.769888015,2.5503787498840333,1.7240332239944456,False,point_median
PRIOR_0000766,VSDHKNH,0.17812824,producible_prior,-2.3722506,-1.545905,-2.3722506,True,False,False,-0.769888015,2.5503787498840333,1.7240332239944456,False,point_median
PRIOR_0000767,QQTARQV,0.72002506,producible_prior,-1.8303537,-1.0040082,-1.8303537,True,False,False,-0.769888015,2.5503787498840333,1.7240332239944456,False,point_median
PRIOR_0000768,PIPGSNR,0.17824078,producible_prior,-2.372138,-1.5457925,-2.372138,True,False,False,-0.769888015,2.5503787498840333,1.7240332239944456,False,point_median
PRIOR_0000769,HTDKHGN,-0.15223455,producible_prior,-2.7026134,-1.8762678,-2.7026134,True,False,False,-0.769888015,2.5503787498840333,1.7240332239944456,False,point_median
PRIOR_0000770,RTQPPTN,-0.10081482,producible_prior,-2.6511936,-1.824848,-2.6511936,True,False,False,-0.769888015,2.5503787498840333,1.7240332239944456,False,point_median
PRIOR_0000771,KSHSGQA,1.6350117,producible_prior,-0.9153671,-0.08902156,-0.9153671,True,True,False,-0.769888015,2.5503787498840333,1.7240332239944456,False,point_median
PRIOR_0000772,YNNFSAR,-0.5936842,producible_prior,-3.144063,-2.3177176,-3.144063,True,False,False,-0.769888015,2.5503787498840333,1.7240332239944456,False,point_median
PRIOR_0000773,YPRANIK,0.6865735,producible_prior,-1.8638053,-1.0374597,-1.8638053,True,False,False,-0.769888015,2.5503787498840333,1.7240332239944456,False,point_median
PRIOR_0000774,EFPEKGA,-0.2576685,producible_prior,-2.8080473,-1.9817017,-2.8080473,True,False,False,-0.769888015,2.5503787498840333,1.7240332239944456,False,point_median
PRIOR_0000775,SHRPINF,-0.55122876,producible_prior,-3.1016076,-2.2752619,-3.1016076,True,False,False,-0.769888015,2.5503787498840333,1.7240332239944456,False,point_median
PRIOR_0000776,MSDARKE,0.8466637,producible_prior,-1.7037151,-0.8773695,-1.7037151,True,False,False,-0.769888015,2.5503787498840333,1.7240332239944456,False,point_median
PRIOR_0000777,NKPIVDF,-0.73087776,producible_prior,-3.2812567,-2.454911,-3.2812567,True,False,False,-0.769888015,2.5503787498840333,1.7240332239944456,False,point_median
PRIOR_0000778,PISDTRT,-0.64666235,producible_prior,-3.197041,-2.3706956,-3.197041,True,False,False,-0.769888015,2.5503787498840333,1.7240332239944456,False,point_median
PRIOR_0000779,PKAGPQT,0.6749861,producible_prior,-1.8753927,-1.0490471,-1.8753927,True,False,False,-0.769888015,2.5503787498840333,1.7240332239944456,False,point_median
PRIOR_0000780,RLTHNGN,0.054389477,producible_prior,-2.4959893,-1.6696438,-2.4959893,True,False,False,-0.769888015,2.5503787498840333,1.7240332239944456,False,point_median
PRIOR_0000781,WKHQRNR,1.1423917,producible_prior,-1.4079871,-0.58164155,-1.4079871,True,True,False,-0.769888015,2.5503787498840333,1.7240332239944456,False,point_median
PRIOR_0000782,GSTEFRK,-0.6293278,producible_prior,-3.1797066,-2.3533611,-3.1797066,True,False,False,-0.769888015,2.5503787498840333,1.7240332239944456,False,point_median
PRIOR_0000783,RFSEGEE,-0.09450722,producible_prior,-2.644886,-1.8185405,-2.644886,True,False,False,-0.769888015,2.5503787498840333,1.7240332239944456,False,point_median
PRIOR_0000784,GNPLDKK,0.19706774,producible_prior,-2.353311,-1.5269655,-2.353311,True,False,False,-0.769888015,2.5503787498840333,1.7240332239944456,False,point_median
PRIOR_0000785,KQNEPQD,0.28136325,producible_prior,-2.2690156,-1.44267,-2.2690156,True,False,False,-0.769888015,2.5503787498840333,1.7240332239944456,False,point_median
PRIOR_0000786,KKKRGEP,3.5016232,producible_prior,0.95124435,1.7775899,0.95124435,True,True,True,-0.769888015,2.5503787498840333,1.7240332239944456,False,point_median
PRIOR_0000787,RNTIRST,0.48552895,producible_prior,-2.0648499,-1.2385043,-2.0648499,True,False,False,-0.769888015,2.5503787498840333,1.7240332239944456,False,point_median
PRIOR_0000788,ITPHPKT,0.4738574,producible_prior,-2.0765214,-1.2501758,-2.0765214,True,False,False,-0.769888015,2.5503787498840333,1.7240332239944456,False,point_median
PRIOR_0000789,QQNLGSE,-0.12005377,producible_prior,-2.6704326,-1.844087,-2.6704326,True,False,False,-0.769888015,2.5503787498840333,1.7240332239944456,False,point_median
PRIOR_0000790,QPQKEEE,0.64875555,producible_prior,-1.9016232,-1.0752777,-1.9016232,True,False,False,-0.769888015,2.5503787498840333,1.7240332239944456,False,point_median
PRIOR_0000791,LGPALSS,0.07011032,producible_prior,-2.4802685,-1.6539229,-2.4802685,True,False,False,-0.769888015,2.5503787498840333,1.7240332239944456,False,point_median
PRIOR_0000792,GSSYPKK,0.10990548,producible_prior,-2.4404733,-1.6141278,-2.4404733,True,False,False,-0.769888015,2.5503787498840333,1.7240332239944456,False,point_median
PRIOR_0000793,GERKYPA,0.41919065,producible_prior,-2.1311882,-1.3048426,-2.1311882,True,False,False,-0.769888015,2.5503787498840333,1.7240332239944456,False,point_median
PRIOR_0000794,FGKEMYA,-0.72415876,producible_prior,-3.2745376,-2.4481921,-3.2745376,True,False,False,-0.769888015,2.5503787498840333,1.7240332239944456,False,point_median
PRIOR_0000795,FRAIARR,0.5427344,producible_prior,-2.0076444,-1.1812989,-2.0076444,True,False,False,-0.769888015,2.5503787498840333,1.7240332239944456,False,point_median
PRIOR_0000796,PMTNAPD,-0.73041034,producible_prior,-3.2807891,-2.4544435,-3.2807891,True,False,False,-0.769888015,2.5503787498840333,1.7240332239944456,False,point_median
PRIOR_0000797,GHEKASQ,-0.19233942,producible_prior,-2.7427182,-1.9163727,-2.7427182,True,False,False,-0.769888015,2.5503787498840333,1.7240332239944456,False,point_median
PRIOR_0000798,KPKVPKD,2.1979542,producible_prior,-0.35242462,0.47392094,-0.35242462,True,True,True,-0.769888015,2.5503787498840333,1.7240332239944456,False,point_median
PRIOR_0000799,LRTKGYL,0.1680634,producible_prior,-2.3823154,-1.5559698,-2.3823154,True,False,False,-0.769888015,2.5503787498840333,1.7240332239944456,False,point_median
PRIOR_0000800,KKQSKVH,2.2375321,producible_prior,-0.31284666,0.5134989,-0.31284666,True,True,True,-0.769888015,2.5503787498840333,1.7240332239944456,False,point_median
PRIOR_0000801,FKNIQMK,0.26427698,producible_prior,-2.2861018,-1.4597563,-2.2861018,True,False,False,-0.769888015,2.5503787498840333,1.7240332239944456,False,point_median
PRIOR_0000802,IGETVTS,-0.32156146,producible_prior,-2.8719401,-2.0455947,-2.8719401,True,False,False,-0.769888015,2.5503787498840333,1.7240332239944456,False,point_median
PRIOR_0000803,LLKRPVP,1.1264725,producible_prior,-1.4239063,-0.59756076,-1.4239063,True,True,False,-0.769888015,2.5503787498840333,1.7240332239944456,False,point_median
PRIOR_0000804,LMVGNQA,-0.1274128,producible_prior,-2.6777916,-1.851446,-2.6777916,True,False,False,-0.769888015,2.5503787498840333,1.7240332239944456,False,point_median
PRIOR_0000805,RHTYINP,-0.7266226,producible_prior,-3.2770014,-2.450656,-3.2770014,True,False,False,-0.769888015,2.5503787498840333,1.7240332239944456,False,point_median
PRIOR_0000806,RGRPRTD,1.887455,producible_prior,-0.6629238,0.16342175,-0.6629238,True,True,True,-0.769888015,2.5503787498840333,1.7240332239944456,False,point_median
PRIOR_0000807,INRDHKF,0.21257877,producible_prior,-2.3378,-1.5114545,-2.3378,True,False,False,-0.769888015,2.5503787498840333,1.7240332239944456,False,point_median
PRIOR_0000808,IRAGLIG,0.57312036,producible_prior,-1.9772584,-1.1509129,-1.9772584,True,False,False,-0.769888015,2.5503787498840333,1.7240332239944456,False,point_median
PRIOR_0000809,DHPRRNQ,-0.17016983,producible_prior,-2.7205486,-1.8942031,-2.7205486,True,False,False,-0.769888015,2.5503787498840333,1.7240332239944456,False,point_median
PRIOR_0000810,SRYSIGR,-0.33557856,producible_prior,-2.8859572,-2.0596118,-2.8859572,True,False,False,-0.769888015,2.5503787498840333,1.7240332239944456,False,point_median
PRIOR_0000811,NSTVPNL,-0.6806201,producible_prior,-3.230999,-2.4046533,-3.230999,True,False,False,-0.769888015,2.5503787498840333,1.7240332239944456,False,point_median
PRIOR_0000812,EPHRIMD,-0.6964891,producible_prior,-3.246868,-2.4205222,-3.246868,True,False,False,-0.769888015,2.5503787498840333,1.7240332239944456,False,point_median
PRIOR_0000813,PFSRRVY,-0.62316823,producible_prior,-3.173547,-2.3472013,-3.173547,True,False,False,-0.769888015,2.5503787498840333,1.7240332239944456,False,point_median
PRIOR_0000814,YVRRSAF,0.36775708,producible_prior,-2.1826217,-1.3562762,-2.1826217,True,False,False,-0.769888015,2.5503787498840333,1.7240332239944456,False,point_median
PRIOR_0000815,AKEGTNT,0.46176267,producible_prior,-2.0886161,-1.2622706,-2.0886161,True,False,False,-0.769888015,2.5503787498840333,1.7240332239944456,False,point_median
PRIOR_0000816,STDNVHS,-0.51006794,producible_prior,-3.0604467,-2.2341013,-3.0604467,True,False,False,-0.769888015,2.5503787498840333,1.7240332239944456,False,point_median
PRIOR_0000817,RHTTIML,-0.571285,producible_prior,-3.1216638,-2.2953181,-3.1216638,True,False,False,-0.769888015,2.5503787498840333,1.7240332239944456,False,point_median
PRIOR_0000818,YQKGASW,-0.19921303,producible_prior,-2.7495918,-1.9232463,-2.7495918,True,False,False,-0.769888015,2.5503787498840333,1.7240332239944456,False,point_median
PRIOR_0000819,CRPRMTH,-0.21366382,producible_prior,-2.7640426,-1.937697,-2.7640426,True,False,False,-0.769888015,2.5503787498840333,1.7240332239944456,False,point_median
PRIOR_0000820,KPAEFAV,-0.7241212,producible_prior,-3.2745,-2.4481544,-3.2745,True,False,False,-0.769888015,2.5503787498840333,1.7240332239944456,False,point_median
PRIOR_0000821,VNVKLQV,0.02436304,producible_prior,-2.5260158,-1.6996702,-2.5260158,True,False,False,-0.769888015,2.5503787498840333,1.7240332239944456,False,point_median
PRIOR_0000822,TKHMSGW,-0.6667714,producible_prior,-3.2171502,-2.3908048,-3.2171502,True,False,False,-0.769888015,2.5503787498840333,1.7240332239944456,False,point_median
PRIOR_0000823,NQGSRPM,0.61446524,producible_prior,-1.9359136,-1.109568,-1.9359136,True,False,False,-0.769888015,2.5503787498840333,1.7240332239944456,False,point_median
PRIOR_0000824,RIKYHKG,1.3105152,producible_prior,-1.2398636,-0.41351807,-1.2398636,True,True,False,-0.769888015,2.5503787498840333,1.7240332239944456,False,point_median
PRIOR_0000825,TIVPSRS,0.03150344,producible_prior,-2.5188754,-1.6925298,-2.5188754,True,False,False,-0.769888015,2.5503787498840333,1.7240332239944456,False,point_median
PRIOR_0000826,TWKMRKI,0.055644035,producible_prior,-2.4947348,-1.6683892,-2.4947348,True,False,False,-0.769888015,2.5503787498840333,1.7240332239944456,False,point_median
PRIOR_0000827,RDKGWHK,-0.01574111,producible_prior,-2.56612,-1.7397743,-2.56612,True,False,False,-0.769888015,2.5503787498840333,1.7240332239944456,False,point_median
PRIOR_0000828,RQMAINM,-0.76125145,producible_prior,-3.3116302,-2.4852848,-3.3116302,True,False,False,-0.769888015,2.5503787498840333,1.7240332239944456,False,point_median
PRIOR_0000829,GMKLGHD,-0.00043153763,producible_prior,-2.5508103,-1.7244648,-2.5508103,True,False,False,-0.769888015,2.5503787498840333,1.7240332239944456,False,point_median
PRIOR_0000830,YERHNMR,-0.076245785,producible_prior,-2.6266246,-1.800279,-2.6266246,True,False,False,-0.769888015,2.5503787498840333,1.7240332239944456,False,point_median
PRIOR_0000831,QPMNGAT,-0.5280429,producible_prior,-3.0784216,-2.2520761,-3.0784216,True,False,False,-0.769888015,2.5503787498840333,1.7240332239944456,False,point_median
PRIOR_0000832,ILGKTGE,1.1208868,producible_prior,-1.429492,-0.60314643,-1.429492,True,True,False,-0.769888015,2.5503787498840333,1.7240332239944456,False,point_median
PRIOR_0000833,GIKKTMF,0.63138366,producible_prior,-1.9189951,-1.0926496,-1.9189951,True,False,False,-0.769888015,2.5503787498840333,1.7240332239944456,False,point_median
PRIOR_0000834,RTAVKPW,-0.2291987,producible_prior,-2.7795775,-1.9532319,-2.7795775,True,False,False,-0.769888015,2.5503787498840333,1.7240332239944456,False,point_median
PRIOR_0000835,RSRGEPG,1.7479153,producible_prior,-0.80246353,0.023882031,-0.80246353,True,True,False,-0.769888015,2.5503787498840333,1.7240332239944456,False,point_median
PRIOR_0000836,MLSPNGM,-0.47849703,producible_prior,-3.0288758,-2.2025304,-3.0288758,True,False,False,-0.769888015,2.5503787498840333,1.7240332239944456,False,point_median
PRIOR_0000837,TKNENES,0.83434415,producible_prior,-1.7160347,-0.8896891,-1.7160347,True,False,False,-0.769888015,2.5503787498840333,1.7240332239944456,False,point_median
PRIOR_0000838,PSKVVAF,-0.4384582,producible_prior,-2.988837,-2.1624913,-2.988837,True,False,False,-0.769888015,2.5503787498840333,1.7240332239944456,False,point_median
PRIOR_0000839,GPPENMI,-0.5704907,producible_prior,-3.1208696,-2.294524,-3.1208696,True,False,False,-0.769888015,2.5503787498840333,1.7240332239944456,False,point_median
PRIOR_0000840,QLRMTEV,-0.34300613,producible_prior,-2.893385,-2.0670395,-2.893385,True,False,False,-0.769888015,2.5503787498840333,1.7240332239944456,False,point_median
PRIOR_0000841,KGQSRWG,-0.10515785,producible_prior,-2.6555367,-1.8291911,-2.6555367,True,False,False,-0.769888015,2.5503787498840333,1.7240332239944456,False,point_median
PRIOR_0000842,EKLLLKG,-0.475101,producible_prior,-3.0254798,-2.1991343,-3.0254798,True,False,False,-0.769888015,2.5503787498840333,1.7240332239944456,False,point_median
PRIOR_0000843,FQAGHLH,-0.7401855,producible_prior,-3.2905643,-2.4642186,-3.2905643,True,False,False,-0.769888015,2.5503787498840333,1.7240332239944456,False,point_median
PRIOR_0000844,FRNAKVV,1.2276497,producible_prior,-1.3227291,-0.49638355,-1.3227291,True,True,False,-0.769888015,2.5503787498840333,1.7240332239944456,False,point_median
PRIOR_0000845,STGVHNA,0.39295578,producible_prior,-2.157423,-1.3310775,-2.157423,True,False,False,-0.769888015,2.5503787498840333,1.7240332239944456,False,point_median
PRIOR_0000846,RMPWKPI,-0.7103301,producible_prior,-3.2607088,-2.4343634,-3.2607088,True,False,False,-0.769888015,2.5503787498840333,1.7240332239944456,False,point_median
PRIOR_0000847,TGPQVNS,0.55739236,producible_prior,-1.9929864,-1.1666409,-1.9929864,True,False,False,-0.769888015,2.5503787498840333,1.7240332239944456,False,point_median
PRIOR_0000848,TTKIPMH,-0.11747646,producible_prior,-2.6678553,-1.8415097,-2.6678553,True,False,False,-0.769888015,2.5503787498840333,1.7240332239944456,False,point_median
PRIOR_0000849,RIYKRRI,0.93453217,producible_prior,-1.6158466,-0.7895011,-1.6158466,True,False,False,-0.769888015,2.5503787498840333,1.7240332239944456,False,point_median
PRIOR_0000850,FFPSRSI,-0.29246974,producible_prior,-2.8428485,-2.0165029,-2.8428485,True,False,False,-0.769888015,2.5503787498840333,1.7240332239944456,False,point_median
PRIOR_0000851,FAIGVTG,-0.36142147,producible_prior,-2.9118004,-2.0854547,-2.9118004,True,False,False,-0.769888015,2.5503787498840333,1.7240332239944456,False,point_median
PRIOR_0000852,LTDRQVM,-0.44011402,producible_prior,-2.9904928,-2.1641474,-2.9904928,True,False,False,-0.769888015,2.5503787498840333,1.7240332239944456,False,point_median
PRIOR_0000853,FVSKHSN,-0.06370163,producible_prior,-2.6140804,-1.7877349,-2.6140804,True,False,False,-0.769888015,2.5503787498840333,1.7240332239944456,False,point_median
PRIOR_0000854,VAQSDVE,-0.58841944,producible_prior,-3.1387982,-2.3124528,-3.1387982,True,False,False,-0.769888015,2.5503787498840333,1.7240332239944456,False,point_median
PRIOR_0000855,HHQADPA,-0.21830034,producible_prior,-2.7686791,-1.9423336,-2.7686791,True,False,False,-0.769888015,2.5503787498840333,1.7240332239944456,False,point_median
PRIOR_0000856,LVREEPA,-0.13676023,producible_prior,-2.687139,-1.8607935,-2.687139,True,False,False,-0.769888015,2.5503787498840333,1.7240332239944456,False,point_median
PRIOR_0000857,GPHPDTD,-0.43575835,producible_prior,-2.9861372,-2.1597915,-2.9861372,True,False,False,-0.769888015,2.5503787498840333,1.7240332239944456,False,point_median
PRIOR_0000858,HKMRTHQ,-0.04030943,producible_prior,-2.5906882,-1.7643427,-2.5906882,True,False,False,-0.769888015,2.5503787498840333,1.7240332239944456,False,point_median
PRIOR_0000859,FYHKKDM,0.037380457,producible_prior,-2.5129983,-1.6866528,-2.5129983,True,False,False,-0.769888015,2.5503787498840333,1.7240332239944456,False,point_median
PRIOR_0000860,TMGSVGN,-0.46622598,producible_prior,-3.016605,-2.1902592,-3.016605,True,False,False,-0.769888015,2.5503787498840333,1.7240332239944456,False,point_median
PRIOR_0000861,AGRDPPN,-0.35059786,producible_prior,-2.9009767,-2.0746312,-2.9009767,True,False,False,-0.769888015,2.5503787498840333,1.7240332239944456,False,point_median
PRIOR_0000862,GQGQESY,-0.7224333,producible_prior,-3.2728121,-2.4464664,-3.2728121,True,False,False,-0.769888015,2.5503787498840333,1.7240332239944456,False,point_median
PRIOR_0000863,VTFGKGE,0.2116034,producible_prior,-2.3387754,-1.5124298,-2.3387754,True,False,False,-0.769888015,2.5503787498840333,1.7240332239944456,False,point_median
PRIOR_0000864,QTKLDGV,-0.30294132,producible_prior,-2.8533201,-2.0269747,-2.8533201,True,False,False,-0.769888015,2.5503787498840333,1.7240332239944456,False,point_median
PRIOR_0000865,IVTRETP,0.23432732,producible_prior,-2.3160515,-1.4897059,-2.3160515,True,False,False,-0.769888015,2.5503787498840333,1.7240332239944456,False,point_median
PRIOR_0000866,QFTNMSP,-0.52364326,producible_prior,-3.074022,-2.2476764,-3.074022,True,False,False,-0.769888015,2.5503787498840333,1.7240332239944456,False,point_median
PRIOR_0000867,QFGNAQK,0.3897872,producible_prior,-2.1605916,-1.334246,-2.1605916,True,False,False,-0.769888015,2.5503787498840333,1.7240332239944456,False,point_median
PRIOR_0000868,WLHSLQK,-0.6853552,producible_prior,-3.235734,-2.4093885,-3.235734,True,False,False,-0.769888015,2.5503787498840333,1.7240332239944456,False,point_median
PRIOR_0000869,RVDFNRV,-0.3861978,producible_prior,-2.9365766,-2.110231,-2.9365766,True,False,False,-0.769888015,2.5503787498840333,1.7240332239944456,False,point_median
PRIOR_0000870,WEPKKIN,-0.30659115,producible_prior,-2.8569698,-2.0306244,-2.8569698,True,False,False,-0.769888015,2.5503787498840333,1.7240332239944456,False,point_median
PRIOR_0000871,NMNHEVK,-0.3372407,producible_prior,-2.8876195,-2.061274,-2.8876195,True,False,False,-0.769888015,2.5503787498840333,1.7240332239944456,False,point_median
PRIOR_0000872,RATQTRC,-0.41379046,producible_prior,-2.9641693,-2.1378236,-2.9641693,True,False,False,-0.769888015,2.5503787498840333,1.7240332239944456,False,point_median
PRIOR_0000873,LAQDGHI,-0.56176305,producible_prior,-3.1121418,-2.2857962,-3.1121418,True,False,False,-0.769888015,2.5503787498840333,1.7240332239944456,False,point_median
PRIOR_0000874,MNKTPPT,0.4696927,producible_prior,-2.080686,-1.2543405,-2.080686,True,False,False,-0.769888015,2.5503787498840333,1.7240332239944456,False,point_median
PRIOR_0000875,IQARTNF,-0.11281204,producible_prior,-2.6631908,-1.8368453,-2.6631908,True,False,False,-0.769888015,2.5503787498840333,1.7240332239944456,False,point_median
PRIOR_0000876,QVKNWKR,0.17932224,producible_prior,-2.3710566,-1.544711,-2.3710566,True,False,False,-0.769888015,2.5503787498840333,1.7240332239944456,False,point_median
PRIOR_0000877,TIHQARA,0.94714737,producible_prior,-1.6032314,-0.77688587,-1.6032314,True,False,False,-0.769888015,2.5503787498840333,1.7240332239944456,False,point_median
PRIOR_0000878,QFTRPRP,0.71346736,producible_prior,-1.8369114,-1.0105659,-1.8369114,True,False,False,-0.769888015,2.5503787498840333,1.7240332239944456,False,point_median
PRIOR_0000879,QGQWAKG,0.052006006,producible_prior,-2.4983728,-1.6720272,-2.4983728,True,False,False,-0.769888015,2.5503787498840333,1.7240332239944456,False,point_median
PRIOR_0000880,YMHRRLH,0.04107976,producible_prior,-2.509299,-1.6829535,-2.509299,True,False,False,-0.769888015,2.5503787498840333,1.7240332239944456,False,point_median
PRIOR_0000881,KEPKRQF,1.1285748,producible_prior,-1.421804,-0.5954584,-1.421804,True,True,False,-0.769888015,2.5503787498840333,1.7240332239944456,False,point_median
PRIOR_0000882,GHKINRY,0.20941496,producible_prior,-2.3409638,-1.5146183,-2.3409638,True,False,False,-0.769888015,2.5503787498840333,1.7240332239944456,False,point_median
PRIOR_0000883,GGVDRVE,-0.15469956,producible_prior,-2.7050784,-1.8787328,-2.7050784,True,False,False,-0.769888015,2.5503787498840333,1.7240332239944456,False,point_median
PRIOR_0000884,LKDMATT,-0.63108325,producible_prior,-3.181462,-2.3551164,-3.181462,True,False,False,-0.769888015,2.5503787498840333,1.7240332239944456,False,point_median
PRIOR_0000885,LKRYRFH,-0.35549188,producible_prior,-2.9058707,-2.079525,-2.9058707,True,False,False,-0.769888015,2.5503787498840333,1.7240332239944456,False,point_median
PRIOR_0000886,SSQLRGS,0.186759,producible_prior,-2.3636198,-1.5372742,-2.3636198,True,False,False,-0.769888015,2.5503787498840333,1.7240332239944456,False,point_median
PRIOR_0000887,GRPKRQW,1.1132221,producible_prior,-1.4371567,-0.6108111,-1.4371567,True,True,False,-0.769888015,2.5503787498840333,1.7240332239944456,False,point_median
PRIOR_0000888,WAHTHVS,-0.5396724,producible_prior,-3.0900512,-2.2637057,-3.0900512,True,False,False,-0.769888015,2.5503787498840333,1.7240332239944456,False,point_median
PRIOR_0000889,GKPSGPY,0.64937353,producible_prior,-1.9010053,-1.0746597,-1.9010053,True,False,False,-0.769888015,2.5503787498840333,1.7240332239944456,False,point_median
PRIOR_0000890,WIKRPRA,1.3492658,producible_prior,-1.201113,-0.37476742,-1.201113,True,True,False,-0.769888015,2.5503787498840333,1.7240332239944456,False,point_median
PRIOR_0000891,YHNNMNE,-0.28093362,producible_prior,-2.8313124,-2.0049667,-2.8313124,True,False,False,-0.769888015,2.5503787498840333,1.7240332239944456,False,point_median
PRIOR_0000892,WMRNGFA,-0.66743386,producible_prior,-3.2178125,-2.391467,-3.2178125,True,False,False,-0.769888015,2.5503787498840333,1.7240332239944456,False,point_median
PRIOR_0000893,FPHNPTN,-0.57318795,producible_prior,-3.1235666,-2.2972212,-3.1235666,True,False,False,-0.769888015,2.5503787498840333,1.7240332239944456,False,point_median
PRIOR_0000894,IAERAHQ,-0.7325028,producible_prior,-3.2828817,-2.456536,-3.2828817,True,False,False,-0.769888015,2.5503787498840333,1.7240332239944456,False,point_median
PRIOR_0000895,QVGEPLR,-0.6787598,producible_prior,-3.2291386,-2.402793,-3.2291386,True,False,False,-0.769888015,2.5503787498840333,1.7240332239944456,False,point_median
PRIOR_0000896,DSKKKYL,0.46420622,producible_prior,-2.0861726,-1.259827,-2.0861726,True,False,False,-0.769888015,2.5503787498840333,1.7240332239944456,False,point_median
PRIOR_0000897,AQGQDRD,-0.07482147,producible_prior,-2.6252003,-1.7988547,-2.6252003,True,False,False,-0.769888015,2.5503787498840333,1.7240332239944456,False,point_median
PRIOR_0000898,QDAMRRG,0.26202154,producible_prior,-2.2883573,-1.4620117,-2.2883573,True,False,False,-0.769888015,2.5503787498840333,1.7240332239944456,False,point_median
PRIOR_0000899,VVNERRV,0.4671769,producible_prior,-2.083202,-1.2568563,-2.083202,True,False,False,-0.769888015,2.5503787498840333,1.7240332239944456,False,point_median
PRIOR_0000900,AKIMMVG,-0.7487719,producible_prior,-3.2991507,-2.472805,-3.2991507,True,False,False,-0.769888015,2.5503787498840333,1.7240332239944456,False,point_median
PRIOR_0000901,INTTIGI,-0.5092237,producible_prior,-3.0596025,-2.2332568,-3.0596025,True,False,False,-0.769888015,2.5503787498840333,1.7240332239944456,False,point_median
PRIOR_0000902,DRTHHNL,-0.35314965,producible_prior,-2.9035285,-2.0771828,-2.9035285,True,False,False,-0.769888015,2.5503787498840333,1.7240332239944456,False,point_median
PRIOR_0000903,VFKLHKM,0.005551338,producible_prior,-2.5448275,-1.7184819,-2.5448275,True,False,False,-0.769888015,2.5503787498840333,1.7240332239944456,False,point_median
PRIOR_0000904,MIPVSLE,-0.6840701,producible_prior,-3.234449,-2.4081035,-3.234449,True,False,False,-0.769888015,2.5503787498840333,1.7240332239944456,False,point_median
PRIOR_0000905,QAVGQVP,0.06516504,producible_prior,-2.4852138,-1.6588682,-2.4852138,True,False,False,-0.769888015,2.5503787498840333,1.7240332239944456,False,point_median
PRIOR_0000906,ITLKGNP,0.3827281,producible_prior,-2.1676507,-1.3413051,-2.1676507,True,False,False,-0.769888015,2.5503787498840333,1.7240332239944456,False,point_median
PRIOR_0000907,KQHPKHG,1.9850006,producible_prior,-0.5653782,0.26096737,-0.5653782,True,True,True,-0.769888015,2.5503787498840333,1.7240332239944456,False,point_median
PRIOR_0000908,VPKDYHD,-0.7382612,producible_prior,-3.28864,-2.4622946,-3.28864,True,False,False,-0.769888015,2.5503787498840333,1.7240332239944456,False,point_median
PRIOR_0000909,SWPKLNA,-0.4131819,producible_prior,-2.9635606,-2.1372151,-2.9635606,True,False,False,-0.769888015,2.5503787498840333,1.7240332239944456,False,point_median
PRIOR_0000910,HFSPAHK,-0.20196772,producible_prior,-2.7523465,-1.926001,-2.7523465,True,False,False,-0.769888015,2.5503787498840333,1.7240332239944456,False,point_median
PRIOR_0000911,LRWKDGA,-0.7231784,producible_prior,-3.2735572,-2.4472117,-3.2735572,True,False,False,-0.769888015,2.5503787498840333,1.7240332239944456,False,point_median
PRIOR_0000912,WGQKMHT,-0.28392792,producible_prior,-2.8343067,-2.0079613,-2.8343067,True,False,False,-0.769888015,2.5503787498840333,1.7240332239944456,False,point_median
PRIOR_0000913,RNFTANP,0.07724857,producible_prior,-2.4731302,-1.6467847,-2.4731302,True,False,False,-0.769888015,2.5503787498840333,1.7240332239944456,False,point_median
PRIOR_0000914,NKILSRF,-0.6366391,producible_prior,-3.187018,-2.3606725,-3.187018,True,False,False,-0.769888015,2.5503787498840333,1.7240332239944456,False,point_median
PRIOR_0000915,GTDRTML,-0.45180035,producible_prior,-3.0021791,-2.1758337,-3.0021791,True,False,False,-0.769888015,2.5503787498840333,1.7240332239944456,False,point_median
PRIOR_0000916,HGGRDHL,-0.016142368,producible_prior,-2.5665212,-1.7401756,-2.5665212,True,False,False,-0.769888015,2.5503787498840333,1.7240332239944456,False,point_median
PRIOR_0000917,HRSPRED,0.99402094,producible_prior,-1.5563579,-0.7300123,-1.5563579,True,True,False,-0.769888015,2.5503787498840333,1.7240332239944456,False,point_median
PRIOR_0000918,MHGKYIP,-0.2601893,producible_prior,-2.810568,-1.9842225,-2.810568,True,False,False,-0.769888015,2.5503787498840333,1.7240332239944456,False,point_median
PRIOR_0000919,GRMSDQT,-0.6563461,producible_prior,-3.206725,-2.3803792,-3.206725,True,False,False,-0.769888015,2.5503787498840333,1.7240332239944456,False,point_median
PRIOR_0000920,IKKHWRE,0.79032993,producible_prior,-1.7600489,-0.9337033,-1.7600489,True,False,False,-0.769888015,2.5503787498840333,1.7240332239944456,False,point_median
PRIOR_0000921,VGGVTNE,0.48952317,producible_prior,-2.0608556,-1.2345101,-2.0608556,True,False,False,-0.769888015,2.5503787498840333,1.7240332239944456,False,point_median
PRIOR_0000922,QKKEGRT,1.8515658,producible_prior,-0.69881296,0.1275326,-0.69881296,True,True,True,-0.769888015,2.5503787498840333,1.7240332239944456,False,point_median
PRIOR_0000923,SSKRMVL,0.5616591,producible_prior,-1.9887197,-1.1623741,-1.9887197,True,False,False,-0.769888015,2.5503787498840333,1.7240332239944456,False,point_median
PRIOR_0000924,HFPSPQR,-0.11555004,producible_prior,-2.6659288,-1.8395833,-2.6659288,True,False,False,-0.769888015,2.5503787498840333,1.7240332239944456,False,point_median
PRIOR_0000925,ITHANDT,-0.57063365,producible_prior,-3.1210124,-2.2946668,-3.1210124,True,False,False,-0.769888015,2.5503787498840333,1.7240332239944456,False,point_median
PRIOR_0000926,IGLTHGE,-0.5516255,producible_prior,-3.1020043,-2.2756586,-3.1020043,True,False,False,-0.769888015,2.5503787498840333,1.7240332239944456,False,point_median
PRIOR_0000927,YLRAQRV,0.7904005,producible_prior,-1.7599783,-0.93363273,-1.7599783,True,False,False,-0.769888015,2.5503787498840333,1.7240332239944456,False,point_median
PRIOR_0000928,GVNKRHF,0.693398,producible_prior,-1.8569808,-1.0306352,-1.8569808,True,False,False,-0.769888015,2.5503787498840333,1.7240332239944456,False,point_median
PRIOR_0000929,YDAGRTK,0.4557116,producible_prior,-2.0946672,-1.2683216,-2.0946672,True,False,False,-0.769888015,2.5503787498840333,1.7240332239944456,False,point_median
PRIOR_0000930,FMYRQAK,-0.7272295,producible_prior,-3.2776084,-2.4512627,-3.2776084,True,False,False,-0.769888015,2.5503787498840333,1.7240332239944456,False,point_median
PRIOR_0000931,KFEIVKD,-0.460325,producible_prior,-3.0107038,-2.1843581,-3.0107038,True,False,False,-0.769888015,2.5503787498840333,1.7240332239944456,False,point_median
PRIOR_0000932,SVIQVKV,-0.3009609,producible_prior,-2.8513398,-2.0249941,-2.8513398,True,False,False,-0.769888015,2.5503787498840333,1.7240332239944456,False,point_median
PRIOR_0000933,QDSASPG,0.26853442,producible_prior,-2.2818444,-1.4554988,-2.2818444,True,False,False,-0.769888015,2.5503787498840333,1.7240332239944456,False,point_median
PRIOR_0000934,FQHLNKV,-0.08709335,producible_prior,-2.6374722,-1.8111266,-2.6374722,True,False,False,-0.769888015,2.5503787498840333,1.7240332239944456,False,point_median
PRIOR_0000935,AASGKQP,1.6085737,producible_prior,-0.9418051,-0.11545956,-0.9418051,True,True,False,-0.769888015,2.5503787498840333,1.7240332239944456,False,point_median
PRIOR_0000936,QEHNKIG,0.67493796,producible_prior,-1.8754408,-1.0490953,-1.8754408,True,False,False,-0.769888015,2.5503787498840333,1.7240332239944456,False,point_median
PRIOR_0000937,RFAVSLD,-0.5539099,producible_prior,-3.1042886,-2.2779431,-3.1042886,True,False,False,-0.769888015,2.5503787498840333,1.7240332239944456,False,point_median
PRIOR_0000938,TLEGDKP,0.14473867,producible_prior,-2.4056401,-1.5792946,-2.4056401,True,False,False,-0.769888015,2.5503787498840333,1.7240332239944456,False,point_median
PRIOR_0000939,THSTHIS,-0.074269295,producible_prior,-2.624648,-1.7983025,-2.624648,True,False,False,-0.769888015,2.5503787498840333,1.7240332239944456,False,point_median
PRIOR_0000940,TKHITYG,0.25890923,producible_prior,-2.2914696,-1.465124,-2.2914696,True,False,False,-0.769888015,2.5503787498840333,1.7240332239944456,False,point_median
PRIOR_0000941,QEATTNA,0.01999998,producible_prior,-2.5303788,-1.7040333,-2.5303788,True,False,False,-0.769888015,2.5503787498840333,1.7240332239944456,False,point_median
PRIOR_0000942,AYGSRYG,-0.58112526,producible_prior,-3.131504,-2.3051586,-3.131504,True,False,False,-0.769888015,2.5503787498840333,1.7240332239944456,False,point_median
PRIOR_0000943,TPYNQKY,-0.6640042,producible_prior,-3.2143831,-2.3880374,-3.2143831,True,False,False,-0.769888015,2.5503787498840333,1.7240332239944456,False,point_median
PRIOR_0000944,QYSHVQG,-0.11913562,producible_prior,-2.6695144,-1.8431689,-2.6695144,True,False,False,-0.769888015,2.5503787498840333,1.7240332239944456,False,point_median
PRIOR_0000945,DVTKKNM,0.6373048,producible_prior,-1.913074,-1.0867285,-1.913074,True,False,False,-0.769888015,2.5503787498840333,1.7240332239944456,False,point_median
PRIOR_0000946,ISEFSQG,-0.74652815,producible_prior,-3.296907,-2.4705615,-3.296907,True,False,False,-0.769888015,2.5503787498840333,1.7240332239944456,False,point_median
PRIOR_0000947,GIRVEYK,-0.760458,producible_prior,-3.3108368,-2.4844913,-3.3108368,True,False,False,-0.769888015,2.5503787498840333,1.7240332239944456,False,point_median
PRIOR_0000948,NGFREQV,-0.4375683,producible_prior,-2.987947,-2.1616015,-2.987947,True,False,False,-0.769888015,2.5503787498840333,1.7240332239944456,False,point_median
PRIOR_0000949,YAHWPKP,-0.7114644,producible_prior,-3.2618432,-2.4354978,-3.2618432,True,False,False,-0.769888015,2.5503787498840333,1.7240332239944456,False,point_median
PRIOR_0000950,FKSSGCA,-0.11420035,producible_prior,-2.6645792,-1.8382336,-2.6645792,True,False,False,-0.769888015,2.5503787498840333,1.7240332239944456,False,point_median
PRIOR_0000951,GRFGPMD,-0.40188146,producible_prior,-2.9522603,-2.1259146,-2.9522603,True,False,False,-0.769888015,2.5503787498840333,1.7240332239944456,False,point_median
PRIOR_0000952,KPKAMPY,0.56588364,producible_prior,-1.9844952,-1.1581496,-1.9844952,True,False,False,-0.769888015,2.5503787498840333,1.7240332239944456,False,point_median
PRIOR_0000953,LDARQLV,-0.5429213,producible_prior,-3.0933,-2.2669544,-3.0933,True,False,False,-0.769888015,2.5503787498840333,1.7240332239944456,False,point_median
PRIOR_0000954,ISKHQSC,-0.7331952,producible_prior,-3.283574,-2.4572284,-3.283574,True,False,False,-0.769888015,2.5503787498840333,1.7240332239944456,False,point_median
PRIOR_0000955,IHSANPR,0.2523036,producible_prior,-2.2980752,-1.4717296,-2.2980752,True,False,False,-0.769888015,2.5503787498840333,1.7240332239944456,False,point_median
PRIOR_0000956,KTEGFHG,-0.1758151,producible_prior,-2.726194,-1.8998483,-2.726194,True,False,False,-0.769888015,2.5503787498840333,1.7240332239944456,False,point_median
PRIOR_0000957,TVPPTGG,0.82948494,producible_prior,-1.7208939,-0.8945483,-1.7208939,True,False,False,-0.769888015,2.5503787498840333,1.7240332239944456,False,point_median
PRIOR_0000958,VMNNMAP,-0.3161826,producible_prior,-2.8665614,-2.040216,-2.8665614,True,False,False,-0.769888015,2.5503787498840333,1.7240332239944456,False,point_median
PRIOR_0000959,DVHKDGD,-0.4110148,producible_prior,-2.9613936,-2.135048,-2.9613936,True,False,False,-0.769888015,2.5503787498840333,1.7240332239944456,False,point_median
PRIOR_0000960,RSHQTAI,0.705987,producible_prior,-1.8443918,-1.0180463,-1.8443918,True,False,False,-0.769888015,2.5503787498840333,1.7240332239944456,False,point_median
PRIOR_0000961,IVNIRHS,-0.0050349236,producible_prior,-2.5554137,-1.7290682,-2.5554137,True,False,False,-0.769888015,2.5503787498840333,1.7240332239944456,False,point_median
PRIOR_0000962,KGFVVHK,-0.15953922,producible_prior,-2.709918,-1.8835725,-2.709918,True,False,False,-0.769888015,2.5503787498840333,1.7240332239944456,False,point_median
PRIOR_0000963,GYHGRAD,0.2110982,producible_prior,-2.3392806,-1.512935,-2.3392806,True,False,False,-0.769888015,2.5503787498840333,1.7240332239944456,False,point_median
PRIOR_0000964,VANTRDG,0.8688512,producible_prior,-1.6815276,-0.85518205,-1.6815276,True,False,False,-0.769888015,2.5503787498840333,1.7240332239944456,False,point_median
PRIOR_0000965,LMLNTRG,-0.13242483,producible_prior,-2.6828036,-1.8564581,-2.6828036,True,False,False,-0.769888015,2.5503787498840333,1.7240332239944456,False,point_median
PRIOR_0000966,DTHQISG,-0.33036757,producible_prior,-2.8807464,-2.054401,-2.8807464,True,False,False,-0.769888015,2.5503787498840333,1.7240332239944456,False,point_median
PRIOR_0000967,FSQRQYV,-0.7673373,producible_prior,-3.3177161,-2.4913707,-3.3177161,True,False,False,-0.769888015,2.5503787498840333,1.7240332239944456,False,point_median
PRIOR_0000968,MERPASG,0.63981295,producible_prior,-1.9105659,-1.0842203,-1.9105659,True,False,False,-0.769888015,2.5503787498840333,1.7240332239944456,False,point_median
PRIOR_0000969,AQRPGAE,0.81005764,producible_prior,-1.7403212,-0.9139756,-1.7403212,True,False,False,-0.769888015,2.5503787498840333,1.7240332239944456,False,point_median
PRIOR_0000970,LKIQRYA,-0.12722015,producible_prior,-2.677599,-1.8512534,-2.677599,True,False,False,-0.769888015,2.5503787498840333,1.7240332239944456,False,point_median
PRIOR_0000971,NMIHRTE,-0.4484781,producible_prior,-2.998857,-2.1725113,-2.998857,True,False,False,-0.769888015,2.5503787498840333,1.7240332239944456,False,point_median
PRIOR_0000972,KHIKNLE,0.43427634,producible_prior,-2.1161025,-1.2897569,-2.1161025,True,False,False,-0.769888015,2.5503787498840333,1.7240332239944456,False,point_median
PRIOR_0000973,KAKLFSV,-0.059096813,producible_prior,-2.6094756,-1.78313,-2.6094756,True,False,False,-0.769888015,2.5503787498840333,1.7240332239944456,False,point_median
PRIOR_0000974,GKVVYHP,-0.50819707,producible_prior,-3.0585759,-2.2322302,-3.0585759,True,False,False,-0.769888015,2.5503787498840333,1.7240332239944456,False,point_median
PRIOR_0000975,QSERNPQ,-0.7069906,producible_prior,-3.2573695,-2.4310238,-3.2573695,True,False,False,-0.769888015,2.5503787498840333,1.7240332239944456,False,point_median
PRIOR_0000976,LHGPTQY,-0.57381034,producible_prior,-3.1241891,-2.2978435,-3.1241891,True,False,False,-0.769888015,2.5503787498840333,1.7240332239944456,False,point_median
PRIOR_0000977,RQQAFSL,-0.71744204,producible_prior,-3.2678208,-2.4414754,-3.2678208,True,False,False,-0.769888015,2.5503787498840333,1.7240332239944456,False,point_median
PRIOR_0000978,DFRRSAS,0.43146777,producible_prior,-2.118911,-1.2925655,-2.118911,True,False,False,-0.769888015,2.5503787498840333,1.7240332239944456,False,point_median
PRIOR_0000979,HPPGDDK,0.047572613,producible_prior,-2.5028062,-1.6764606,-2.5028062,True,False,False,-0.769888015,2.5503787498840333,1.7240332239944456,False,point_median
PRIOR_0000980,REDPRNL,-0.2986977,producible_prior,-2.8490765,-2.0227308,-2.8490765,True,False,False,-0.769888015,2.5503787498840333,1.7240332239944456,False,point_median
PRIOR_0000981,GGHTSQG,1.3094516,producible_prior,-1.2409272,-0.41458166,-1.2409272,True,True,False,-0.769888015,2.5503787498840333,1.7240332239944456,False,point_median
PRIOR_0000982,VIGKAVM,0.3787403,producible_prior,-2.1716385,-1.3452929,-2.1716385,True,False,False,-0.769888015,2.5503787498840333,1.7240332239944456,False,point_median
PRIOR_0000983,TFDAATR,-0.56485784,producible_prior,-3.1152368,-2.288891,-3.1152368,True,False,False,-0.769888015,2.5503787498840333,1.7240332239944456,False,point_median
PRIOR_0000984,KGLHRVF,-0.22831511,producible_prior,-2.778694,-1.9523484,-2.778694,True,False,False,-0.769888015,2.5503787498840333,1.7240332239944456,False,point_median
PRIOR_0000985,WMDKRNN,-0.6373843,producible_prior,-3.1877632,-2.3614175,-3.1877632,True,False,False,-0.769888015,2.5503787498840333,1.7240332239944456,False,point_median
PRIOR_0000986,SKKDMES,1.0702722,producible_prior,-1.4801066,-0.653761,-1.4801066,True,True,False,-0.769888015,2.5503787498840333,1.7240332239944456,False,point_median
PRIOR_0000987,VYPRAVL,-0.68854785,producible_prior,-3.2389266,-2.412581,-3.2389266,True,False,False,-0.769888015,2.5503787498840333,1.7240332239944456,False,point_median
PRIOR_0000988,QDHKLSS,0.21574187,producible_prior,-2.334637,-1.5082914,-2.334637,True,False,False,-0.769888015,2.5503787498840333,1.7240332239944456,False,point_median
PRIOR_0000989,MTGKEKQ,0.5179503,producible_prior,-2.0324285,-1.2060829,-2.0324285,True,False,False,-0.769888015,2.5503787498840333,1.7240332239944456,False,point_median
PRIOR_0000990,GKNLLNT,-0.28481317,producible_prior,-2.835192,-2.0088463,-2.835192,True,False,False,-0.769888015,2.5503787498840333,1.7240332239944456,False,point_median
PRIOR_0000991,FRHNKPT,1.052921,producible_prior,-1.4974577,-0.6711122,-1.4974577,True,True,False,-0.769888015,2.5503787498840333,1.7240332239944456,False,point_median
PRIOR_0000992,ERMSKVF,-0.7352412,producible_prior,-3.28562,-2.4592743,-3.28562,True,False,False,-0.769888015,2.5503787498840333,1.7240332239944456,False,point_median
PRIOR_0000993,YFMSKGH,-0.689404,producible_prior,-3.2397828,-2.4134374,-3.2397828,True,False,False,-0.769888015,2.5503787498840333,1.7240332239944456,False,point_median
PRIOR_0000994,HMAKNDV,0.136724,producible_prior,-2.4136548,-1.5873092,-2.4136548,True,False,False,-0.769888015,2.5503787498840333,1.7240332239944456,False,point_median
PRIOR_0000995,HHQHRRY,0.3053155,producible_prior,-2.2450633,-1.4187177,-2.2450633,True,False,False,-0.769888015,2.5503787498840333,1.7240332239944456,False,point_median
PRIOR_0000996,SKIQGAH,0.31858587,producible_prior,-2.231793,-1.4054474,-2.231793,True,False,False,-0.769888015,2.5503787498840333,1.7240332239944456,False,point_median
PRIOR_0000997,SKRHFSP,0.95600915,producible_prior,-1.5943696,-0.7680241,-1.5943696,True,True,False,-0.769888015,2.5503787498840333,1.7240332239944456,False,point_median
PRIOR_0000998,FGFGHSG,-0.24957275,producible_prior,-2.7999516,-1.973606,-2.7999516,True,False,False,-0.769888015,2.5503787498840333,1.7240332239944456,False,point_median
PRIOR_0000999,ATPMIQG,-0.55084574,producible_prior,-3.1012244,-2.274879,-3.1012244,True,False,False,-0.769888015,2.5503787498840333,1.7240332239944456,False,point_median
PRIOR_0001000,MSNFMRA,-0.4797467,producible_prior,-3.0301256,-2.20378,-3.0301256,True,False,False,-0.769888015,2.5503787498840333,1.7240332239944456,False,point_median
PRIOR_0001001,HPPARLT,0.14828205,producible_prior,-2.4020967,-1.5757512,-2.4020967,True,False,False,-0.769888015,2.5503787498840333,1.7240332239944456,False,point_median
PRIOR_0001002,KEQKRLR,1.3483744,producible_prior,-1.2020044,-0.37565887,-1.2020044,True,True,False,-0.769888015,2.5503787498840333,1.7240332239944456,False,point_median
PRIOR_0001003,SLHNIQV,-0.33575904,producible_prior,-2.886138,-2.0597923,-2.886138,True,False,False,-0.769888015,2.5503787498840333,1.7240332239944456,False,point_median
PRIOR_0001004,GDKRPHH,0.742141,producible_prior,-1.8082378,-0.9818922,-1.8082378,True,False,False,-0.769888015,2.5503787498840333,1.7240332239944456,False,point_median
PRIOR_0001005,AGHASIS,0.14777875,producible_prior,-2.4026,-1.5762545,-2.4026,True,False,False,-0.769888015,2.5503787498840333,1.7240332239944456,False,point_median
PRIOR_0001006,RMAEDRG,0.17532563,producible_prior,-2.3750532,-1.5487076,-2.3750532,True,False,False,-0.769888015,2.5503787498840333,1.7240332239944456,False,point_median
PRIOR_0001007,NMQFRHS,-0.6777139,producible_prior,-3.2280927,-2.4017472,-3.2280927,True,False,False,-0.769888015,2.5503787498840333,1.7240332239944456,False,point_median
PRIOR_0001008,QPMNNKK,0.7027831,producible_prior,-1.8475957,-1.0212501,-1.8475957,True,False,False,-0.769888015,2.5503787498840333,1.7240332239944456,False,point_median
PRIOR_0001009,ARPQKDN,0.68675256,producible_prior,-1.8636262,-1.0372807,-1.8636262,True,False,False,-0.769888015,2.5503787498840333,1.7240332239944456,False,point_median
PRIOR_0001010,DSKKNFT,-0.13597155,producible_prior,-2.6863503,-1.8600048,-2.6863503,True,False,False,-0.769888015,2.5503787498840333,1.7240332239944456,False,point_median
PRIOR_0001011,RSAIMNS,-0.15157604,producible_prior,-2.7019548,-1.8756093,-2.7019548,True,False,False,-0.769888015,2.5503787498840333,1.7240332239944456,False,point_median
PRIOR_0001012,LAKALSA,0.8878875,producible_prior,-1.6624913,-0.83614576,-1.6624913,True,False,False,-0.769888015,2.5503787498840333,1.7240332239944456,False,point_median
PRIOR_0001013,KITQTMQ,-0.6719687,producible_prior,-3.2223475,-2.3960018,-3.2223475,True,False,False,-0.769888015,2.5503787498840333,1.7240332239944456,False,point_median
PRIOR_0001014,MMPHETR,-0.5054021,producible_prior,-3.055781,-2.2294354,-3.055781,True,False,False,-0.769888015,2.5503787498840333,1.7240332239944456,False,point_median
PRIOR_0001015,MGVQIRK,0.09841514,producible_prior,-2.4519637,-1.6256181,-2.4519637,True,False,False,-0.769888015,2.5503787498840333,1.7240332239944456,False,point_median
PRIOR_0001016,VPNEVHG,0.024291039,producible_prior,-2.5260878,-1.6997422,-2.5260878,True,False,False,-0.769888015,2.5503787498840333,1.7240332239944456,False,point_median
PRIOR_0001017,WARDTRP,0.51478577,producible_prior,-2.035593,-1.2092475,-2.035593,True,False,False,-0.769888015,2.5503787498840333,1.7240332239944456,False,point_median
PRIOR_0001018,YLKAYTE,-0.4871366,producible_prior,-3.0375154,-2.2111697,-3.0375154,True,False,False,-0.769888015,2.5503787498840333,1.7240332239944456,False,point_median
PRIOR_0001019,YVNKAAT,0.44273663,producible_prior,-2.1076422,-1.2812966,-2.1076422,True,False,False,-0.769888015,2.5503787498840333,1.7240332239944456,False,point_median
PRIOR_0001020,QTPAHRV,0.5773611,producible_prior,-1.9730177,-1.1466721,-1.9730177,True,False,False,-0.769888015,2.5503787498840333,1.7240332239944456,False,point_median
PRIOR_0001021,VTLKARG,0.9746032,producible_prior,-1.5757756,-0.74943006,-1.5757756,True,True,False,-0.769888015,2.5503787498840333,1.7240332239944456,False,point_median
PRIOR_0001022,NNRLLAS,-0.16282463,producible_prior,-2.7132034,-1.8868579,-2.7132034,True,False,False,-0.769888015,2.5503787498840333,1.7240332239944456,False,point_median
PRIOR_0001023,GSDGTFR,-0.7553575,producible_prior,-3.3057363,-2.4793906,-3.3057363,True,False,False,-0.769888015,2.5503787498840333,1.7240332239944456,False,point_median
PRIOR_0001024,RWKMSPI,-0.6904123,producible_prior,-3.240791,-2.4144454,-3.240791,True,False,False,-0.769888015,2.5503787498840333,1.7240332239944456,False,point_median
PRIOR_0001025,VLRHDME,-0.48663974,producible_prior,-3.0370185,-2.2106729,-3.0370185,True,False,False,-0.769888015,2.5503787498840333,1.7240332239944456,False,point_median
PRIOR_0001026,FKSGELV,0.20771861,producible_prior,-2.3426602,-1.5163146,-2.3426602,True,False,False,-0.769888015,2.5503787498840333,1.7240332239944456,False,point_median
PRIOR_0001027,VKSIETH,-0.117842674,producible_prior,-2.6682215,-1.8418759,-2.6682215,True,False,False,-0.769888015,2.5503787498840333,1.7240332239944456,False,point_median
PRIOR_0001028,HTESERA,0.0369761,producible_prior,-2.5134027,-1.6870571,-2.5134027,True,False,False,-0.769888015,2.5503787498840333,1.7240332239944456,False,point_median
PRIOR_0001029,NITRPAY,-0.597929,producible_prior,-3.1483078,-2.3219624,-3.1483078,True,False,False,-0.769888015,2.5503787498840333,1.7240332239944456,False,point_median
PRIOR_0001030,KRQDRRK,2.393898,producible_prior,-0.15648079,0.6698648,-0.15648079,True,True,True,-0.769888015,2.5503787498840333,1.7240332239944456,False,point_median
PRIOR_0001031,THHVSRN,0.20232034,producible_prior,-2.3480585,-1.5217129,-2.3480585,True,False,False,-0.769888015,2.5503787498840333,1.7240332239944456,False,point_median
PRIOR_0001032,RGIMRTP,0.1592629,producible_prior,-2.391116,-1.5647703,-2.391116,True,False,False,-0.769888015,2.5503787498840333,1.7240332239944456,False,point_median
PRIOR_0001033,QEATRHN,-0.5801692,producible_prior,-3.130548,-2.3042026,-3.130548,True,False,False,-0.769888015,2.5503787498840333,1.7240332239944456,False,point_median
PRIOR_0001034,KPYRLSK,0.36447144,producible_prior,-2.1859074,-1.3595618,-2.1859074,True,False,False,-0.769888015,2.5503787498840333,1.7240332239944456,False,point_median
PRIOR_0001035,HASPYKE,-0.14054394,producible_prior,-2.6909227,-1.8645772,-2.6909227,True,False,False,-0.769888015,2.5503787498840333,1.7240332239944456,False,point_median
PRIOR_0001036,REIAPKV,0.10710573,producible_prior,-2.443273,-1.6169275,-2.443273,True,False,False,-0.769888015,2.5503787498840333,1.7240332239944456,False,point_median
PRIOR_0001037,TGMTASG,0.31887627,producible_prior,-2.2315025,-1.405157,-2.2315025,True,False,False,-0.769888015,2.5503787498840333,1.7240332239944456,False,point_median
PRIOR_0001038,KRDKYRR,1.3984902,producible_prior,-1.1518886,-0.32554305,-1.1518886,True,True,False,-0.769888015,2.5503787498840333,1.7240332239944456,False,point_median
PRIOR_0001039,MHSNDQT,-0.7427429,producible_prior,-3.2931218,-2.4667761,-3.2931218,True,False,False,-0.769888015,2.5503787498840333,1.7240332239944456,False,point_median
PRIOR_0001040,NHSLGHH,-0.5834923,producible_prior,-3.133871,-2.3075256,-3.133871,True,False,False,-0.769888015,2.5503787498840333,1.7240332239944456,False,point_median
PRIOR_0001041,PYGGSPE,-0.34119356,producible_prior,-2.8915725,-2.0652268,-2.8915725,True,False,False,-0.769888015,2.5503787498840333,1.7240332239944456,False,point_median
PRIOR_0001042,EGRGANQ,-0.16690493,producible_prior,-2.7172837,-1.8909382,-2.7172837,True,False,False,-0.769888015,2.5503787498840333,1.7240332239944456,False,point_median
PRIOR_0001043,KDNHIVK,0.119552135,producible_prior,-2.4308267,-1.6044811,-2.4308267,True,False,False,-0.769888015,2.5503787498840333,1.7240332239944456,False,point_median
PRIOR_0001044,AKHMNHL,-0.28579545,producible_prior,-2.8361742,-2.0098286,-2.8361742,True,False,False,-0.769888015,2.5503787498840333,1.7240332239944456,False,point_median
PRIOR_0001045,GAHQTMS,0.28115892,producible_prior,-2.2692199,-1.4428743,-2.2692199,True,False,False,-0.769888015,2.5503787498840333,1.7240332239944456,False,point_median
PRIOR_0001046,KVEQATK,0.53795767,producible_prior,-2.0124211,-1.1860756,-2.0124211,True,False,False,-0.769888015,2.5503787498840333,1.7240332239944456,False,point_median
PRIOR_0001047,RNKIDGM,0.37664962,producible_prior,-2.1737292,-1.3473836,-2.1737292,True,False,False,-0.769888015,2.5503787498840333,1.7240332239944456,False,point_median
PRIOR_0001048,KLKDRFF,-0.3435079,producible_prior,-2.8938866,-2.0675411,-2.8938866,True,False,False,-0.769888015,2.5503787498840333,1.7240332239944456,False,point_median
PRIOR_0001049,NQVHSKI,0.2739501,producible_prior,-2.2764287,-1.4500831,-2.2764287,True,False,False,-0.769888015,2.5503787498840333,1.7240332239944456,False,point_median
PRIOR_0001050,RIKHRTV,1.8784761,producible_prior,-0.67190266,0.1544429,-0.67190266,True,True,True,-0.769888015,2.5503787498840333,1.7240332239944456,False,point_median
PRIOR_0001051,TEHKVGR,0.75074863,producible_prior,-1.7996302,-0.9732846,-1.7996302,True,False,False,-0.769888015,2.5503787498840333,1.7240332239944456,False,point_median
PRIOR_0001052,PLGMMKK,-0.2711109,producible_prior,-2.8214898,-1.9951441,-2.8214898,True,False,False,-0.769888015,2.5503787498840333,1.7240332239944456,False,point_median
PRIOR_0001053,ANHQFKG,0.338665,producible_prior,-2.2117138,-1.3853682,-2.2117138,True,False,False,-0.769888015,2.5503787498840333,1.7240332239944456,False,point_median
PRIOR_0001054,FLTRHAS,0.083862066,producible_prior,-2.4665167,-1.6401712,-2.4665167,True,False,False,-0.769888015,2.5503787498840333,1.7240332239944456,False,point_median
PRIOR_0001055,QEKMSVI,-0.55917287,producible_prior,-3.1095517,-2.283206,-3.1095517,True,False,False,-0.769888015,2.5503787498840333,1.7240332239944456,False,point_median
PRIOR_0001056,PPQMKHS,0.07293844,producible_prior,-2.4774404,-1.6510948,-2.4774404,True,False,False,-0.769888015,2.5503787498840333,1.7240332239944456,False,point_median
PRIOR_0001057,RRYRNSV,1.0243444,producible_prior,-1.5260344,-0.6996888,-1.5260344,True,True,False,-0.769888015,2.5503787498840333,1.7240332239944456,False,point_median
PRIOR_0001058,RHTGAPM,0.70250964,producible_prior,-1.8478692,-1.0215236,-1.8478692,True,False,False,-0.769888015,2.5503787498840333,1.7240332239944456,False,point_median
PRIOR_0001059,TIMTGLA,-0.75383365,producible_prior,-3.3042126,-2.477867,-3.3042126,True,False,False,-0.769888015,2.5503787498840333,1.7240332239944456,False,point_median
PRIOR_0001060,LFGDTKS,0.17044425,producible_prior,-2.3799345,-1.553589,-2.3799345,True,False,False,-0.769888015,2.5503787498840333,1.7240332239944456,False,point_median
PRIOR_0001061,NGKDWSG,-0.31029403,producible_prior,-2.860673,-2.0343273,-2.860673,True,False,False,-0.769888015,2.5503787498840333,1.7240332239944456,False,point_median
PRIOR_0001062,RVAISPH,-0.17226124,producible_prior,-2.72264,-1.8962945,-2.72264,True,False,False,-0.769888015,2.5503787498840333,1.7240332239944456,False,point_median
PRIOR_0001063,YAAKWGR,-0.6703763,producible_prior,-3.220755,-2.3944097,-3.220755,True,False,False,-0.769888015,2.5503787498840333,1.7240332239944456,False,point_median
PRIOR_0001064,IRTEQGY,-0.5129477,producible_prior,-3.0633264,-2.236981,-3.0633264,True,False,False,-0.769888015,2.5503787498840333,1.7240332239944456,False,point_median
PRIOR_0001065,KCSQKIE,-0.5989094,producible_prior,-3.1492882,-2.3229427,-3.1492882,True,False,False,-0.769888015,2.5503787498840333,1.7240332239944456,False,point_median
PRIOR_0001066,RRYMNDS,-0.58213925,producible_prior,-3.132518,-2.3061724,-3.132518,True,False,False,-0.769888015,2.5503787498840333,1.7240332239944456,False,point_median
PRIOR_0001067,CRKTREH,0.7366054,producible_prior,-1.8137734,-0.98742783,-1.8137734,True,False,False,-0.769888015,2.5503787498840333,1.7240332239944456,False,point_median
PRIOR_0001068,WNGAPED,-0.5765842,producible_prior,-3.1269631,-2.3006175,-3.1269631,True,False,False,-0.769888015,2.5503787498840333,1.7240332239944456,False,point_median
PRIOR_0001069,NPKQLEG,1.064879,producible_prior,-1.4854999,-0.6591543,-1.4854999,True,True,False,-0.769888015,2.5503787498840333,1.7240332239944456,False,point_median
PRIOR_0001070,TRGQKLR,1.7342999,producible_prior,-0.8160789,0.010266662,-0.8160789,True,True,False,-0.769888015,2.5503787498840333,1.7240332239944456,False,point_median
PRIOR_0001071,TDQKSAE,0.75936675,producible_prior,-1.791012,-0.9646665,-1.791012,True,False,False,-0.769888015,2.5503787498840333,1.7240332239944456,False,point_median
PRIOR_0001072,YNISKRS,0.6930673,producible_prior,-1.8573115,-1.0309659,-1.8573115,True,False,False,-0.769888015,2.5503787498840333,1.7240332239944456,False,point_median
PRIOR_0001073,PHVPRGM,-0.5196706,producible_prior,-3.0700493,-2.2437038,-3.0700493,True,False,False,-0.769888015,2.5503787498840333,1.7240332239944456,False,point_median
PRIOR_0001074,ADGMNKI,-0.57869804,producible_prior,-3.129077,-2.3027313,-3.129077,True,False,False,-0.769888015,2.5503787498840333,1.7240332239944456,False,point_median
PRIOR_0001075,VRTPDPN,-0.7277205,producible_prior,-3.2780993,-2.4517536,-3.2780993,True,False,False,-0.769888015,2.5503787498840333,1.7240332239944456,False,point_median
PRIOR_0001076,IKRMTHI,0.5950422,producible_prior,-1.9553366,-1.128991,-1.9553366,True,False,False,-0.769888015,2.5503787498840333,1.7240332239944456,False,point_median
PRIOR_0001077,ERFGHSP,-0.40675092,producible_prior,-2.9571297,-2.130784,-2.9571297,True,False,False,-0.769888015,2.5503787498840333,1.7240332239944456,False,point_median
PRIOR_0001078,FRHVKIP,0.99601007,producible_prior,-1.5543687,-0.7280232,-1.5543687,True,True,False,-0.769888015,2.5503787498840333,1.7240332239944456,False,point_median
PRIOR_0001079,EDPASRR,-0.25725412,producible_prior,-2.807633,-1.9812874,-2.807633,True,False,False,-0.769888015,2.5503787498840333,1.7240332239944456,False,point_median
PRIOR_0001080,KNKQDLL,0.24888086,producible_prior,-2.301498,-1.4751524,-2.301498,True,False,False,-0.769888015,2.5503787498840333,1.7240332239944456,False,point_median
PRIOR_0001081,HLAVEQA,-0.3528942,producible_prior,-2.903273,-2.0769274,-2.903273,True,False,False,-0.769888015,2.5503787498840333,1.7240332239944456,False,point_median
PRIOR_0001082,FIQVGST,-0.7617214,producible_prior,-3.3121002,-2.4857545,-3.3121002,True,False,False,-0.769888015,2.5503787498840333,1.7240332239944456,False,point_median
PRIOR_0001083,VQMRGPT,-0.38847065,producible_prior,-2.9388494,-2.112504,-2.9388494,True,False,False,-0.769888015,2.5503787498840333,1.7240332239944456,False,point_median
PRIOR_0001084,QIHSINS,-0.30862308,producible_prior,-2.8590019,-2.0326562,-2.8590019,True,False,False,-0.769888015,2.5503787498840333,1.7240332239944456,False,point_median
PRIOR_0001085,YAGHQTD,0.14103246,producible_prior,-2.4093463,-1.5830008,-2.4093463,True,False,False,-0.769888015,2.5503787498840333,1.7240332239944456,False,point_median
PRIOR_0001086,SMVKMTP,-0.089787245,producible_prior,-2.640166,-1.8138205,-2.640166,True,False,False,-0.769888015,2.5503787498840333,1.7240332239944456,False,point_median
PRIOR_0001087,LKKPAIM,0.9778421,producible_prior,-1.5725367,-0.74619114,-1.5725367,True,True,False,-0.769888015,2.5503787498840333,1.7240332239944456,False,point_median
PRIOR_0001088,NFQVSKQ,-0.579337,producible_prior,-3.129716,-2.3033702,-3.129716,True,False,False,-0.769888015,2.5503787498840333,1.7240332239944456,False,point_median
PRIOR_0001089,QNAYKVK,-0.055664062,producible_prior,-2.6060429,-1.7796973,-2.6060429,True,False,False,-0.769888015,2.5503787498840333,1.7240332239944456,False,point_median
PRIOR_0001090,FVAKHKM,0.77121425,producible_prior,-1.7791646,-0.952819,-1.7791646,True,False,False,-0.769888015,2.5503787498840333,1.7240332239944456,False,point_median
PRIOR_0001091,VDQKMAR,0.084974766,producible_prior,-2.465404,-1.6390585,-2.465404,True,False,False,-0.769888015,2.5503787498840333,1.7240332239944456,False,point_median
PRIOR_0001092,VTKMMLE,-0.7064414,producible_prior,-3.2568202,-2.4304748,-3.2568202,True,False,False,-0.769888015,2.5503787498840333,1.7240332239944456,False,point_median
PRIOR_0001093,MSRTQMS,0.41071033,producible_prior,-2.1396685,-1.3133229,-2.1396685,True,False,False,-0.769888015,2.5503787498840333,1.7240332239944456,False,point_median
PRIOR_0001094,QQMGPTK,-0.106238365,producible_prior,-2.6566172,-1.8302716,-2.6566172,True,False,False,-0.769888015,2.5503787498840333,1.7240332239944456,False,point_median
PRIOR_0001095,NLSSPDV,-0.4783126,producible_prior,-3.0286913,-2.2023458,-3.0286913,True,False,False,-0.769888015,2.5503787498840333,1.7240332239944456,False,point_median
PRIOR_0001096,VREMRSV,0.0042037964,producible_prior,-2.546175,-1.7198294,-2.546175,True,False,False,-0.769888015,2.5503787498840333,1.7240332239944456,False,point_median
PRIOR_0001097,KRQDIIN,-0.43128073,producible_prior,-2.9816594,-2.155314,-2.9816594,True,False,False,-0.769888015,2.5503787498840333,1.7240332239944456,False,point_median
PRIOR_0001098,SAMKIQP,0.14377427,producible_prior,-2.4066045,-1.580259,-2.4066045,True,False,False,-0.769888015,2.5503787498840333,1.7240332239944456,False,point_median
PRIOR_0001099,CDKKRKI,1.1660993,producible_prior,-1.3842795,-0.5579339,-1.3842795,True,True,False,-0.769888015,2.5503787498840333,1.7240332239944456,False,point_median
PRIOR_0001100,VKRDKCF,-0.38062954,producible_prior,-2.9310083,-2.104663,-2.9310083,True,False,False,-0.769888015,2.5503787498840333,1.7240332239944456,False,point_median
PRIOR_0001101,QHQGLAK,0.33342218,producible_prior,-2.2169566,-1.390611,-2.2169566,True,False,False,-0.769888015,2.5503787498840333,1.7240332239944456,False,point_median
PRIOR_0001102,ESAGEKD,-0.14756513,producible_prior,-2.697944,-1.8715984,-2.697944,True,False,False,-0.769888015,2.5503787498840333,1.7240332239944456,False,point_median
PRIOR_0001103,KPVRHEG,1.2660401,producible_prior,-1.2843387,-0.45799315,-1.2843387,True,True,False,-0.769888015,2.5503787498840333,1.7240332239944456,False,point_median
PRIOR_0001104,TIDNHSH,-0.7107345,producible_prior,-3.2611132,-2.4347677,-3.2611132,True,False,False,-0.769888015,2.5503787498840333,1.7240332239944456,False,point_median
PRIOR_0001105,SPKRRFI,1.0109739,producible_prior,-1.5394049,-0.7130593,-1.5394049,True,True,False,-0.769888015,2.5503787498840333,1.7240332239944456,False,point_median
PRIOR_0001106,PQSKPSR,0.85083675,producible_prior,-1.699542,-0.8731965,-1.699542,True,False,False,-0.769888015,2.5503787498840333,1.7240332239944456,False,point_median
PRIOR_0001107,TKPYKLE,0.51400137,producible_prior,-2.0363774,-1.2100319,-2.0363774,True,False,False,-0.769888015,2.5503787498840333,1.7240332239944456,False,point_median
PRIOR_0001108,QVPYSRG,0.016472578,producible_prior,-2.5339062,-1.7075607,-2.5339062,True,False,False,-0.769888015,2.5503787498840333,1.7240332239944456,False,point_median
PRIOR_0001109,IYSKQNY,-0.69748497,producible_prior,-3.2478638,-2.4215183,-3.2478638,True,False,False,-0.769888015,2.5503787498840333,1.7240332239944456,False,point_median
PRIOR_0001110,HDPINPK,-0.58507025,producible_prior,-3.135449,-2.3091035,-3.135449,True,False,False,-0.769888015,2.5503787498840333,1.7240332239944456,False,point_median
PRIOR_0001111,NPAKTSQ,0.3902743,producible_prior,-2.1601045,-1.333759,-2.1601045,True,False,False,-0.769888015,2.5503787498840333,1.7240332239944456,False,point_median
PRIOR_0001112,FRKEFQS,0.02176857,producible_prior,-2.5286102,-1.7022647,-2.5286102,True,False,False,-0.769888015,2.5503787498840333,1.7240332239944456,False,point_median
PRIOR_0001113,RPVGVVV,0.27689838,producible_prior,-2.2734804,-1.4471349,-2.2734804,True,False,False,-0.769888015,2.5503787498840333,1.7240332239944456,False,point_median
PRIOR_0001114,PGSYKSS,-0.049284697,producible_prior,-2.5996635,-1.7733179,-2.5996635,True,False,False,-0.769888015,2.5503787498840333,1.7240332239944456,False,point_median
PRIOR_0001115,RTSSVYP,-0.20823526,producible_prior,-2.758614,-1.9322685,-2.758614,True,False,False,-0.769888015,2.5503787498840333,1.7240332239944456,False,point_median
PRIOR_0001116,RTNAIPL,-0.11893463,producible_prior,-2.6693134,-1.8429679,-2.6693134,True,False,False,-0.769888015,2.5503787498840333,1.7240332239944456,False,point_median
PRIOR_0001117,LHMRGES,-0.0668869,producible_prior,-2.6172657,-1.7909201,-2.6172657,True,False,False,-0.769888015,2.5503787498840333,1.7240332239944456,False,point_median
PRIOR_0001118,HLRESEP,0.19416952,producible_prior,-2.3562093,-1.5298637,-2.3562093,True,False,False,-0.769888015,2.5503787498840333,1.7240332239944456,False,point_median
PRIOR_0001119,GQSHAMK,0.41572666,producible_prior,-2.1346521,-1.3083066,-2.1346521,True,False,False,-0.769888015,2.5503787498840333,1.7240332239944456,False,point_median
PRIOR_0001120,PRELVMG,-0.76555717,producible_prior,-3.315936,-2.4895904,-3.315936,True,False,False,-0.769888015,2.5503787498840333,1.7240332239944456,False,point_median
PRIOR_0001121,GPQGDVS,0.03597188,producible_prior,-2.514407,-1.6880614,-2.514407,True,False,False,-0.769888015,2.5503787498840333,1.7240332239944456,False,point_median
PRIOR_0001122,KQREELV,0.059946537,producible_prior,-2.4904323,-1.6640867,-2.4904323,True,False,False,-0.769888015,2.5503787498840333,1.7240332239944456,False,point_median
PRIOR_0001123,FRGNLSL,-0.0874033,producible_prior,-2.637782,-1.8114365,-2.637782,True,False,False,-0.769888015,2.5503787498840333,1.7240332239944456,False,point_median
PRIOR_0001124,PFKSEIA,-0.30159235,producible_prior,-2.8519711,-2.0256257,-2.8519711,True,False,False,-0.769888015,2.5503787498840333,1.7240332239944456,False,point_median
PRIOR_0001125,QFKTSIK,0.46851158,producible_prior,-2.0818672,-1.2555217,-2.0818672,True,False,False,-0.769888015,2.5503787498840333,1.7240332239944456,False,point_median
PRIOR_0001126,VSSAGHP,0.49481487,producible_prior,-2.055564,-1.2292184,-2.055564,True,False,False,-0.769888015,2.5503787498840333,1.7240332239944456,False,point_median
PRIOR_0001127,GEYGAKS,-0.08313608,producible_prior,-2.633515,-1.8071693,-2.633515,True,False,False,-0.769888015,2.5503787498840333,1.7240332239944456,False,point_median
PRIOR_0001128,FDPYAKA,-0.7209277,producible_prior,-3.2713065,-2.444961,-3.2713065,True,False,False,-0.769888015,2.5503787498840333,1.7240332239944456,False,point_median
PRIOR_0001129,MYRTRPH,0.058704853,producible_prior,-2.491674,-1.6653284,-2.491674,True,False,False,-0.769888015,2.5503787498840333,1.7240332239944456,False,point_median
PRIOR_0001130,HVKARHH,1.107563,producible_prior,-1.4428158,-0.6164702,-1.4428158,True,True,False,-0.769888015,2.5503787498840333,1.7240332239944456,False,point_median
PRIOR_0001131,GLMGLRA,-0.21022105,producible_prior,-2.7605999,-1.9342543,-2.7605999,True,False,False,-0.769888015,2.5503787498840333,1.7240332239944456,False,point_median
PRIOR_0001132,PSGHRCG,-0.4367535,producible_prior,-2.9871323,-2.1607866,-2.9871323,True,False,False,-0.769888015,2.5503787498840333,1.7240332239944456,False,point_median
PRIOR_0001133,NLFKRNF,-0.6078303,producible_prior,-3.158209,-2.3318634,-3.158209,True,False,False,-0.769888015,2.5503787498840333,1.7240332239944456,False,point_median
PRIOR_0001134,QHKMKKN,1.2524393,producible_prior,-1.2979395,-0.47159398,-1.2979395,True,True,False,-0.769888015,2.5503787498840333,1.7240332239944456,False,point_median
PRIOR_0001135,YEQHNRI,-0.27404857,producible_prior,-2.8244274,-1.9980818,-2.8244274,True,False,False,-0.769888015,2.5503787498840333,1.7240332239944456,False,point_median
PRIOR_0001136,QADHKYV,-0.5412376,producible_prior,-3.0916164,-2.2652707,-3.0916164,True,False,False,-0.769888015,2.5503787498840333,1.7240332239944456,False,point_median
PRIOR_0001137,FFNRDPG,-0.30629444,producible_prior,-2.8566732,-2.0303278,-2.8566732,True,False,False,-0.769888015,2.5503787498840333,1.7240332239944456,False,point_median
PRIOR_0001138,MALRSEG,0.20997715,producible_prior,-2.3404016,-1.5140561,-2.3404016,True,False,False,-0.769888015,2.5503787498840333,1.7240332239944456,False,point_median
PRIOR_0001139,VHFRVVP,-0.6262672,producible_prior,-3.176646,-2.3503003,-3.176646,True,False,False,-0.769888015,2.5503787498840333,1.7240332239944456,False,point_median
PRIOR_0001140,GENQREG,0.7351692,producible_prior,-1.8152096,-0.98886406,-1.8152096,True,False,False,-0.769888015,2.5503787498840333,1.7240332239944456,False,point_median
PRIOR_0001141,FPKSSQE,1.2036729,producible_prior,-1.3467059,-0.52036035,-1.3467059,True,True,False,-0.769888015,2.5503787498840333,1.7240332239944456,False,point_median
PRIOR_0001142,NIHPRMT,-0.4130609,producible_prior,-2.9634397,-2.137094,-2.9634397,True,False,False,-0.769888015,2.5503787498840333,1.7240332239944456,False,point_median
PRIOR_0001143,MERKFIV,-0.62915325,producible_prior,-3.179532,-2.3531866,-3.179532,True,False,False,-0.769888015,2.5503787498840333,1.7240332239944456,False,point_median
PRIOR_0001144,IEPPHGS,-0.3280716,producible_prior,-2.8784504,-2.052105,-2.8784504,True,False,False,-0.769888015,2.5503787498840333,1.7240332239944456,False,point_median
PRIOR_0001145,THNPRIM,0.008640766,producible_prior,-2.541738,-1.7153925,-2.541738,True,False,False,-0.769888015,2.5503787498840333,1.7240332239944456,False,point_median
PRIOR_0001146,RVHLGKN,0.39468312,producible_prior,-2.1556957,-1.3293501,-2.1556957,True,False,False,-0.769888015,2.5503787498840333,1.7240332239944456,False,point_median
PRIOR_0001147,DGSNAEL,-0.6793699,producible_prior,-3.2297487,-2.4034033,-3.2297487,True,False,False,-0.769888015,2.5503787498840333,1.7240332239944456,False,point_median
PRIOR_0001148,GMKYIKP,0.09266305,producible_prior,-2.4577157,-1.6313702,-2.4577157,True,False,False,-0.769888015,2.5503787498840333,1.7240332239944456,False,point_median
PRIOR_0001149,VPPAGVH,0.18398643,producible_prior,-2.3663924,-1.5400468,-2.3663924,True,False,False,-0.769888015,2.5503787498840333,1.7240332239944456,False,point_median
PRIOR_0001150,NHDASSV,-0.18929029,producible_prior,-2.739669,-1.9133235,-2.739669,True,False,False,-0.769888015,2.5503787498840333,1.7240332239944456,False,point_median
PRIOR_0001151,IHPEHVK,-0.29249,producible_prior,-2.8428688,-2.0165234,-2.8428688,True,False,False,-0.769888015,2.5503787498840333,1.7240332239944456,False,point_median
PRIOR_0001152,VKGGKTR,2.4708257,producible_prior,-0.07955313,0.74679244,-0.07955313,True,True,True,-0.769888015,2.5503787498840333,1.7240332239944456,False,point_median
PRIOR_0001153,RLKDKMN,0.76125884,producible_prior,-1.78912,-0.9627744,-1.78912,True,False,False,-0.769888015,2.5503787498840333,1.7240332239944456,False,point_median
PRIOR_0001154,VNDITKN,-0.6262443,producible_prior,-3.176623,-2.3502774,-3.176623,True,False,False,-0.769888015,2.5503787498840333,1.7240332239944456,False,point_median
PRIOR_0001155,NRKRIPQ,0.9647844,producible_prior,-1.5855944,-0.75924885,-1.5855944,True,True,False,-0.769888015,2.5503787498840333,1.7240332239944456,False,point_median
PRIOR_0001156,KASIRVQ,-0.12126303,producible_prior,-2.6716418,-1.8452963,-2.6716418,True,False,False,-0.769888015,2.5503787498840333,1.7240332239944456,False,point_median
PRIOR_0001157,GKFIRQA,0.5272424,producible_prior,-2.0231364,-1.1967908,-2.0231364,True,False,False,-0.769888015,2.5503787498840333,1.7240332239944456,False,point_median
PRIOR_0001158,PTQHNAS,0.018092632,producible_prior,-2.5322862,-1.7059406,-2.5322862,True,False,False,-0.769888015,2.5503787498840333,1.7240332239944456,False,point_median
PRIOR_0001159,YVRTGGK,1.0902452,producible_prior,-1.4601336,-0.633788,-1.4601336,True,True,False,-0.769888015,2.5503787498840333,1.7240332239944456,False,point_median
PRIOR_0001160,HGTKHKC,0.022931099,producible_prior,-2.5274477,-1.7011021,-2.5274477,True,False,False,-0.769888015,2.5503787498840333,1.7240332239944456,False,point_median
PRIOR_0001161,VSQKDEH,-0.14752626,producible_prior,-2.697905,-1.8715595,-2.697905,True,False,False,-0.769888015,2.5503787498840333,1.7240332239944456,False,point_median
PRIOR_0001162,FNVSPSE,-0.5591284,producible_prior,-3.109507,-2.2831616,-3.109507,True,False,False,-0.769888015,2.5503787498840333,1.7240332239944456,False,point_median
PRIOR_0001163,HHVIKNN,-0.7614982,producible_prior,-3.311877,-2.4855313,-3.311877,True,False,False,-0.769888015,2.5503787498840333,1.7240332239944456,False,point_median
PRIOR_0001164,YHQKTYG,0.26472163,producible_prior,-2.2856572,-1.4593116,-2.2856572,True,False,False,-0.769888015,2.5503787498840333,1.7240332239944456,False,point_median
PRIOR_0001165,WYPKIDG,-0.7047503,producible_prior,-3.255129,-2.4287834,-3.255129,True,False,False,-0.769888015,2.5503787498840333,1.7240332239944456,False,point_median
PRIOR_0001166,MPTSGRA,1.2381516,producible_prior,-1.3122272,-0.4858817,-1.3122272,True,True,False,-0.769888015,2.5503787498840333,1.7240332239944456,False,point_median
PRIOR_0001167,DPRAATH,0.19650817,producible_prior,-2.3538706,-1.5275251,-2.3538706,True,False,False,-0.769888015,2.5503787498840333,1.7240332239944456,False,point_median
PRIOR_0001168,GHSVRKP,1.6499879,producible_prior,-0.90039086,-0.0740453,-0.90039086,True,True,False,-0.769888015,2.5503787498840333,1.7240332239944456,False,point_median
PRIOR_0001169,MSHPKST,0.4508319,producible_prior,-2.099547,-1.2732013,-2.099547,True,False,False,-0.769888015,2.5503787498840333,1.7240332239944456,False,point_median
PRIOR_0001170,FMNGVRG,0.60281444,producible_prior,-1.9475644,-1.1212188,-1.9475644,True,False,False,-0.769888015,2.5503787498840333,1.7240332239944456,False,point_median
PRIOR_0001171,GGKKHLL,1.1959958,producible_prior,-1.354383,-0.5280374,-1.354383,True,True,False,-0.769888015,2.5503787498840333,1.7240332239944456,False,point_median
PRIOR_0001172,NSVKPLP,0.09330034,producible_prior,-2.4570785,-1.6307329,-2.4570785,True,False,False,-0.769888015,2.5503787498840333,1.7240332239944456,False,point_median
PRIOR_0001173,DLTNNES,-0.76939523,producible_prior,-3.3197742,-2.4934285,-3.3197742,True,False,False,-0.769888015,2.5503787498840333,1.7240332239944456,False,point_median
PRIOR_0001174,TGPYKND,0.07084131,producible_prior,-2.4795375,-1.6531919,-2.4795375,True,False,False,-0.769888015,2.5503787498840333,1.7240332239944456,False,point_median
PRIOR_0001175,YRNPQMH,0.054216623,producible_prior,-2.4961622,-1.6698166,-2.4961622,True,False,False,-0.769888015,2.5503787498840333,1.7240332239944456,False,point_median
PRIOR_0001176,KNQDSKE,1.3616886,producible_prior,-1.1886902,-0.36234462,-1.1886902,True,True,False,-0.769888015,2.5503787498840333,1.7240332239944456,False,point_median
PRIOR_0001177,FINNENA,-0.43367362,producible_prior,-2.9840524,-2.1577067,-2.9840524,True,False,False,-0.769888015,2.5503787498840333,1.7240332239944456,False,point_median
PRIOR_0001178,THQSPHR,0.28938913,producible_prior,-2.2609897,-1.4346441,-2.2609897,True,False,False,-0.769888015,2.5503787498840333,1.7240332239944456,False,point_median
PRIOR_0001179,IHHKTYI,-0.29471922,producible_prior,-2.845098,-2.0187526,-2.845098,True,False,False,-0.769888015,2.5503787498840333,1.7240332239944456,False,point_median
PRIOR_0001180,RHTSMVH,-0.013729095,producible_prior,-2.564108,-1.7377623,-2.564108,True,False,False,-0.769888015,2.5503787498840333,1.7240332239944456,False,point_median
PRIOR_0001181,KHKMSVI,0.579654,producible_prior,-1.9707248,-1.1443793,-1.9707248,True,False,False,-0.769888015,2.5503787498840333,1.7240332239944456,False,point_median
PRIOR_0001182,IGKPHPA,1.2162971,producible_prior,-1.3340816,-0.5077361,-1.3340816,True,True,False,-0.769888015,2.5503787498840333,1.7240332239944456,False,point_median
PRIOR_0001183,RMPTQQG,1.1330795,producible_prior,-1.4172993,-0.5909537,-1.4172993,True,True,False,-0.769888015,2.5503787498840333,1.7240332239944456,False,point_median
PRIOR_0001184,PKRWKGK,1.0030203,producible_prior,-1.5473585,-0.72101295,-1.5473585,True,True,False,-0.769888015,2.5503787498840333,1.7240332239944456,False,point_median
PRIOR_0001185,RIKHGRI,1.8424416,producible_prior,-0.70793724,0.11840832,-0.70793724,True,True,True,-0.769888015,2.5503787498840333,1.7240332239944456,False,point_median
PRIOR_0001186,TNGHTLS,0.45120907,producible_prior,-2.0991697,-1.2728242,-2.0991697,True,False,False,-0.769888015,2.5503787498840333,1.7240332239944456,False,point_median
PRIOR_0001187,VTNDRNS,0.24927878,producible_prior,-2.3011,-1.4747545,-2.3011,True,False,False,-0.769888015,2.5503787498840333,1.7240332239944456,False,point_median
PRIOR_0001188,RYENDRR,-0.54306984,producible_prior,-3.0934486,-2.2671032,-3.0934486,True,False,False,-0.769888015,2.5503787498840333,1.7240332239944456,False,point_median
PRIOR_0001189,CLLKKRE,-0.0032112598,producible_prior,-2.55359,-1.7272445,-2.55359,True,False,False,-0.769888015,2.5503787498840333,1.7240332239944456,False,point_median
PRIOR_0001190,IANMSRL,-0.4035902,producible_prior,-2.953969,-2.1276236,-2.953969,True,False,False,-0.769888015,2.5503787498840333,1.7240332239944456,False,point_median
PRIOR_0001191,AYPRHGK,0.20744252,producible_prior,-2.3429363,-1.5165907,-2.3429363,True,False,False,-0.769888015,2.5503787498840333,1.7240332239944456,False,point_median
PRIOR_0001192,VNRREPF,0.12818408,producible_prior,-2.4221947,-1.5958492,-2.4221947,True,False,False,-0.769888015,2.5503787498840333,1.7240332239944456,False,point_median
PRIOR_0001193,YKGHHHV,0.8980489,producible_prior,-1.6523299,-0.82598436,-1.6523299,True,False,False,-0.769888015,2.5503787498840333,1.7240332239944456,False,point_median
PRIOR_0001194,RKISESS,0.73696184,producible_prior,-1.813417,-0.9870714,-1.813417,True,False,False,-0.769888015,2.5503787498840333,1.7240332239944456,False,point_median
PRIOR_0001195,PKGTQPE,0.9966769,producible_prior,-1.5537019,-0.7273563,-1.5537019,True,True,False,-0.769888015,2.5503787498840333,1.7240332239944456,False,point_median
PRIOR_0001196,REPDNID,-0.6842084,producible_prior,-3.2345872,-2.4082417,-3.2345872,True,False,False,-0.769888015,2.5503787498840333,1.7240332239944456,False,point_median
PRIOR_0001197,PAFPRKG,0.49067926,producible_prior,-2.0596995,-1.233354,-2.0596995,True,False,False,-0.769888015,2.5503787498840333,1.7240332239944456,False,point_median
PRIOR_0001198,GVTGIRA,0.7341814,producible_prior,-1.8161974,-0.98985183,-1.8161974,True,False,False,-0.769888015,2.5503787498840333,1.7240332239944456,False,point_median
PRIOR_0001199,PRPAVAE,0.5492859,producible_prior,-2.001093,-1.1747473,-2.001093,True,False,False,-0.769888015,2.5503787498840333,1.7240332239944456,False,point_median
PRIOR_0001200,FAPQLDK,-0.55267525,producible_prior,-3.103054,-2.2767086,-3.103054,True,False,False,-0.769888015,2.5503787498840333,1.7240332239944456,False,point_median
PRIOR_0001201,YRHFQHK,-0.00065255165,producible_prior,-2.5510314,-1.7246858,-2.5510314,True,False,False,-0.769888015,2.5503787498840333,1.7240332239944456,False,point_median
PRIOR_0001202,SATAIMK,-0.26395357,producible_prior,-2.8143325,-1.9879868,-2.8143325,True,False,False,-0.769888015,2.5503787498840333,1.7240332239944456,False,point_median
PRIOR_0001203,YKHPLHK,0.5435009,producible_prior,-2.006878,-1.1805323,-2.006878,True,False,False,-0.769888015,2.5503787498840333,1.7240332239944456,False,point_median
PRIOR_0001204,EIPTAKF,-0.7318847,producible_prior,-3.2822635,-2.4559178,-3.2822635,True,False,False,-0.769888015,2.5503787498840333,1.7240332239944456,False,point_median
PRIOR_0001205,TDVRPVK,-0.18273067,producible_prior,-2.7331095,-1.9067639,-2.7331095,True,False,False,-0.769888015,2.5503787498840333,1.7240332239944456,False,point_median
PRIOR_0001206,KHPDMNI,-0.24996996,producible_prior,-2.8003488,-1.9740032,-2.8003488,True,False,False,-0.769888015,2.5503787498840333,1.7240332239944456,False,point_median
PRIOR_0001207,KGERMPR,0.7685318,producible_prior,-1.781847,-0.95550144,-1.781847,True,False,False,-0.769888015,2.5503787498840333,1.7240332239944456,False,point_median
PRIOR_0001208,HENRITP,0.102422476,producible_prior,-2.4479563,-1.6216108,-2.4479563,True,False,False,-0.769888015,2.5503787498840333,1.7240332239944456,False,point_median
PRIOR_0001209,SKLIPSA,-0.0642035,producible_prior,-2.6145823,-1.7882367,-2.6145823,True,False,False,-0.769888015,2.5503787498840333,1.7240332239944456,False,point_median
PRIOR_0001210,RRGPNNV,1.5810313,producible_prior,-0.9693475,-0.14300191,-0.9693475,True,True,False,-0.769888015,2.5503787498840333,1.7240332239944456,False,point_median
PRIOR_0001211,DPPPSIG,-0.18718028,producible_prior,-2.737559,-1.9112135,-2.737559,True,False,False,-0.769888015,2.5503787498840333,1.7240332239944456,False,point_median
PRIOR_0001212,SQYDGKD,-0.5904839,producible_prior,-3.1408627,-2.314517,-3.1408627,True,False,False,-0.769888015,2.5503787498840333,1.7240332239944456,False,point_median
PRIOR_0001213,QDAVSGK,-0.083274364,producible_prior,-2.6336532,-1.8073076,-2.6336532,True,False,False,-0.769888015,2.5503787498840333,1.7240332239944456,False,point_median
PRIOR_0001214,IMKADEV,-0.25805974,producible_prior,-2.8084385,-1.982093,-2.8084385,True,False,False,-0.769888015,2.5503787498840333,1.7240332239944456,False,point_median
PRIOR_0001215,PFRKYMS,-0.58209276,producible_prior,-3.1324716,-2.306126,-3.1324716,True,False,False,-0.769888015,2.5503787498840333,1.7240332239944456,False,point_median
PRIOR_0001216,AKAFVNI,-0.6270126,producible_prior,-3.1773915,-2.3510458,-3.1773915,True,False,False,-0.769888015,2.5503787498840333,1.7240332239944456,False,point_median
PRIOR_0001217,IATQQDR,-0.14513588,producible_prior,-2.6955147,-1.8691691,-2.6955147,True,False,False,-0.769888015,2.5503787498840333,1.7240332239944456,False,point_median
PRIOR_0001218,RNGFIVV,-0.54666114,producible_prior,-3.09704,-2.2706943,-3.09704,True,False,False,-0.769888015,2.5503787498840333,1.7240332239944456,False,point_median
PRIOR_0001219,LNTRSMY,-0.5059049,producible_prior,-3.0562837,-2.229938,-3.0562837,True,False,False,-0.769888015,2.5503787498840333,1.7240332239944456,False,point_median
PRIOR_0001220,MHQNEND,-0.5225985,producible_prior,-3.0729773,-2.2466316,-3.0729773,True,False,False,-0.769888015,2.5503787498840333,1.7240332239944456,False,point_median
PRIOR_0001221,HLVKFRG,0.023704767,producible_prior,-2.526674,-1.7003285,-2.526674,True,False,False,-0.769888015,2.5503787498840333,1.7240332239944456,False,point_median
PRIOR_0001222,QEGYRPR,-0.72792447,producible_prior,-3.2783031,-2.4519577,-3.2783031,True,False,False,-0.769888015,2.5503787498840333,1.7240332239944456,False,point_median
PRIOR_0001223,SKKEQMA,1.4897494,producible_prior,-1.0606294,-0.2342838,-1.0606294,True,True,False,-0.769888015,2.5503787498840333,1.7240332239944456,False,point_median
PRIOR_0001224,KVRLEPG,0.62220407,producible_prior,-1.9281747,-1.1018292,-1.9281747,True,False,False,-0.769888015,2.5503787498840333,1.7240332239944456,False,point_median
PRIOR_0001225,FREHLLA,-0.5826011,producible_prior,-3.1329799,-2.3066344,-3.1329799,True,False,False,-0.769888015,2.5503787498840333,1.7240332239944456,False,point_median
PRIOR_0001226,KRHIVMS,0.6107485,producible_prior,-1.9396303,-1.1132847,-1.9396303,True,False,False,-0.769888015,2.5503787498840333,1.7240332239944456,False,point_median
PRIOR_0001227,NSTYRHE,-0.677737,producible_prior,-3.2281158,-2.40177,-3.2281158,True,False,False,-0.769888015,2.5503787498840333,1.7240332239944456,False,point_median
PRIOR_0001228,GPIRGRQ,0.020824432,producible_prior,-2.5295544,-1.7032088,-2.5295544,True,False,False,-0.769888015,2.5503787498840333,1.7240332239944456,False,point_median
PRIOR_0001229,QHADVRI,-0.41017628,producible_prior,-2.960555,-2.1342096,-2.960555,True,False,False,-0.769888015,2.5503787498840333,1.7240332239944456,False,point_median
PRIOR_0001230,QPPTESS,0.20888042,producible_prior,-2.3414984,-1.5151528,-2.3414984,True,False,False,-0.769888015,2.5503787498840333,1.7240332239944456,False,point_median
PRIOR_0001231,ISDSTRH,-0.008989334,producible_prior,-2.5593681,-1.7330226,-2.5593681,True,False,False,-0.769888015,2.5503787498840333,1.7240332239944456,False,point_median
PRIOR_0001232,NHFKVKT,0.116238594,producible_prior,-2.4341402,-1.6077946,-2.4341402,True,False,False,-0.769888015,2.5503787498840333,1.7240332239944456,False,point_median
PRIOR_0001233,AVHPEGG,0.006282568,producible_prior,-2.5440962,-1.7177507,-2.5440962,True,False,False,-0.769888015,2.5503787498840333,1.7240332239944456,False,point_median
PRIOR_0001234,IRTGGRK,2.0804691,producible_prior,-0.46990967,0.3564359,-0.46990967,True,True,True,-0.769888015,2.5503787498840333,1.7240332239944456,False,point_median
PRIOR_0001235,MKKPRRG,3.1957173,producible_prior,0.64533854,1.4716841,0.64533854,True,True,True,-0.769888015,2.5503787498840333,1.7240332239944456,False,point_median
PRIOR_0001236,IRKHIPH,0.9959848,producible_prior,-1.554394,-0.72804844,-1.554394,True,True,False,-0.769888015,2.5503787498840333,1.7240332239944456,False,point_median
PRIOR_0001237,QGGSRNV,1.185849,producible_prior,-1.3645298,-0.5381843,-1.3645298,True,True,False,-0.769888015,2.5503787498840333,1.7240332239944456,False,point_median
PRIOR_0001238,RAETQVV,0.10272932,producible_prior,-2.4476495,-1.6213039,-2.4476495,True,False,False,-0.769888015,2.5503787498840333,1.7240332239944456,False,point_median
PRIOR_0001239,IAVRGDM,-0.28092957,producible_prior,-2.8313084,-2.004963,-2.8313084,True,False,False,-0.769888015,2.5503787498840333,1.7240332239944456,False,point_median
PRIOR_0001240,QKTKVDV,1.2448225,producible_prior,-1.3055563,-0.47921073,-1.3055563,True,True,False,-0.769888015,2.5503787498840333,1.7240332239944456,False,point_median
PRIOR_0001241,ILYKPHV,-0.7171383,producible_prior,-3.267517,-2.4411716,-3.267517,True,False,False,-0.769888015,2.5503787498840333,1.7240332239944456,False,point_median
PRIOR_0001242,TVKNKNP,2.1155453,producible_prior,-0.43483353,0.39151204,-0.43483353,True,True,True,-0.769888015,2.5503787498840333,1.7240332239944456,False,point_median
PRIOR_0001243,HVEVKTM,-0.21569967,producible_prior,-2.7660785,-1.9397329,-2.7660785,True,False,False,-0.769888015,2.5503787498840333,1.7240332239944456,False,point_median
PRIOR_0001244,IDKRMNN,-0.032400608,producible_prior,-2.5827794,-1.7564338,-2.5827794,True,False,False,-0.769888015,2.5503787498840333,1.7240332239944456,False,point_median
PRIOR_0001245,RALDERK,-0.12788558,producible_prior,-2.6782644,-1.8519188,-2.6782644,True,False,False,-0.769888015,2.5503787498840333,1.7240332239944456,False,point_median
PRIOR_0001246,NYNGHRK,0.465178,producible_prior,-2.0852008,-1.2588552,-2.0852008,True,False,False,-0.769888015,2.5503787498840333,1.7240332239944456,False,point_median
PRIOR_0001247,KWIANKA,-0.20603323,producible_prior,-2.756412,-1.9300665,-2.756412,True,False,False,-0.769888015,2.5503787498840333,1.7240332239944456,False,point_median
PRIOR_0001248,STNERQL,-0.115455866,producible_prior,-2.6658347,-1.8394891,-2.6658347,True,False,False,-0.769888015,2.5503787498840333,1.7240332239944456,False,point_median
PRIOR_0001249,MPQLKSH,0.11134887,producible_prior,-2.43903,-1.6126844,-2.43903,True,False,False,-0.769888015,2.5503787498840333,1.7240332239944456,False,point_median
PRIOR_0001250,PNSGTTV,0.39143372,producible_prior,-2.158945,-1.3325995,-2.158945,True,False,False,-0.769888015,2.5503787498840333,1.7240332239944456,False,point_median
PRIOR_0001251,LDGRHQT,-0.09110165,producible_prior,-2.6414804,-1.8151349,-2.6414804,True,False,False,-0.769888015,2.5503787498840333,1.7240332239944456,False,point_median
PRIOR_0001252,FTKIRMQ,-0.6460686,producible_prior,-3.1964474,-2.370102,-3.1964474,True,False,False,-0.769888015,2.5503787498840333,1.7240332239944456,False,point_median
PRIOR_0001253,DGHNSVM,-0.47261453,producible_prior,-3.0229933,-2.1966476,-3.0229933,True,False,False,-0.769888015,2.5503787498840333,1.7240332239944456,False,point_median
PRIOR_0001254,KSEDIVA,-0.50906515,producible_prior,-3.059444,-2.2330985,-3.059444,True,False,False,-0.769888015,2.5503787498840333,1.7240332239944456,False,point_median
PRIOR_0001255,KKSGVGM,1.7473917,producible_prior,-0.8029871,0.023358464,-0.8029871,True,True,False,-0.769888015,2.5503787498840333,1.7240332239944456,False,point_median
PRIOR_0001256,YFDNAKS,-0.13972521,producible_prior,-2.690104,-1.8637584,-2.690104,True,False,False,-0.769888015,2.5503787498840333,1.7240332239944456,False,point_median
PRIOR_0001257,SGRSPII,0.30692577,producible_prior,-2.243453,-1.4171075,-2.243453,True,False,False,-0.769888015,2.5503787498840333,1.7240332239944456,False,point_median
PRIOR_0001258,TKAGDVL,0.17222714,producible_prior,-2.3781517,-1.5518061,-2.3781517,True,False,False,-0.769888015,2.5503787498840333,1.7240332239944456,False,point_median
PRIOR_0001259,YKHHPHA,1.1338902,producible_prior,-1.4164886,-0.5901431,-1.4164886,True,True,False,-0.769888015,2.5503787498840333,1.7240332239944456,False,point_median
PRIOR_0001260,NRGFQDG,0.27618313,producible_prior,-2.2741957,-1.4478501,-2.2741957,True,False,False,-0.769888015,2.5503787498840333,1.7240332239944456,False,point_median
PRIOR_0001261,MEAATKY,-0.5424552,producible_prior,-3.092834,-2.2664886,-3.092834,True,False,False,-0.769888015,2.5503787498840333,1.7240332239944456,False,point_median
PRIOR_0001262,STYHKNS,-0.007580042,producible_prior,-2.5579588,-1.7316133,-2.5579588,True,False,False,-0.769888015,2.5503787498840333,1.7240332239944456,False,point_median
PRIOR_0001263,AFQKIAS,-0.018851042,producible_prior,-2.5692298,-1.7428843,-2.5692298,True,False,False,-0.769888015,2.5503787498840333,1.7240332239944456,False,point_median
PRIOR_0001264,LPSMEVG,-0.60930026,producible_prior,-3.159679,-2.3333335,-3.159679,True,False,False,-0.769888015,2.5503787498840333,1.7240332239944456,False,point_median
PRIOR_0001265,QGAFKDV,-0.26440275,producible_prior,-2.8147817,-1.988436,-2.8147817,True,False,False,-0.769888015,2.5503787498840333,1.7240332239944456,False,point_median
PRIOR_0001266,AKPGGYA,0.81855464,producible_prior,-1.7318242,-0.9054786,-1.7318242,True,False,False,-0.769888015,2.5503787498840333,1.7240332239944456,False,point_median
PRIOR_0001267,TAVFRRL,-0.6315527,producible_prior,-3.1819315,-2.355586,-3.1819315,True,False,False,-0.769888015,2.5503787498840333,1.7240332239944456,False,point_median
PRIOR_0001268,DNPTRNK,0.5556984,producible_prior,-1.9946804,-1.1683348,-1.9946804,True,False,False,-0.769888015,2.5503787498840333,1.7240332239944456,False,point_median
PRIOR_0001269,PMKNLMD,-0.6263124,producible_prior,-3.176691,-2.3503456,-3.176691,True,False,False,-0.769888015,2.5503787498840333,1.7240332239944456,False,point_median
PRIOR_0001270,KWDGKKE,0.89669657,producible_prior,-1.6536822,-0.82733667,-1.6536822,True,False,False,-0.769888015,2.5503787498840333,1.7240332239944456,False,point_median
PRIOR_0001271,TNQQVAY,-0.6584351,producible_prior,-3.208814,-2.3824682,-3.208814,True,False,False,-0.769888015,2.5503787498840333,1.7240332239944456,False,point_median
PRIOR_0001272,HTHKMPD,0.37359095,producible_prior,-2.1767879,-1.3504423,-2.1767879,True,False,False,-0.769888015,2.5503787498840333,1.7240332239944456,False,point_median
PRIOR_0001273,ETAKTRH,0.5230713,producible_prior,-2.0273075,-1.200962,-2.0273075,True,False,False,-0.769888015,2.5503787498840333,1.7240332239944456,False,point_median
PRIOR_0001274,PPRKTMM,0.9309602,producible_prior,-1.6194186,-0.79307306,-1.6194186,True,False,False,-0.769888015,2.5503787498840333,1.7240332239944456,False,point_median
PRIOR_0001275,KFKPEVA,0.7359586,producible_prior,-1.8144202,-0.98807466,-1.8144202,True,False,False,-0.769888015,2.5503787498840333,1.7240332239944456,False,point_median
PRIOR_0001276,RKASRYG,1.6440654,producible_prior,-0.9063134,-0.07996786,-0.9063134,True,True,False,-0.769888015,2.5503787498840333,1.7240332239944456,False,point_median
PRIOR_0001277,RSGPADM,0.23742676,producible_prior,-2.312952,-1.4866065,-2.312952,True,False,False,-0.769888015,2.5503787498840333,1.7240332239944456,False,point_median
PRIOR_0001278,GPNKFTV,0.19568753,producible_prior,-2.3546913,-1.5283457,-2.3546913,True,False,False,-0.769888015,2.5503787498840333,1.7240332239944456,False,point_median
PRIOR_0001279,FYKHSPD,-0.2018702,producible_prior,-2.752249,-1.9259034,-2.752249,True,False,False,-0.769888015,2.5503787498840333,1.7240332239944456,False,point_median
PRIOR_0001280,RGDANPD,0.35864973,producible_prior,-2.191729,-1.3653835,-2.191729,True,False,False,-0.769888015,2.5503787498840333,1.7240332239944456,False,point_median
PRIOR_0001281,NAANHLI,-0.6302302,producible_prior,-3.180609,-2.3542633,-3.180609,True,False,False,-0.769888015,2.5503787498840333,1.7240332239944456,False,point_median
PRIOR_0001282,TFKQTVF,-0.24054742,producible_prior,-2.7909262,-1.9645807,-2.7909262,True,False,False,-0.769888015,2.5503787498840333,1.7240332239944456,False,point_median
PRIOR_0001283,TKDNKWA,-0.32844925,producible_prior,-2.878828,-2.0524826,-2.878828,True,False,False,-0.769888015,2.5503787498840333,1.7240332239944456,False,point_median
PRIOR_0001284,EEATPQG,-0.6119354,producible_prior,-3.1623142,-2.3359685,-3.1623142,True,False,False,-0.769888015,2.5503787498840333,1.7240332239944456,False,point_median
PRIOR_0001285,NIRKRNH,1.6237516,producible_prior,-0.92662716,-0.100281596,-0.92662716,True,True,False,-0.769888015,2.5503787498840333,1.7240332239944456,False,point_median
PRIOR_0001286,PAKSMEE,0.35506225,producible_prior,-2.1953166,-1.368971,-2.1953166,True,False,False,-0.769888015,2.5503787498840333,1.7240332239944456,False,point_median
PRIOR_0001287,WTGRKDI,0.3955822,producible_prior,-2.1547966,-1.328451,-2.1547966,True,False,False,-0.769888015,2.5503787498840333,1.7240332239944456,False,point_median
PRIOR_0001288,VSQDDNK,-0.7680576,producible_prior,-3.3184364,-2.4920907,-3.3184364,True,False,False,-0.769888015,2.5503787498840333,1.7240332239944456,False,point_median
PRIOR_0001289,CRHNLKH,-0.08594108,producible_prior,-2.6363199,-1.8099743,-2.6363199,True,False,False,-0.769888015,2.5503787498840333,1.7240332239944456,False,point_median
PRIOR_0001290,AVQLKVS,-0.12175083,producible_prior,-2.6721296,-1.8457841,-2.6721296,True,False,False,-0.769888015,2.5503787498840333,1.7240332239944456,False,point_median
PRIOR_0001291,NRLRPYG,-0.14150858,producible_prior,-2.6918874,-1.8655418,-2.6918874,True,False,False,-0.769888015,2.5503787498840333,1.7240332239944456,False,point_median
PRIOR_0001292,VNYSPAK,-0.6036372,producible_prior,-3.154016,-2.3276706,-3.154016,True,False,False,-0.769888015,2.5503787498840333,1.7240332239944456,False,point_median
PRIOR_0001293,RVRVNPN,0.47203302,producible_prior,-2.0783458,-1.2520002,-2.0783458,True,False,False,-0.769888015,2.5503787498840333,1.7240332239944456,False,point_median
PRIOR_0001294,NPRLYGR,-0.6084895,producible_prior,-3.1588683,-2.3325229,-3.1588683,True,False,False,-0.769888015,2.5503787498840333,1.7240332239944456,False,point_median
PRIOR_0001295,HISRHFR,-0.5307497,producible_prior,-3.0811286,-2.254783,-3.0811286,True,False,False,-0.769888015,2.5503787498840333,1.7240332239944456,False,point_median
PRIOR_0001296,HANRYLS,-0.54888976,producible_prior,-3.0992684,-2.272923,-3.0992684,True,False,False,-0.769888015,2.5503787498840333,1.7240332239944456,False,point_median
PRIOR_0001297,HVQGKSY,0.2922895,producible_prior,-2.2580893,-1.4317437,-2.2580893,True,False,False,-0.769888015,2.5503787498840333,1.7240332239944456,False,point_median
PRIOR_0001298,QIIKGKD,0.68595076,producible_prior,-1.864428,-1.0380825,-1.864428,True,False,False,-0.769888015,2.5503787498840333,1.7240332239944456,False,point_median
PRIOR_0001299,MGPNQND,0.2672615,producible_prior,-2.2831173,-1.4567717,-2.2831173,True,False,False,-0.769888015,2.5503787498840333,1.7240332239944456,False,point_median
PRIOR_0001300,LHNLRPV,-0.22292972,producible_prior,-2.7733085,-1.946963,-2.7733085,True,False,False,-0.769888015,2.5503787498840333,1.7240332239944456,False,point_median
PRIOR_0001301,RDINLKP,-0.06541562,producible_prior,-2.6157944,-1.7894489,-2.6157944,True,False,False,-0.769888015,2.5503787498840333,1.7240332239944456,False,point_median
PRIOR_0001302,HAKNMDM,0.08556318,producible_prior,-2.4648156,-1.63847,-2.4648156,True,False,False,-0.769888015,2.5503787498840333,1.7240332239944456,False,point_median
PRIOR_0001303,NFRETKK,0.93468094,producible_prior,-1.6156979,-0.7893523,-1.6156979,True,False,False,-0.769888015,2.5503787498840333,1.7240332239944456,False,point_median
PRIOR_0001304,EKKWPTA,-0.17370129,producible_prior,-2.72408,-1.8977345,-2.72408,True,False,False,-0.769888015,2.5503787498840333,1.7240332239944456,False,point_median
PRIOR_0001305,LKHKQHR,1.9105892,producible_prior,-0.6397896,0.18655598,-0.6397896,True,True,True,-0.769888015,2.5503787498840333,1.7240332239944456,False,point_median
PRIOR_0001306,GASSIHM,-0.35905862,producible_prior,-2.9094374,-2.0830917,-2.9094374,True,False,False,-0.769888015,2.5503787498840333,1.7240332239944456,False,point_median
PRIOR_0001307,VHGLGTM,-0.5160451,producible_prior,-3.066424,-2.2400784,-3.066424,True,False,False,-0.769888015,2.5503787498840333,1.7240332239944456,False,point_median
PRIOR_0001308,IEQQPSM,-0.76193,producible_prior,-3.3123088,-2.4859633,-3.3123088,True,False,False,-0.769888015,2.5503787498840333,1.7240332239944456,False,point_median
PRIOR_0001309,KFIQKVE,0.09261274,producible_prior,-2.457766,-1.6314205,-2.457766,True,False,False,-0.769888015,2.5503787498840333,1.7240332239944456,False,point_median
PRIOR_0001310,KVVLAQV,-0.47504556,producible_prior,-3.0254245,-2.1990788,-3.0254245,True,False,False,-0.769888015,2.5503787498840333,1.7240332239944456,False,point_median
PRIOR_0001311,ELKTQAL,-0.36809123,producible_prior,-2.91847,-2.0921245,-2.91847,True,False,False,-0.769888015,2.5503787498840333,1.7240332239944456,False,point_median
PRIOR_0001312,SKGVYRH,0.32877755,producible_prior,-2.2216012,-1.3952557,-2.2216012,True,False,False,-0.769888015,2.5503787498840333,1.7240332239944456,False,point_median
PRIOR_0001313,QGQEKHY,-0.25204754,producible_prior,-2.8024263,-1.9760808,-2.8024263,True,False,False,-0.769888015,2.5503787498840333,1.7240332239944456,False,point_median
PRIOR_0001314,HRSRMPY,0.17379618,producible_prior,-2.3765826,-1.550237,-2.3765826,True,False,False,-0.769888015,2.5503787498840333,1.7240332239944456,False,point_median
PRIOR_0001315,KMKVYLH,-0.6328831,producible_prior,-3.1832619,-2.3569164,-3.1832619,True,False,False,-0.769888015,2.5503787498840333,1.7240332239944456,False,point_median
PRIOR_0001316,TAKVQDK,1.0591967,producible_prior,-1.4911821,-0.6648365,-1.4911821,True,True,False,-0.769888015,2.5503787498840333,1.7240332239944456,False,point_median
PRIOR_0001317,IGLAHHR,-0.64458287,producible_prior,-3.1949615,-2.368616,-3.1949615,True,False,False,-0.769888015,2.5503787498840333,1.7240332239944456,False,point_median
PRIOR_0001318,MRPLESI,-0.5129993,producible_prior,-3.063378,-2.2370324,-3.063378,True,False,False,-0.769888015,2.5503787498840333,1.7240332239944456,False,point_median
PRIOR_0001319,LRRKGAW,1.0273061,producible_prior,-1.5230727,-0.69672716,-1.5230727,True,True,False,-0.769888015,2.5503787498840333,1.7240332239944456,False,point_median
PRIOR_0001320,VVRQIKV,0.83629704,producible_prior,-1.7140818,-0.8877362,-1.7140818,True,False,False,-0.769888015,2.5503787498840333,1.7240332239944456,False,point_median
PRIOR_0001321,YFRHKLL,-0.06487203,producible_prior,-2.6152508,-1.7889053,-2.6152508,True,False,False,-0.769888015,2.5503787498840333,1.7240332239944456,False,point_median
PRIOR_0001322,NHHLIVG,-0.61729884,producible_prior,-3.1676776,-2.341332,-3.1676776,True,False,False,-0.769888015,2.5503787498840333,1.7240332239944456,False,point_median
PRIOR_0001323,FPHHAIE,-0.25749683,producible_prior,-2.8078756,-1.9815301,-2.8078756,True,False,False,-0.769888015,2.5503787498840333,1.7240332239944456,False,point_median
PRIOR_0001324,GMPISSD,-0.5741552,producible_prior,-3.1245341,-2.2981884,-3.1245341,True,False,False,-0.769888015,2.5503787498840333,1.7240332239944456,False,point_median
PRIOR_0001325,KYQAKTN,0.25161886,producible_prior,-2.29876,-1.4724144,-2.29876,True,False,False,-0.769888015,2.5503787498840333,1.7240332239944456,False,point_median
PRIOR_0001326,GQRAPIG,0.8879702,producible_prior,-1.6624086,-0.836063,-1.6624086,True,False,False,-0.769888015,2.5503787498840333,1.7240332239944456,False,point_median
PRIOR_0001327,KRHIYYG,-0.62562716,producible_prior,-3.1760058,-2.3496604,-3.1760058,True,False,False,-0.769888015,2.5503787498840333,1.7240332239944456,False,point_median
PRIOR_0001328,LSDPNLK,-0.7438773,producible_prior,-3.2942562,-2.4679105,-3.2942562,True,False,False,-0.769888015,2.5503787498840333,1.7240332239944456,False,point_median
PRIOR_0001329,DPQRYHP,-0.71969104,producible_prior,-3.2700698,-2.4437242,-3.2700698,True,False,False,-0.769888015,2.5503787498840333,1.7240332239944456,False,point_median
PRIOR_0001330,KNNHGCT,-0.61118233,producible_prior,-3.161561,-2.3352156,-3.161561,True,False,False,-0.769888015,2.5503787498840333,1.7240332239944456,False,point_median
PRIOR_0001331,AFRESKA,0.8007221,producible_prior,-1.7496567,-0.9233111,-1.7496567,True,False,False,-0.769888015,2.5503787498840333,1.7240332239944456,False,point_median
PRIOR_0001332,RFYNSHK,-0.47536373,producible_prior,-3.0257425,-2.199397,-3.0257425,True,False,False,-0.769888015,2.5503787498840333,1.7240332239944456,False,point_median
PRIOR_0001333,GTGQTIP,0.3082626,producible_prior,-2.2421162,-1.4157706,-2.2421162,True,False,False,-0.769888015,2.5503787498840333,1.7240332239944456,False,point_median
PRIOR_0001334,WKTRGYR,0.17962074,producible_prior,-2.370758,-1.5444125,-2.370758,True,False,False,-0.769888015,2.5503787498840333,1.7240332239944456,False,point_median
PRIOR_0001335,THKSPPE,1.1242223,producible_prior,-1.4261565,-0.59981096,-1.4261565,True,True,False,-0.769888015,2.5503787498840333,1.7240332239944456,False,point_median
PRIOR_0001336,THKWNVR,-0.5348023,producible_prior,-3.0851812,-2.2588356,-3.0851812,True,False,False,-0.769888015,2.5503787498840333,1.7240332239944456,False,point_median
PRIOR_0001337,GNGKAFD,0.28767467,producible_prior,-2.2627041,-1.4363586,-2.2627041,True,False,False,-0.769888015,2.5503787498840333,1.7240332239944456,False,point_median
PRIOR_0001338,TEIAVGK,-0.7628914,producible_prior,-3.31327,-2.4869246,-3.31327,True,False,False,-0.769888015,2.5503787498840333,1.7240332239944456,False,point_median
PRIOR_0001339,QMGKSRE,1.503447,producible_prior,-1.0469317,-0.22058618,-1.0469317,True,True,False,-0.769888015,2.5503787498840333,1.7240332239944456,False,point_median
PRIOR_0001340,DNRSESN,-0.60155725,producible_prior,-3.151936,-2.3255906,-3.151936,True,False,False,-0.769888015,2.5503787498840333,1.7240332239944456,False,point_median
PRIOR_0001341,LKSHVDI,0.21065044,producible_prior,-2.3397284,-1.5133828,-2.3397284,True,False,False,-0.769888015,2.5503787498840333,1.7240332239944456,False,point_median
PRIOR_0001342,IMRHFGS,-0.50953627,producible_prior,-3.059915,-2.2335696,-3.059915,True,False,False,-0.769888015,2.5503787498840333,1.7240332239944456,False,point_median
PRIOR_0001343,HTTSDHK,-0.31414032,producible_prior,-2.8645191,-2.0381737,-2.8645191,True,False,False,-0.769888015,2.5503787498840333,1.7240332239944456,False,point_median
PRIOR_0001344,KQSSLNY,-0.39967155,producible_prior,-2.9500504,-2.123705,-2.9500504,True,False,False,-0.769888015,2.5503787498840333,1.7240332239944456,False,point_median
PRIOR_0001345,SFNKSPA,0.92455626,producible_prior,-1.6258225,-0.799477,-1.6258225,True,False,False,-0.769888015,2.5503787498840333,1.7240332239944456,False,point_median
PRIOR_0001346,ARFRISD,-0.31275535,producible_prior,-2.8631341,-2.0367885,-2.8631341,True,False,False,-0.769888015,2.5503787498840333,1.7240332239944456,False,point_median
PRIOR_0001347,RPHVHRS,1.3642213,producible_prior,-1.1861575,-0.3598119,-1.1861575,True,True,False,-0.769888015,2.5503787498840333,1.7240332239944456,False,point_median
PRIOR_0001348,LIYKEQK,-0.5323627,producible_prior,-3.0827415,-2.2563958,-3.0827415,True,False,False,-0.769888015,2.5503787498840333,1.7240332239944456,False,point_median
PRIOR_0001349,SAHASAS,0.62417364,producible_prior,-1.9262052,-1.0998596,-1.9262052,True,False,False,-0.769888015,2.5503787498840333,1.7240332239944456,False,point_median
PRIOR_0001350,RIPQREH,0.72202325,producible_prior,-1.8283556,-1.00201,-1.8283556,True,False,False,-0.769888015,2.5503787498840333,1.7240332239944456,False,point_median
PRIOR_0001351,LPPVDNA,-0.21701646,producible_prior,-2.7673953,-1.9410497,-2.7673953,True,False,False,-0.769888015,2.5503787498840333,1.7240332239944456,False,point_median
PRIOR_0001352,VLNFNKK,0.021433115,producible_prior,-2.5289457,-1.7026001,-2.5289457,True,False,False,-0.769888015,2.5503787498840333,1.7240332239944456,False,point_median
PRIOR_0001353,RMHIAVK,0.11937809,producible_prior,-2.4310007,-1.6046551,-2.4310007,True,False,False,-0.769888015,2.5503787498840333,1.7240332239944456,False,point_median
PRIOR_0001354,YHQVKKF,0.53451514,producible_prior,-2.0158637,-1.1895181,-2.0158637,True,False,False,-0.769888015,2.5503787498840333,1.7240332239944456,False,point_median
PRIOR_0001355,PRRIPLM,-0.21648192,producible_prior,-2.7668607,-1.9405152,-2.7668607,True,False,False,-0.769888015,2.5503787498840333,1.7240332239944456,False,point_median
PRIOR_0001356,MSNGRVA,1.0686572,producible_prior,-1.4817216,-0.6553761,-1.4817216,True,True,False,-0.769888015,2.5503787498840333,1.7240332239944456,False,point_median
PRIOR_0001357,LRFRAKV,1.0041721,producible_prior,-1.5462067,-0.71986115,-1.5462067,True,True,False,-0.769888015,2.5503787498840333,1.7240332239944456,False,point_median
PRIOR_0001358,GNNTMIP,-0.1794138,producible_prior,-2.7297926,-1.903447,-2.7297926,True,False,False,-0.769888015,2.5503787498840333,1.7240332239944456,False,point_median
PRIOR_0001359,NKSINMM,-0.028908491,producible_prior,-2.5792873,-1.7529417,-2.5792873,True,False,False,-0.769888015,2.5503787498840333,1.7240332239944456,False,point_median
PRIOR_0001360,PPHARLH,-0.034731627,producible_prior,-2.5851104,-1.7587649,-2.5851104,True,False,False,-0.769888015,2.5503787498840333,1.7240332239944456,False,point_median
PRIOR_0001361,TNPAAAE,0.65342116,producible_prior,-1.8969576,-1.0706121,-1.8969576,True,False,False,-0.769888015,2.5503787498840333,1.7240332239944456,False,point_median
PRIOR_0001362,TRHVQNY,0.060356855,producible_prior,-2.490022,-1.6636764,-2.490022,True,False,False,-0.769888015,2.5503787498840333,1.7240332239944456,False,point_median
PRIOR_0001363,LKKNAHC,0.040613413,producible_prior,-2.5097654,-1.6834198,-2.5097654,True,False,False,-0.769888015,2.5503787498840333,1.7240332239944456,False,point_median
PRIOR_0001364,VDPKKHC,-0.65107,producible_prior,-3.201449,-2.3751032,-3.201449,True,False,False,-0.769888015,2.5503787498840333,1.7240332239944456,False,point_median
PRIOR_0001365,NPERKCK,-0.050163746,producible_prior,-2.6005425,-1.774197,-2.6005425,True,False,False,-0.769888015,2.5503787498840333,1.7240332239944456,False,point_median
PRIOR_0001366,GKRFRND,1.1912119,producible_prior,-1.3591669,-0.5328213,-1.3591669,True,True,False,-0.769888015,2.5503787498840333,1.7240332239944456,False,point_median
PRIOR_0001367,SENITGG,-0.0647614,producible_prior,-2.6151402,-1.7887946,-2.6151402,True,False,False,-0.769888015,2.5503787498840333,1.7240332239944456,False,point_median
PRIOR_0001368,TQNKNAL,0.83439255,producible_prior,-1.7159863,-0.8896407,-1.7159863,True,False,False,-0.769888015,2.5503787498840333,1.7240332239944456,False,point_median
PRIOR_0001369,SQNHHLD,-0.4030869,producible_prior,-2.9534657,-2.12712,-2.9534657,True,False,False,-0.769888015,2.5503787498840333,1.7240332239944456,False,point_median
PRIOR_0001370,NTLKHAI,-0.31921434,producible_prior,-2.8695931,-2.0432477,-2.8695931,True,False,False,-0.769888015,2.5503787498840333,1.7240332239944456,False,point_median
PRIOR_0001371,TNPKADV,0.97707176,producible_prior,-1.573307,-0.7469615,-1.573307,True,True,False,-0.769888015,2.5503787498840333,1.7240332239944456,False,point_median
PRIOR_0001372,YKAHLQN,-0.13779879,producible_prior,-2.6881776,-1.861832,-2.6881776,True,False,False,-0.769888015,2.5503787498840333,1.7240332239944456,False,point_median
PRIOR_0001373,HNISRSL,-0.40140772,producible_prior,-2.9517865,-2.125441,-2.9517865,True,False,False,-0.769888015,2.5503787498840333,1.7240332239944456,False,point_median
PRIOR_0001374,NAHYQQA,-0.4311117,producible_prior,-2.9814906,-2.155145,-2.9814906,True,False,False,-0.769888015,2.5503787498840333,1.7240332239944456,False,point_median
PRIOR_0001375,DKNKMMD,0.45943403,producible_prior,-2.0909448,-1.2645992,-2.0909448,True,False,False,-0.769888015,2.5503787498840333,1.7240332239944456,False,point_median
PRIOR_0001376,VSEGPDG,-0.14640999,producible_prior,-2.6967888,-1.8704432,-2.6967888,True,False,False,-0.769888015,2.5503787498840333,1.7240332239944456,False,point_median
PRIOR_0001377,YKGGLHN,0.22149014,producible_prior,-2.3288887,-1.5025431,-2.3288887,True,False,False,-0.769888015,2.5503787498840333,1.7240332239944456,False,point_median
PRIOR_0001378,WQTHAKI,0.011189461,producible_prior,-2.5391893,-1.7128438,-2.5391893,True,False,False,-0.769888015,2.5503787498840333,1.7240332239944456,False,point_median
PRIOR_0001379,GNKSVAF,0.35954237,producible_prior,-2.1908364,-1.3644909,-2.1908364,True,False,False,-0.769888015,2.5503787498840333,1.7240332239944456,False,point_median
PRIOR_0001380,PIMKGQK,0.21280503,producible_prior,-2.3375738,-1.5112282,-2.3375738,True,False,False,-0.769888015,2.5503787498840333,1.7240332239944456,False,point_median
PRIOR_0001381,AMNPQKG,0.8735328,producible_prior,-1.676846,-0.85050046,-1.676846,True,False,False,-0.769888015,2.5503787498840333,1.7240332239944456,False,point_median
PRIOR_0001382,RYGRIRT,0.46358895,producible_prior,-2.0867898,-1.2604443,-2.0867898,True,False,False,-0.769888015,2.5503787498840333,1.7240332239944456,False,point_median
PRIOR_0001383,PDKVGRS,0.8184638,producible_prior,-1.731915,-0.90556943,-1.731915,True,False,False,-0.769888015,2.5503787498840333,1.7240332239944456,False,point_median
PRIOR_0001384,PFKSGEV,0.24717975,producible_prior,-2.303199,-1.4768535,-2.303199,True,False,False,-0.769888015,2.5503787498840333,1.7240332239944456,False,point_median
PRIOR_0001385,IKPNYQH,-0.041918993,producible_prior,-2.5922978,-1.7659522,-2.5922978,True,False,False,-0.769888015,2.5503787498840333,1.7240332239944456,False,point_median
PRIOR_0001386,HAQRGDT,0.2875836,producible_prior,-2.2627952,-1.4364496,-2.2627952,True,False,False,-0.769888015,2.5503787498840333,1.7240332239944456,False,point_median
PRIOR_0001387,RHISRGN,0.06014681,producible_prior,-2.490232,-1.6638864,-2.490232,True,False,False,-0.769888015,2.5503787498840333,1.7240332239944456,False,point_median
PRIOR_0001388,HATRFQM,-0.59882855,producible_prior,-3.1492074,-2.3228617,-3.1492074,True,False,False,-0.769888015,2.5503787498840333,1.7240332239944456,False,point_median
PRIOR_0001389,ERRMARH,0.36131787,producible_prior,-2.189061,-1.3627154,-2.189061,True,False,False,-0.769888015,2.5503787498840333,1.7240332239944456,False,point_median
PRIOR_0001390,YSERTMH,-0.53001165,producible_prior,-3.0803905,-2.254045,-3.0803905,True,False,False,-0.769888015,2.5503787498840333,1.7240332239944456,False,point_median
PRIOR_0001391,KGDVSLA,0.38002396,producible_prior,-2.1703548,-1.3440093,-2.1703548,True,False,False,-0.769888015,2.5503787498840333,1.7240332239944456,False,point_median
PRIOR_0001392,ALSVRFR,-0.7633827,producible_prior,-3.3137615,-2.4874158,-3.3137615,True,False,False,-0.769888015,2.5503787498840333,1.7240332239944456,False,point_median
PRIOR_0001393,SFIRRGK,0.3096485,producible_prior,-2.2407303,-1.4143847,-2.2407303,True,False,False,-0.769888015,2.5503787498840333,1.7240332239944456,False,point_median
PRIOR_0001394,ITFKHIE,-0.73770225,producible_prior,-3.2880812,-2.4617355,-3.2880812,True,False,False,-0.769888015,2.5503787498840333,1.7240332239944456,False,point_median
PRIOR_0001395,APIGSAG,0.30320597,producible_prior,-2.2471728,-1.4208273,-2.2471728,True,False,False,-0.769888015,2.5503787498840333,1.7240332239944456,False,point_median
PRIOR_0001396,PGIPAAK,-0.47441244,producible_prior,-3.0247912,-2.1984458,-3.0247912,True,False,False,-0.769888015,2.5503787498840333,1.7240332239944456,False,point_median
PRIOR_0001397,SQDRPYG,-0.43667674,producible_prior,-2.9870555,-2.1607099,-2.9870555,True,False,False,-0.769888015,2.5503787498840333,1.7240332239944456,False,point_median
PRIOR_0001398,VAGVKGY,0.22473192,producible_prior,-2.3256469,-1.4993013,-2.3256469,True,False,False,-0.769888015,2.5503787498840333,1.7240332239944456,False,point_median
PRIOR_0001399,IKGLKNS,1.4388411,producible_prior,-1.1115377,-0.28519213,-1.1115377,True,True,False,-0.769888015,2.5503787498840333,1.7240332239944456,False,point_median
PRIOR_0001400,RGRPDND,0.71875715,producible_prior,-1.8316216,-1.0052761,-1.8316216,True,False,False,-0.769888015,2.5503787498840333,1.7240332239944456,False,point_median
PRIOR_0001401,VKIIQKK,0.71635914,producible_prior,-1.8340197,-1.0076741,-1.8340197,True,False,False,-0.769888015,2.5503787498840333,1.7240332239944456,False,point_median
PRIOR_0001402,SSDRAKS,1.1703732,producible_prior,-1.3800056,-0.55366004,-1.3800056,True,True,False,-0.769888015,2.5503787498840333,1.7240332239944456,False,point_median
PRIOR_0001403,RQFKEVG,0.46808672,producible_prior,-2.082292,-1.2559465,-2.082292,True,False,False,-0.769888015,2.5503787498840333,1.7240332239944456,False,point_median
PRIOR_0001404,TTDGKQM,0.6745434,producible_prior,-1.8758354,-1.0494899,-1.8758354,True,False,False,-0.769888015,2.5503787498840333,1.7240332239944456,False,point_median
PRIOR_0001405,MVRKKDE,1.8263655,producible_prior,-0.7240133,0.102332234,-0.7240133,True,True,True,-0.769888015,2.5503787498840333,1.7240332239944456,False,point_median
PRIOR_0001406,HETHHRD,-0.15000725,producible_prior,-2.700386,-1.8740405,-2.700386,True,False,False,-0.769888015,2.5503787498840333,1.7240332239944456,False,point_median
PRIOR_0001407,LYKDKDS,0.14726543,producible_prior,-2.4031134,-1.5767678,-2.4031134,True,False,False,-0.769888015,2.5503787498840333,1.7240332239944456,False,point_median
PRIOR_0001408,GRRPKDM,1.6242132,producible_prior,-0.9261656,-0.09982002,-0.9261656,True,True,False,-0.769888015,2.5503787498840333,1.7240332239944456,False,point_median
PRIOR_0001409,GSARWKT,-0.5212245,producible_prior,-3.0716033,-2.2452579,-3.0716033,True,False,False,-0.769888015,2.5503787498840333,1.7240332239944456,False,point_median
PRIOR_0001410,GDRNKMP,1.0667086,producible_prior,-1.4836702,-0.6573247,-1.4836702,True,True,False,-0.769888015,2.5503787498840333,1.7240332239944456,False,point_median
PRIOR_0001411,IAELKVS,-0.37143564,producible_prior,-2.9218144,-2.095469,-2.9218144,True,False,False,-0.769888015,2.5503787498840333,1.7240332239944456,False,point_median
PRIOR_0001412,MFGYKPS,-0.67156625,producible_prior,-3.221945,-2.3955994,-3.221945,True,False,False,-0.769888015,2.5503787498840333,1.7240332239944456,False,point_median
PRIOR_0001413,NPASHTQ,-0.6369151,producible_prior,-3.187294,-2.3609483,-3.187294,True,False,False,-0.769888015,2.5503787498840333,1.7240332239944456,False,point_median
PRIOR_0001414,RYKVGYL,-0.66822267,producible_prior,-3.2186015,-2.3922558,-3.2186015,True,False,False,-0.769888015,2.5503787498840333,1.7240332239944456,False,point_median
PRIOR_0001415,KIRRNFK,1.0651531,producible_prior,-1.4852257,-0.6588801,-1.4852257,True,True,False,-0.769888015,2.5503787498840333,1.7240332239944456,False,point_median
PRIOR_0001416,ASNRNLE,0.27241588,producible_prior,-2.277963,-1.4516174,-2.277963,True,False,False,-0.769888015,2.5503787498840333,1.7240332239944456,False,point_median
PRIOR_0001417,TGNKPNG,1.8816419,producible_prior,-0.66873693,0.15760863,-0.66873693,True,True,True,-0.769888015,2.5503787498840333,1.7240332239944456,False,point_median
PRIOR_0001418,VYGKLMA,-0.21798277,producible_prior,-2.7683616,-1.942016,-2.7683616,True,False,False,-0.769888015,2.5503787498840333,1.7240332239944456,False,point_median
PRIOR_0001419,LDKVRLS,0.32815957,producible_prior,-2.2222192,-1.3958737,-2.2222192,True,False,False,-0.769888015,2.5503787498840333,1.7240332239944456,False,point_median
PRIOR_0001420,TNKDSVY,-0.14912534,producible_prior,-2.6995041,-1.8731586,-2.6995041,True,False,False,-0.769888015,2.5503787498840333,1.7240332239944456,False,point_median
PRIOR_0001421,YFGRRES,0.64614487,producible_prior,-1.9042339,-1.0778884,-1.9042339,True,False,False,-0.769888015,2.5503787498840333,1.7240332239944456,False,point_median
PRIOR_0001422,KMPAHQK,0.91656137,producible_prior,-1.6338174,-0.8074719,-1.6338174,True,False,False,-0.769888015,2.5503787498840333,1.7240332239944456,False,point_median
PRIOR_0001423,GFKFPRA,0.30039215,producible_prior,-2.2499866,-1.4236411,-2.2499866,True,False,False,-0.769888015,2.5503787498840333,1.7240332239944456,False,point_median
PRIOR_0001424,GRNVTGN,0.5253966,producible_prior,-2.0249822,-1.1986367,-2.0249822,True,False,False,-0.769888015,2.5503787498840333,1.7240332239944456,False,point_median
PRIOR_0001425,VGEPSMG,-0.11290169,producible_prior,-2.6632805,-1.8369349,-2.6632805,True,False,False,-0.769888015,2.5503787498840333,1.7240332239944456,False,point_median
PRIOR_0001426,LTGNDIA,-0.5228038,producible_prior,-3.0731826,-2.2468371,-3.0731826,True,False,False,-0.769888015,2.5503787498840333,1.7240332239944456,False,point_median
PRIOR_0001427,LRPRFLK,0.15022707,producible_prior,-2.4001517,-1.5738062,-2.4001517,True,False,False,-0.769888015,2.5503787498840333,1.7240332239944456,False,point_median
PRIOR_0001428,IIQRASR,0.55902505,producible_prior,-1.9913538,-1.1650082,-1.9913538,True,False,False,-0.769888015,2.5503787498840333,1.7240332239944456,False,point_median
PRIOR_0001429,PTQGARM,0.32785058,producible_prior,-2.2225282,-1.3961827,-2.2225282,True,False,False,-0.769888015,2.5503787498840333,1.7240332239944456,False,point_median
PRIOR_0001430,GNRAHEF,-0.000323534,producible_prior,-2.5507023,-1.7243568,-2.5507023,True,False,False,-0.769888015,2.5503787498840333,1.7240332239944456,False,point_median
PRIOR_0001431,QSRFSSA,0.31446457,producible_prior,-2.2359142,-1.4095687,-2.2359142,True,False,False,-0.769888015,2.5503787498840333,1.7240332239944456,False,point_median
PRIOR_0001432,RFGILRG,0.3735156,producible_prior,-2.1768632,-1.3505176,-2.1768632,True,False,False,-0.769888015,2.5503787498840333,1.7240332239944456,False,point_median
PRIOR_0001433,KFSASFE,-0.5109427,producible_prior,-3.0613215,-2.2349758,-3.0613215,True,False,False,-0.769888015,2.5503787498840333,1.7240332239944456,False,point_median
PRIOR_0001434,NQAKNPL,0.42141175,producible_prior,-2.128967,-1.3026215,-2.128967,True,False,False,-0.769888015,2.5503787498840333,1.7240332239944456,False,point_median
PRIOR_0001435,RKPAHKV,2.4639006,producible_prior,-0.08647823,0.7398673,-0.08647823,True,True,True,-0.769888015,2.5503787498840333,1.7240332239944456,False,point_median
PRIOR_0001436,CTKPGQA,0.36124086,producible_prior,-2.189138,-1.3627924,-2.189138,True,False,False,-0.769888015,2.5503787498840333,1.7240332239944456,False,point_median
PRIOR_0001437,RYKVAPQ,-0.21249008,producible_prior,-2.762869,-1.9365233,-2.762869,True,False,False,-0.769888015,2.5503787498840333,1.7240332239944456,False,point_median
PRIOR_0001438,FRAVMVR,-0.19452953,producible_prior,-2.7449083,-1.9185628,-2.7449083,True,False,False,-0.769888015,2.5503787498840333,1.7240332239944456,False,point_median
PRIOR_0001439,QFDKKLG,0.79083157,producible_prior,-1.7595472,-0.9332017,-1.7595472,True,False,False,-0.769888015,2.5503787498840333,1.7240332239944456,False,point_median
PRIOR_0001440,MGHRELR,0.16271973,producible_prior,-2.387659,-1.5613135,-2.387659,True,False,False,-0.769888015,2.5503787498840333,1.7240332239944456,False,point_median
PRIOR_0001441,HTHRHPY,-0.31027842,producible_prior,-2.8606572,-2.0343118,-2.8606572,True,False,False,-0.769888015,2.5503787498840333,1.7240332239944456,False,point_median
PRIOR_0001442,ITGIKLM,-0.27865756,producible_prior,-2.8290362,-2.0026908,-2.8290362,True,False,False,-0.769888015,2.5503787498840333,1.7240332239944456,False,point_median
PRIOR_0001443,VQPGKNT,0.9261465,producible_prior,-1.6242323,-0.7978867,-1.6242323,True,False,False,-0.769888015,2.5503787498840333,1.7240332239944456,False,point_median
PRIOR_0001444,SRPNTDI,0.5108576,producible_prior,-2.0395212,-1.2131757,-2.0395212,True,False,False,-0.769888015,2.5503787498840333,1.7240332239944456,False,point_median
PRIOR_0001445,RFTQDPK,-0.22109365,producible_prior,-2.7714725,-1.9451269,-2.7714725,True,False,False,-0.769888015,2.5503787498840333,1.7240332239944456,False,point_median
PRIOR_0001446,YTATLQK,-0.2652228,producible_prior,-2.8156016,-1.989256,-2.8156016,True,False,False,-0.769888015,2.5503787498840333,1.7240332239944456,False,point_median
PRIOR_0001447,HRKLGNY,0.36781025,producible_prior,-2.1825686,-1.356223,-2.1825686,True,False,False,-0.769888015,2.5503787498840333,1.7240332239944456,False,point_median
PRIOR_0001448,YEMKRID,-0.6592431,producible_prior,-3.209622,-2.3832765,-3.209622,True,False,False,-0.769888015,2.5503787498840333,1.7240332239944456,False,point_median
PRIOR_0001449,TVLEGSG,-0.4605837,producible_prior,-3.0109625,-2.184617,-3.0109625,True,False,False,-0.769888015,2.5503787498840333,1.7240332239944456,False,point_median
PRIOR_0001450,GPSTGAV,0.706388,producible_prior,-1.8439908,-1.0176452,-1.8439908,True,False,False,-0.769888015,2.5503787498840333,1.7240332239944456,False,point_median
PRIOR_0001451,FERIGSG,0.179991,producible_prior,-2.3703878,-1.5440422,-2.3703878,True,False,False,-0.769888015,2.5503787498840333,1.7240332239944456,False,point_median
PRIOR_0001452,TKETDDK,0.011760712,producible_prior,-2.538618,-1.7122725,-2.538618,True,False,False,-0.769888015,2.5503787498840333,1.7240332239944456,False,point_median
PRIOR_0001453,PPIHLKP,-0.28279245,producible_prior,-2.8331714,-2.0068257,-2.8331714,True,False,False,-0.769888015,2.5503787498840333,1.7240332239944456,False,point_median
PRIOR_0001454,LGVNPDP,-0.48027647,producible_prior,-3.0306554,-2.2043097,-3.0306554,True,False,False,-0.769888015,2.5503787498840333,1.7240332239944456,False,point_median
PRIOR_0001455,FVRTQNV,0.25582314,producible_prior,-2.2945557,-1.4682101,-2.2945557,True,False,False,-0.769888015,2.5503787498840333,1.7240332239944456,False,point_median
PRIOR_0001456,NISQVKY,-0.39783227,producible_prior,-2.9482112,-2.1218655,-2.9482112,True,False,False,-0.769888015,2.5503787498840333,1.7240332239944456,False,point_median
PRIOR_0001457,CSPKVER,-0.33231544,producible_prior,-2.8826942,-2.0563488,-2.8826942,True,False,False,-0.769888015,2.5503787498840333,1.7240332239944456,False,point_median
PRIOR_0001458,MGDTMGP,-0.31419134,producible_prior,-2.8645701,-2.0382247,-2.8645701,True,False,False,-0.769888015,2.5503787498840333,1.7240332239944456,False,point_median
PRIOR_0001459,LRRMGMY,-0.41649175,producible_prior,-2.9668705,-2.1405249,-2.9668705,True,False,False,-0.769888015,2.5503787498840333,1.7240332239944456,False,point_median
PRIOR_0001460,YKTTIRH,0.6145201,producible_prior,-1.9358587,-1.1095132,-1.9358587,True,False,False,-0.769888015,2.5503787498840333,1.7240332239944456,False,point_median
PRIOR_0001461,FNRHDIE,-0.4575249,producible_prior,-3.0079036,-2.1815581,-3.0079036,True,False,False,-0.769888015,2.5503787498840333,1.7240332239944456,False,point_median
PRIOR_0001462,QAINHGG,-0.018916368,producible_prior,-2.5692952,-1.7429496,-2.5692952,True,False,False,-0.769888015,2.5503787498840333,1.7240332239944456,False,point_median
PRIOR_0001463,GAASDGP,0.019604445,producible_prior,-2.5307744,-1.7044288,-2.5307744,True,False,False,-0.769888015,2.5503787498840333,1.7240332239944456,False,point_median
PRIOR_0001464,NMRSPSY,-0.4222157,producible_prior,-2.9725945,-2.1462488,-2.9725945,True,False,False,-0.769888015,2.5503787498840333,1.7240332239944456,False,point_median
PRIOR_0001465,LRPPKQP,1.8333435,producible_prior,-0.7170353,0.10931027,-0.7170353,True,True,True,-0.769888015,2.5503787498840333,1.7240332239944456,False,point_median
PRIOR_0001466,KAEGGLS,0.56527495,producible_prior,-1.9851038,-1.1587583,-1.9851038,True,False,False,-0.769888015,2.5503787498840333,1.7240332239944456,False,point_median
PRIOR_0001467,QKTNRGA,2.065414,producible_prior,-0.48496485,0.34138072,-0.48496485,True,True,True,-0.769888015,2.5503787498840333,1.7240332239944456,False,point_median
PRIOR_0001468,KPPFAMD,-0.37541783,producible_prior,-2.9257965,-2.099451,-2.9257965,True,False,False,-0.769888015,2.5503787498840333,1.7240332239944456,False,point_median
PRIOR_0001469,PHKIKPS,1.0190723,producible_prior,-1.5313065,-0.70496094,-1.5313065,True,True,False,-0.769888015,2.5503787498840333,1.7240332239944456,False,point_median
PRIOR_0001470,FHNAEAM,-0.7655915,producible_prior,-3.3159704,-2.4896247,-3.3159704,True,False,False,-0.769888015,2.5503787498840333,1.7240332239944456,False,point_median
PRIOR_0001471,TYRPKMM,0.12599611,producible_prior,-2.4243827,-1.5980371,-2.4243827,True,False,False,-0.769888015,2.5503787498840333,1.7240332239944456,False,point_median
PRIOR_0001472,AYQAAKG,0.5313301,producible_prior,-2.0190487,-1.1927031,-2.0190487,True,False,False,-0.769888015,2.5503787498840333,1.7240332239944456,False,point_median
PRIOR_0001473,WVGQQQT,-0.64214337,producible_prior,-3.192522,-2.3661766,-3.192522,True,False,False,-0.769888015,2.5503787498840333,1.7240332239944456,False,point_median
PRIOR_0001474,YSSHQHP,0.18417025,producible_prior,-2.3662086,-1.539863,-2.3662086,True,False,False,-0.769888015,2.5503787498840333,1.7240332239944456,False,point_median
PRIOR_0001475,VQKQQQS,1.2154832,producible_prior,-1.3348956,-0.50855005,-1.3348956,True,True,False,-0.769888015,2.5503787498840333,1.7240332239944456,False,point_median
PRIOR_0001476,ARDVGVG,0.59179425,producible_prior,-1.9585845,-1.132239,-1.9585845,True,False,False,-0.769888015,2.5503787498840333,1.7240332239944456,False,point_median
PRIOR_0001477,PTPREEV,-0.15850496,producible_prior,-2.7088838,-1.8825382,-2.7088838,True,False,False,-0.769888015,2.5503787498840333,1.7240332239944456,False,point_median
PRIOR_0001478,IRMIPTR,-0.5796958,producible_prior,-3.1300745,-2.303729,-3.1300745,True,False,False,-0.769888015,2.5503787498840333,1.7240332239944456,False,point_median
PRIOR_0001479,CKEVPGS,-0.63670456,producible_prior,-3.1870832,-2.3607378,-3.1870832,True,False,False,-0.769888015,2.5503787498840333,1.7240332239944456,False,point_median
PRIOR_0001480,RTVEQRF,-0.5759988,producible_prior,-3.1263776,-2.3000321,-3.1263776,True,False,False,-0.769888015,2.5503787498840333,1.7240332239944456,False,point_median
PRIOR_0001481,SHILTKK,-0.19293165,producible_prior,-2.7433105,-1.9169649,-2.7433105,True,False,False,-0.769888015,2.5503787498840333,1.7240332239944456,False,point_median
PRIOR_0001482,LQQGKEL,0.50220156,producible_prior,-2.0481772,-1.2218317,-2.0481772,True,False,False,-0.769888015,2.5503787498840333,1.7240332239944456,False,point_median
PRIOR_0001483,PAGRYEA,-0.20573711,producible_prior,-2.756116,-1.9297704,-2.756116,True,False,False,-0.769888015,2.5503787498840333,1.7240332239944456,False,point_median
PRIOR_0001484,LQQKKTH,1.4416473,producible_prior,-1.1087315,-0.28238595,-1.1087315,True,True,False,-0.769888015,2.5503787498840333,1.7240332239944456,False,point_median
PRIOR_0001485,WHKAATV,0.39211702,producible_prior,-2.1582618,-1.3319162,-2.1582618,True,False,False,-0.769888015,2.5503787498840333,1.7240332239944456,False,point_median
PRIOR_0001486,IDNNTLE,-0.65718734,producible_prior,-3.2075663,-2.3812206,-3.2075663,True,False,False,-0.769888015,2.5503787498840333,1.7240332239944456,False,point_median
PRIOR_0001487,SKDTEEE,0.070483685,producible_prior,-2.479895,-1.6535496,-2.479895,True,False,False,-0.769888015,2.5503787498840333,1.7240332239944456,False,point_median
PRIOR_0001488,YHSHTQP,0.482975,producible_prior,-2.0674038,-1.2410582,-2.0674038,True,False,False,-0.769888015,2.5503787498840333,1.7240332239944456,False,point_median
PRIOR_0001489,SHHKKPI,1.549303,producible_prior,-1.0010757,-0.17473018,-1.0010757,True,True,False,-0.769888015,2.5503787498840333,1.7240332239944456,False,point_median
PRIOR_0001490,NAKLADE,0.111727715,producible_prior,-2.438651,-1.6123055,-2.438651,True,False,False,-0.769888015,2.5503787498840333,1.7240332239944456,False,point_median
PRIOR_0001491,IPMKRSP,1.044591,producible_prior,-1.5057878,-0.6794423,-1.5057878,True,True,False,-0.769888015,2.5503787498840333,1.7240332239944456,False,point_median
PRIOR_0001492,ELRKSMV,0.36463118,producible_prior,-2.1857476,-1.3594021,-2.1857476,True,False,False,-0.769888015,2.5503787498840333,1.7240332239944456,False,point_median
PRIOR_0001493,GAYFKQR,-0.72203803,producible_prior,-3.2724168,-2.4460711,-3.2724168,True,False,False,-0.769888015,2.5503787498840333,1.7240332239944456,False,point_median
PRIOR_0001494,TGGSEGK,0.8911848,producible_prior,-1.659194,-0.8328484,-1.659194,True,False,False,-0.769888015,2.5503787498840333,1.7240332239944456,False,point_median
PRIOR_0001495,FDKVPVT,-0.6969042,producible_prior,-3.247283,-2.4209375,-3.247283,True,False,False,-0.769888015,2.5503787498840333,1.7240332239944456,False,point_median
PRIOR_0001496,VKMPKDL,-0.0040991306,producible_prior,-2.554478,-1.7281324,-2.554478,True,False,False,-0.769888015,2.5503787498840333,1.7240332239944456,False,point_median
PRIOR_0001497,RGNDGSH,0.71159005,producible_prior,-1.8387887,-1.0124432,-1.8387887,True,False,False,-0.769888015,2.5503787498840333,1.7240332239944456,False,point_median
PRIOR_0001498,ERARPVG,0.8880825,producible_prior,-1.6622963,-0.83595073,-1.6622963,True,False,False,-0.769888015,2.5503787498840333,1.7240332239944456,False,point_median
PRIOR_0001499,GYKGPLE,0.11838198,producible_prior,-2.4319968,-1.6056513,-2.4319968,True,False,False,-0.769888015,2.5503787498840333,1.7240332239944456,False,point_median
PRIOR_0001500,GNNGAIA,0.70534086,producible_prior,-1.8450379,-1.0186924,-1.8450379,True,False,False,-0.769888015,2.5503787498840333,1.7240332239944456,False,point_median
PRIOR_0001501,LRRAFGE,0.43366575,producible_prior,-2.116713,-1.2903675,-2.116713,True,False,False,-0.769888015,2.5503787498840333,1.7240332239944456,False,point_median
PRIOR_0001502,NNMSPPV,-0.7083281,producible_prior,-3.258707,-2.4323614,-3.258707,True,False,False,-0.769888015,2.5503787498840333,1.7240332239944456,False,point_median
PRIOR_0001503,PFSDSAK,-0.6588595,producible_prior,-3.2092383,-2.3828926,-3.2092383,True,False,False,-0.769888015,2.5503787498840333,1.7240332239944456,False,point_median
PRIOR_0001504,APKPPPH,0.5385468,producible_prior,-2.011832,-1.1854864,-2.011832,True,False,False,-0.769888015,2.5503787498840333,1.7240332239944456,False,point_median
PRIOR_0001505,RPSMAQA,0.760257,producible_prior,-1.7901218,-0.96377623,-1.7901218,True,False,False,-0.769888015,2.5503787498840333,1.7240332239944456,False,point_median
PRIOR_0001506,SGYHTGA,-0.08509946,producible_prior,-2.6354783,-1.8091327,-2.6354783,True,False,False,-0.769888015,2.5503787498840333,1.7240332239944456,False,point_median
PRIOR_0001507,NPMRMPR,-0.26905608,producible_prior,-2.819435,-1.9930893,-2.819435,True,False,False,-0.769888015,2.5503787498840333,1.7240332239944456,False,point_median
PRIOR_0001508,QNGNDMD,-0.6089972,producible_prior,-3.1593761,-2.3330305,-3.1593761,True,False,False,-0.769888015,2.5503787498840333,1.7240332239944456,False,point_median
PRIOR_0001509,HSHQSPE,0.3032694,producible_prior,-2.2471094,-1.4207639,-2.2471094,True,False,False,-0.769888015,2.5503787498840333,1.7240332239944456,False,point_median
PRIOR_0001510,EARAEIV,-0.7201829,producible_prior,-3.2705617,-2.4442163,-3.2705617,True,False,False,-0.769888015,2.5503787498840333,1.7240332239944456,False,point_median
PRIOR_0001511,CERPPSG,-0.52006865,producible_prior,-3.0704474,-2.244102,-3.0704474,True,False,False,-0.769888015,2.5503787498840333,1.7240332239944456,False,point_median
PRIOR_0001512,HNGNLSE,0.143157,producible_prior,-2.4072218,-1.5808762,-2.4072218,True,False,False,-0.769888015,2.5503787498840333,1.7240332239944456,False,point_median
PRIOR_0001513,GNDEGKP,0.5812912,producible_prior,-1.9690876,-1.142742,-1.9690876,True,False,False,-0.769888015,2.5503787498840333,1.7240332239944456,False,point_median
PRIOR_0001514,KNEQLDM,-0.76637757,producible_prior,-3.3167562,-2.4904108,-3.3167562,True,False,False,-0.769888015,2.5503787498840333,1.7240332239944456,False,point_median
PRIOR_0001515,ELPISQG,-0.55441403,producible_prior,-3.1047928,-2.2784472,-3.1047928,True,False,False,-0.769888015,2.5503787498840333,1.7240332239944456,False,point_median
PRIOR_0001516,AKFKQYM,-0.6641569,producible_prior,-3.2145357,-2.3881903,-3.2145357,True,False,False,-0.769888015,2.5503787498840333,1.7240332239944456,False,point_median
PRIOR_0001517,YGDKNEV,0.33763695,producible_prior,-2.2127419,-1.3863963,-2.2127419,True,False,False,-0.769888015,2.5503787498840333,1.7240332239944456,False,point_median
PRIOR_0001518,IGVGHSE,0.07750893,producible_prior,-2.4728699,-1.6465243,-2.4728699,True,False,False,-0.769888015,2.5503787498840333,1.7240332239944456,False,point_median
PRIOR_0001519,RDKTPKD,1.5962687,producible_prior,-0.95411015,-0.12776458,-0.95411015,True,True,False,-0.769888015,2.5503787498840333,1.7240332239944456,False,point_median
PRIOR_0001520,AVKRAAK,1.725405,producible_prior,-0.8249738,0.0013717413,-0.8249738,True,True,False,-0.769888015,2.5503787498840333,1.7240332239944456,False,point_median
PRIOR_0001521,YQENNDR,-0.7537668,producible_prior,-3.3041456,-2.4778,-3.3041456,True,False,False,-0.769888015,2.5503787498840333,1.7240332239944456,False,point_median
PRIOR_0001522,SMHGKNP,1.2071447,producible_prior,-1.3432341,-0.5168885,-1.3432341,True,True,False,-0.769888015,2.5503787498840333,1.7240332239944456,False,point_median
PRIOR_0001523,RKKSSPL,2.2612476,producible_prior,-0.28913116,0.5372144,-0.28913116,True,True,True,-0.769888015,2.5503787498840333,1.7240332239944456,False,point_median
PRIOR_0001524,RNGTRCP,0.2854302,producible_prior,-2.2649486,-1.438603,-2.2649486,True,False,False,-0.769888015,2.5503787498840333,1.7240332239944456,False,point_median
PRIOR_0001525,HFKNEHL,-0.46061766,producible_prior,-3.0109963,-2.184651,-3.0109963,True,False,False,-0.769888015,2.5503787498840333,1.7240332239944456,False,point_median
PRIOR_0001526,PKGHNKE,1.8994598,producible_prior,-0.65091896,0.1754266,-0.65091896,True,True,True,-0.769888015,2.5503787498840333,1.7240332239944456,False,point_median
PRIOR_0001527,QGQNERF,-0.22823691,producible_prior,-2.7786157,-1.9522702,-2.7786157,True,False,False,-0.769888015,2.5503787498840333,1.7240332239944456,False,point_median
PRIOR_0001528,VIMTSTA,-0.64121044,producible_prior,-3.1915894,-2.3652437,-3.1915894,True,False,False,-0.769888015,2.5503787498840333,1.7240332239944456,False,point_median
PRIOR_0001529,WINSKAR,0.30329156,producible_prior,-2.2470872,-1.4207417,-2.2470872,True,False,False,-0.769888015,2.5503787498840333,1.7240332239944456,False,point_median
PRIOR_0001530,YINANDG,-0.08869481,producible_prior,-2.6390736,-1.812728,-2.6390736,True,False,False,-0.769888015,2.5503787498840333,1.7240332239944456,False,point_median
PRIOR_0001531,NKDRNKT,1.6115508,producible_prior,-0.938828,-0.11248243,-0.938828,True,True,False,-0.769888015,2.5503787498840333,1.7240332239944456,False,point_median
PRIOR_0001532,MRKFGMI,0.20958447,producible_prior,-2.3407943,-1.5144488,-2.3407943,True,False,False,-0.769888015,2.5503787498840333,1.7240332239944456,False,point_median
PRIOR_0001533,VTHGFHS,-0.7069628,producible_prior,-3.2573416,-2.430996,-3.2573416,True,False,False,-0.769888015,2.5503787498840333,1.7240332239944456,False,point_median
PRIOR_0001534,TRGAMFR,-0.022144318,producible_prior,-2.572523,-1.7461776,-2.572523,True,False,False,-0.769888015,2.5503787498840333,1.7240332239944456,False,point_median
PRIOR_0001535,ELTQGKL,-0.35829544,producible_prior,-2.9086742,-2.0823288,-2.9086742,True,False,False,-0.769888015,2.5503787498840333,1.7240332239944456,False,point_median
PRIOR_0001536,VAIHKVS,0.09299135,producible_prior,-2.4573874,-1.6310419,-2.4573874,True,False,False,-0.769888015,2.5503787498840333,1.7240332239944456,False,point_median
PRIOR_0001537,TTGTVLM,-0.51474786,producible_prior,-3.0651267,-2.238781,-3.0651267,True,False,False,-0.769888015,2.5503787498840333,1.7240332239944456,False,point_median
PRIOR_0001538,GHGDGIA,0.100777626,producible_prior,-2.4496012,-1.6232556,-2.4496012,True,False,False,-0.769888015,2.5503787498840333,1.7240332239944456,False,point_median
PRIOR_0001539,IFGDTSD,-0.7670003,producible_prior,-3.317379,-2.4910336,-3.317379,True,False,False,-0.769888015,2.5503787498840333,1.7240332239944456,False,point_median
PRIOR_0001540,QLKDHNK,0.51692843,producible_prior,-2.0334504,-1.2071048,-2.0334504,True,False,False,-0.769888015,2.5503787498840333,1.7240332239944456,False,point_median
PRIOR_0001541,SEKQLVE,-0.06956816,producible_prior,-2.619947,-1.7936014,-2.619947,True,False,False,-0.769888015,2.5503787498840333,1.7240332239944456,False,point_median
PRIOR_0001542,LSRKRQF,1.3277607,producible_prior,-1.2226181,-0.39627254,-1.2226181,True,True,False,-0.769888015,2.5503787498840333,1.7240332239944456,False,point_median
PRIOR_0001543,MRMVQHS,-0.22757411,producible_prior,-2.777953,-1.9516073,-2.777953,True,False,False,-0.769888015,2.5503787498840333,1.7240332239944456,False,point_median
PRIOR_0001544,DSKGQDL,-0.122776985,producible_prior,-2.6731558,-1.8468102,-2.6731558,True,False,False,-0.769888015,2.5503787498840333,1.7240332239944456,False,point_median
PRIOR_0001545,KRVVDQG,0.7938516,producible_prior,-1.7565272,-0.9301816,-1.7565272,True,False,False,-0.769888015,2.5503787498840333,1.7240332239944456,False,point_median
PRIOR_0001546,DQKQQAN,-0.1302681,producible_prior,-2.680647,-1.8543013,-2.680647,True,False,False,-0.769888015,2.5503787498840333,1.7240332239944456,False,point_median
PRIOR_0001547,HAVGRLH,-0.17958593,producible_prior,-2.7299647,-1.9036192,-2.7299647,True,False,False,-0.769888015,2.5503787498840333,1.7240332239944456,False,point_median
PRIOR_0001548,GWKRESR,0.13414598,producible_prior,-2.4162328,-1.5898873,-2.4162328,True,False,False,-0.769888015,2.5503787498840333,1.7240332239944456,False,point_median
PRIOR_0001549,ISPQATP,0.42725897,producible_prior,-2.1231198,-1.2967743,-2.1231198,True,False,False,-0.769888015,2.5503787498840333,1.7240332239944456,False,point_median
PRIOR_0001550,SLTGHEH,-0.33520794,producible_prior,-2.8855867,-2.0592413,-2.8855867,True,False,False,-0.769888015,2.5503787498840333,1.7240332239944456,False,point_median
PRIOR_0001551,QNPGQRV,1.1475453,producible_prior,-1.4028335,-0.5764879,-1.4028335,True,True,False,-0.769888015,2.5503787498840333,1.7240332239944456,False,point_median
PRIOR_0001552,KKRNHNM,2.0517883,producible_prior,-0.49859047,0.3277551,-0.49859047,True,True,True,-0.769888015,2.5503787498840333,1.7240332239944456,False,point_median
PRIOR_0001553,LYNQHQK,-0.36037588,producible_prior,-2.9107547,-2.0844092,-2.9107547,True,False,False,-0.769888015,2.5503787498840333,1.7240332239944456,False,point_median
PRIOR_0001554,RLKRTPN,1.4105101,producible_prior,-1.1398687,-0.31352317,-1.1398687,True,True,False,-0.769888015,2.5503787498840333,1.7240332239944456,False,point_median
PRIOR_0001555,SGHPKNP,1.3827658,producible_prior,-1.167613,-0.34126747,-1.167613,True,True,False,-0.769888015,2.5503787498840333,1.7240332239944456,False,point_median
PRIOR_0001556,RVKQSVC,-0.3385775,producible_prior,-2.8889563,-2.0626106,-2.8889563,True,False,False,-0.769888015,2.5503787498840333,1.7240332239944456,False,point_median
PRIOR_0001557,TARGYLG,0.27009988,producible_prior,-2.280279,-1.4539334,-2.280279,True,False,False,-0.769888015,2.5503787498840333,1.7240332239944456,False,point_median
PRIOR_0001558,GGMKTYP,-0.26218557,producible_prior,-2.8125644,-1.9862188,-2.8125644,True,False,False,-0.769888015,2.5503787498840333,1.7240332239944456,False,point_median
PRIOR_0001559,GGDGNGT,0.11363435,producible_prior,-2.4367445,-1.6103989,-2.4367445,True,False,False,-0.769888015,2.5503787498840333,1.7240332239944456,False,point_median
PRIOR_0001560,TGNGDHH,-0.0043153763,producible_prior,-2.5546942,-1.7283486,-2.5546942,True,False,False,-0.769888015,2.5503787498840333,1.7240332239944456,False,point_median
PRIOR_0001561,SASSTYS,-0.4724276,producible_prior,-3.0228064,-2.1964607,-3.0228064,True,False,False,-0.769888015,2.5503787498840333,1.7240332239944456,False,point_median
PRIOR_0001562,MLTVQGV,-0.4193864,producible_prior,-2.9697652,-2.1434197,-2.9697652,True,False,False,-0.769888015,2.5503787498840333,1.7240332239944456,False,point_median
PRIOR_0001563,QGKTIEY,-0.19431734,producible_prior,-2.7446961,-1.9183506,-2.7446961,True,False,False,-0.769888015,2.5503787498840333,1.7240332239944456,False,point_median
PRIOR_0001564,FIRNKLE,0.58261156,producible_prior,-1.9677672,-1.1414217,-1.9677672,True,False,False,-0.769888015,2.5503787498840333,1.7240332239944456,False,point_median
PRIOR_0001565,KMRIMHE,0.06956506,producible_prior,-2.4808137,-1.6544682,-2.4808137,True,False,False,-0.769888015,2.5503787498840333,1.7240332239944456,False,point_median
PRIOR_0001566,IMRNVGI,0.010751724,producible_prior,-2.539627,-1.7132815,-2.539627,True,False,False,-0.769888015,2.5503787498840333,1.7240332239944456,False,point_median
PRIOR_0001567,DPQGAET,-0.46706176,producible_prior,-3.0174406,-2.1910949,-3.0174406,True,False,False,-0.769888015,2.5503787498840333,1.7240332239944456,False,point_median
PRIOR_0001568,FNFKKNA,0.8141346,producible_prior,-1.7362442,-0.90989864,-1.7362442,True,False,False,-0.769888015,2.5503787498840333,1.7240332239944456,False,point_median
PRIOR_0001569,TDRTQPD,0.15993595,producible_prior,-2.3904428,-1.5640973,-2.3904428,True,False,False,-0.769888015,2.5503787498840333,1.7240332239944456,False,point_median
PRIOR_0001570,RWASHNV,-0.72974944,producible_prior,-3.2801282,-2.4537826,-3.2801282,True,False,False,-0.769888015,2.5503787498840333,1.7240332239944456,False,point_median
PRIOR_0001571,GKLATAF,-0.32883537,producible_prior,-2.8792143,-2.0528686,-2.8792143,True,False,False,-0.769888015,2.5503787498840333,1.7240332239944456,False,point_median
PRIOR_0001572,EKTATNH,0.2247591,producible_prior,-2.3256197,-1.4992741,-2.3256197,True,False,False,-0.769888015,2.5503787498840333,1.7240332239944456,False,point_median
PRIOR_0001573,NRVLKMF,-0.7158835,producible_prior,-3.2662623,-2.4399166,-3.2662623,True,False,False,-0.769888015,2.5503787498840333,1.7240332239944456,False,point_median
PRIOR_0001574,TPHNDHR,-0.007217169,producible_prior,-2.557596,-1.7312504,-2.557596,True,False,False,-0.769888015,2.5503787498840333,1.7240332239944456,False,point_median
PRIOR_0001575,HRHETFA,-0.14734411,producible_prior,-2.697723,-1.8713773,-2.697723,True,False,False,-0.769888015,2.5503787498840333,1.7240332239944456,False,point_median
PRIOR_0001576,FVRDIGE,-0.4768325,producible_prior,-3.0272112,-2.2008657,-3.0272112,True,False,False,-0.769888015,2.5503787498840333,1.7240332239944456,False,point_median
PRIOR_0001577,EKGQDPD,-0.2549615,producible_prior,-2.8053403,-1.9789947,-2.8053403,True,False,False,-0.769888015,2.5503787498840333,1.7240332239944456,False,point_median
PRIOR_0001578,WKTMMGG,-0.20129013,producible_prior,-2.751669,-1.9253234,-2.751669,True,False,False,-0.769888015,2.5503787498840333,1.7240332239944456,False,point_median
PRIOR_0001579,THSEAPT,-0.49525166,producible_prior,-3.0456305,-2.219285,-3.0456305,True,False,False,-0.769888015,2.5503787498840333,1.7240332239944456,False,point_median
PRIOR_0001580,QHYKSKL,0.3119855,producible_prior,-2.2383933,-1.4120477,-2.2383933,True,False,False,-0.769888015,2.5503787498840333,1.7240332239944456,False,point_median
PRIOR_0001581,ALRFKRS,0.8026154,producible_prior,-1.7477634,-0.92141783,-1.7477634,True,False,False,-0.769888015,2.5503787498840333,1.7240332239944456,False,point_median
PRIOR_0001582,NIEHQAR,-0.46405816,producible_prior,-3.014437,-2.1880913,-3.014437,True,False,False,-0.769888015,2.5503787498840333,1.7240332239944456,False,point_median
PRIOR_0001583,TTDAKDP,0.4326825,producible_prior,-2.1176963,-1.2913507,-2.1176963,True,False,False,-0.769888015,2.5503787498840333,1.7240332239944456,False,point_median
PRIOR_0001584,SSNAMTT,-0.4652834,producible_prior,-3.0156622,-2.1893167,-3.0156622,True,False,False,-0.769888015,2.5503787498840333,1.7240332239944456,False,point_median
PRIOR_0001585,KTKGETP,1.774518,producible_prior,-0.7758608,0.050484776,-0.7758608,True,True,False,-0.769888015,2.5503787498840333,1.7240332239944456,False,point_median
PRIOR_0001586,KMPDVND,-0.3328197,producible_prior,-2.8831985,-2.0568528,-2.8831985,True,False,False,-0.769888015,2.5503787498840333,1.7240332239944456,False,point_median
PRIOR_0001587,SGFTLRV,-0.7209971,producible_prior,-3.271376,-2.4450302,-3.271376,True,False,False,-0.769888015,2.5503787498840333,1.7240332239944456,False,point_median
PRIOR_0001588,LWTNGRP,-0.42481196,producible_prior,-2.9751906,-2.1488452,-2.9751906,True,False,False,-0.769888015,2.5503787498840333,1.7240332239944456,False,point_median
PRIOR_0001589,FARATDQ,-0.5864974,producible_prior,-3.136876,-2.3105307,-3.136876,True,False,False,-0.769888015,2.5503787498840333,1.7240332239944456,False,point_median
PRIOR_0001590,LQSVTGR,0.24730945,producible_prior,-2.3030694,-1.4767238,-2.3030694,True,False,False,-0.769888015,2.5503787498840333,1.7240332239944456,False,point_median
PRIOR_0001591,NVSQSGR,0.45078182,producible_prior,-2.099597,-1.2732514,-2.099597,True,False,False,-0.769888015,2.5503787498840333,1.7240332239944456,False,point_median
PRIOR_0001592,HEGQQGN,-0.5607097,producible_prior,-3.1110885,-2.2847428,-3.1110885,True,False,False,-0.769888015,2.5503787498840333,1.7240332239944456,False,point_median
PRIOR_0001593,KLNFKHE,0.40961838,producible_prior,-2.1407604,-1.3144149,-2.1407604,True,False,False,-0.769888015,2.5503787498840333,1.7240332239944456,False,point_median
PRIOR_0001594,IRKTWSA,0.3860464,producible_prior,-2.1643324,-1.3379868,-2.1643324,True,False,False,-0.769888015,2.5503787498840333,1.7240332239944456,False,point_median
PRIOR_0001595,VLNTLKN,-0.4507085,producible_prior,-3.0010872,-2.1747417,-3.0010872,True,False,False,-0.769888015,2.5503787498840333,1.7240332239944456,False,point_median
PRIOR_0001596,KEQQKEA,1.3204494,producible_prior,-1.2299294,-0.40358388,-1.2299294,True,True,False,-0.769888015,2.5503787498840333,1.7240332239944456,False,point_median
PRIOR_0001597,RVVDDQP,-0.7082851,producible_prior,-3.258664,-2.4323182,-3.258664,True,False,False,-0.769888015,2.5503787498840333,1.7240332239944456,False,point_median
PRIOR_0001598,CGKGQNT,0.10570669,producible_prior,-2.444672,-1.6183265,-2.444672,True,False,False,-0.769888015,2.5503787498840333,1.7240332239944456,False,point_median
PRIOR_0001599,LKRVPGM,1.1187801,producible_prior,-1.4315987,-0.6052531,-1.4315987,True,True,False,-0.769888015,2.5503787498840333,1.7240332239944456,False,point_median
PRIOR_0001600,RYKHLRP,1.1069014,producible_prior,-1.4434774,-0.6171318,-1.4434774,True,True,False,-0.769888015,2.5503787498840333,1.7240332239944456,False,point_median
PRIOR_0001601,PPPMQMA,-0.66589904,producible_prior,-3.2162778,-2.3899322,-3.2162778,True,False,False,-0.769888015,2.5503787498840333,1.7240332239944456,False,point_median
PRIOR_0001602,PTLRTRL,-0.4269452,producible_prior,-2.977324,-2.1509786,-2.977324,True,False,False,-0.769888015,2.5503787498840333,1.7240332239944456,False,point_median
PRIOR_0001603,KPSFGPI,-0.03612089,producible_prior,-2.5864997,-1.7601541,-2.5864997,True,False,False,-0.769888015,2.5503787498840333,1.7240332239944456,False,point_median
PRIOR_0001604,KKGKTMQ,1.7045579,producible_prior,-0.8458209,-0.01947534,-0.8458209,True,True,False,-0.769888015,2.5503787498840333,1.7240332239944456,False,point_median
PRIOR_0001605,QQSKHQL,0.6351235,producible_prior,-1.9152553,-1.0889097,-1.9152553,True,False,False,-0.769888015,2.5503787498840333,1.7240332239944456,False,point_median
PRIOR_0001606,DQPSHSI,-0.62476146,producible_prior,-3.1751404,-2.3487947,-3.1751404,True,False,False,-0.769888015,2.5503787498840333,1.7240332239944456,False,point_median
PRIOR_0001607,NKQPMDG,0.68621874,producible_prior,-1.8641601,-1.0378145,-1.8641601,True,False,False,-0.769888015,2.5503787498840333,1.7240332239944456,False,point_median
PRIOR_0001608,RKQEVRL,1.0257957,producible_prior,-1.5245831,-0.69823754,-1.5245831,True,True,False,-0.769888015,2.5503787498840333,1.7240332239944456,False,point_median
PRIOR_0001609,GQVLNKM,-0.5087137,producible_prior,-3.0590925,-2.232747,-3.0590925,True,False,False,-0.769888015,2.5503787498840333,1.7240332239944456,False,point_median
PRIOR_0001610,RLRVPRQ,0.49935603,producible_prior,-2.0510228,-1.2246772,-2.0510228,True,False,False,-0.769888015,2.5503787498840333,1.7240332239944456,False,point_median
PRIOR_0001611,QTPPHND,-0.2012124,producible_prior,-2.7515912,-1.9252456,-2.7515912,True,False,False,-0.769888015,2.5503787498840333,1.7240332239944456,False,point_median
PRIOR_0001612,IHNTAYP,-0.67841446,producible_prior,-3.2287931,-2.4024477,-3.2287931,True,False,False,-0.769888015,2.5503787498840333,1.7240332239944456,False,point_median
PRIOR_0001613,NAKSNVS,1.1569672,producible_prior,-1.3934116,-0.5670661,-1.3934116,True,True,False,-0.769888015,2.5503787498840333,1.7240332239944456,False,point_median
PRIOR_0001614,GVGLKRE,0.9563856,producible_prior,-1.5939932,-0.7676476,-1.5939932,True,True,False,-0.769888015,2.5503787498840333,1.7240332239944456,False,point_median
PRIOR_0001615,VKTTHAF,0.06564808,producible_prior,-2.4847307,-1.6583852,-2.4847307,True,False,False,-0.769888015,2.5503787498840333,1.7240332239944456,False,point_median
PRIOR_0001616,TNNIANA,0.31859446,producible_prior,-2.2317843,-1.4054388,-2.2317843,True,False,False,-0.769888015,2.5503787498840333,1.7240332239944456,False,point_median
PRIOR_0001617,HPRTNVS,0.9202213,producible_prior,-1.6301575,-0.8038119,-1.6301575,True,False,False,-0.769888015,2.5503787498840333,1.7240332239944456,False,point_median
PRIOR_0001618,CIKIQRK,-0.14963222,producible_prior,-2.700011,-1.8736655,-2.700011,True,False,False,-0.769888015,2.5503787498840333,1.7240332239944456,False,point_median
PRIOR_0001619,HTAYTQP,-0.7691519,producible_prior,-3.3195307,-2.493185,-3.3195307,True,False,False,-0.769888015,2.5503787498840333,1.7240332239944456,False,point_median
PRIOR_0001620,MDFGTKR,-0.3194803,producible_prior,-2.8698592,-2.0435135,-2.8698592,True,False,False,-0.769888015,2.5503787498840333,1.7240332239944456,False,point_median
PRIOR_0001621,TKNHKLH,1.5152807,producible_prior,-1.0350981,-0.20875251,-1.0350981,True,True,False,-0.769888015,2.5503787498840333,1.7240332239944456,False,point_median
PRIOR_0001622,SKTWSAP,-0.2719258,producible_prior,-2.8223047,-1.995959,-2.8223047,True,False,False,-0.769888015,2.5503787498840333,1.7240332239944456,False,point_median
PRIOR_0001623,TNKKIQP,2.0167704,producible_prior,-0.53360844,0.29273713,-0.53360844,True,True,True,-0.769888015,2.5503787498840333,1.7240332239944456,False,point_median
PRIOR_0001624,QQAATTQ,-0.63415265,producible_prior,-3.1845315,-2.3581858,-3.1845315,True,False,False,-0.769888015,2.5503787498840333,1.7240332239944456,False,point_median
PRIOR_0001625,EGQRTHM,-0.037504196,producible_prior,-2.587883,-1.7615374,-2.587883,True,False,False,-0.769888015,2.5503787498840333,1.7240332239944456,False,point_median
PRIOR_0001626,FRHINMR,-0.16778874,producible_prior,-2.7181675,-1.891822,-2.7181675,True,False,False,-0.769888015,2.5503787498840333,1.7240332239944456,False,point_median
PRIOR_0001627,VPRHNSI,0.7427609,producible_prior,-1.8076179,-0.98127234,-1.8076179,True,False,False,-0.769888015,2.5503787498840333,1.7240332239944456,False,point_median
PRIOR_0001628,YNLTAEA,-0.6578394,producible_prior,-3.208218,-2.3818727,-3.208218,True,False,False,-0.769888015,2.5503787498840333,1.7240332239944456,False,point_median
PRIOR_0001629,RRDKLFH,0.10181904,producible_prior,-2.4485598,-1.6222142,-2.4485598,True,False,False,-0.769888015,2.5503787498840333,1.7240332239944456,False,point_median
PRIOR_0001630,QVKGYNP,0.33089995,producible_prior,-2.2194788,-1.3931333,-2.2194788,True,False,False,-0.769888015,2.5503787498840333,1.7240332239944456,False,point_median
PRIOR_0001631,IQEIVSG,-0.6780752,producible_prior,-3.228454,-2.4021084,-3.228454,True,False,False,-0.769888015,2.5503787498840333,1.7240332239944456,False,point_median
PRIOR_0001632,TRTDEGE,0.21516705,producible_prior,-2.3352118,-1.5088662,-2.3352118,True,False,False,-0.769888015,2.5503787498840333,1.7240332239944456,False,point_median
PRIOR_0001633,QKHIPTV,0.47685862,producible_prior,-2.0735202,-1.2471746,-2.0735202,True,False,False,-0.769888015,2.5503787498840333,1.7240332239944456,False,point_median
PRIOR_0001634,HFGGTTE,0.2590387,producible_prior,-2.29134,-1.4649945,-2.29134,True,False,False,-0.769888015,2.5503787498840333,1.7240332239944456,False,point_median
PRIOR_0001635,RMGTQAT,0.32293916,producible_prior,-2.2274396,-1.4010941,-2.2274396,True,False,False,-0.769888015,2.5503787498840333,1.7240332239944456,False,point_median
PRIOR_0001636,HGHPTQT,0.18841743,producible_prior,-2.3619614,-1.5356158,-2.3619614,True,False,False,-0.769888015,2.5503787498840333,1.7240332239944456,False,point_median
PRIOR_0001637,IASAQEM,-0.19724083,producible_prior,-2.7476196,-1.9212741,-2.7476196,True,False,False,-0.769888015,2.5503787498840333,1.7240332239944456,False,point_median
PRIOR_0001638,GLKILQH,-0.2963965,producible_prior,-2.8467753,-2.0204296,-2.8467753,True,False,False,-0.769888015,2.5503787498840333,1.7240332239944456,False,point_median
PRIOR_0001639,QHFGPKR,0.1945982,producible_prior,-2.3557806,-1.529435,-2.3557806,True,False,False,-0.769888015,2.5503787498840333,1.7240332239944456,False,point_median
PRIOR_0001640,RFDRRHQ,-0.15284681,producible_prior,-2.7032256,-1.87688,-2.7032256,True,False,False,-0.769888015,2.5503787498840333,1.7240332239944456,False,point_median
PRIOR_0001641,HPRIERT,0.1174047,producible_prior,-2.432974,-1.6066285,-2.432974,True,False,False,-0.769888015,2.5503787498840333,1.7240332239944456,False,point_median
PRIOR_0001642,VKSTLIP,0.32721353,producible_prior,-2.2231653,-1.3968197,-2.2231653,True,False,False,-0.769888015,2.5503787498840333,1.7240332239944456,False,point_median
PRIOR_0001643,VNPHNEF,-0.589206,producible_prior,-3.1395848,-2.313239,-3.1395848,True,False,False,-0.769888015,2.5503787498840333,1.7240332239944456,False,point_median
PRIOR_0001644,MATALRF,-0.7422857,producible_prior,-3.2926645,-2.466319,-3.2926645,True,False,False,-0.769888015,2.5503787498840333,1.7240332239944456,False,point_median
PRIOR_0001645,MAKDHAL,-0.06646824,producible_prior,-2.616847,-1.7905015,-2.616847,True,False,False,-0.769888015,2.5503787498840333,1.7240332239944456,False,point_median
PRIOR_0001646,ANSAHPR,0.16968942,producible_prior,-2.3806894,-1.5543438,-2.3806894,True,False,False,-0.769888015,2.5503787498840333,1.7240332239944456,False,point_median
PRIOR_0001647,GVMRVEK,-0.18788338,producible_prior,-2.7382622,-1.9119166,-2.7382622,True,False,False,-0.769888015,2.5503787498840333,1.7240332239944456,False,point_median
PRIOR_0001648,TFRFHRM,-0.54206204,producible_prior,-3.0924408,-2.2660952,-3.0924408,True,False,False,-0.769888015,2.5503787498840333,1.7240332239944456,False,point_median
PRIOR_0001649,RQPMPKW,-0.6580503,producible_prior,-3.208429,-2.3820834,-3.208429,True,False,False,-0.769888015,2.5503787498840333,1.7240332239944456,False,point_median
PRIOR_0001650,LNHQGIP,0.19156885,producible_prior,-2.35881,-1.5324644,-2.35881,True,False,False,-0.769888015,2.5503787498840333,1.7240332239944456,False,point_median
PRIOR_0001651,QNVMKAL,-0.67568636,producible_prior,-3.2260652,-2.3997197,-3.2260652,True,False,False,-0.769888015,2.5503787498840333,1.7240332239944456,False,point_median
PRIOR_0001652,HVRTRYM,-0.25452948,producible_prior,-2.8049083,-1.9785627,-2.8049083,True,False,False,-0.769888015,2.5503787498840333,1.7240332239944456,False,point_median
PRIOR_0001653,CQKNRTH,0.25017047,producible_prior,-2.3002083,-1.4738628,-2.3002083,True,False,False,-0.769888015,2.5503787498840333,1.7240332239944456,False,point_median
PRIOR_0001654,RCSRQGD,-0.4955299,producible_prior,-3.0459087,-2.219563,-3.0459087,True,False,False,-0.769888015,2.5503787498840333,1.7240332239944456,False,point_median
PRIOR_0001655,DKSYVKK,0.201092,producible_prior,-2.3492868,-1.5229412,-2.3492868,True,False,False,-0.769888015,2.5503787498840333,1.7240332239944456,False,point_median
PRIOR_0001656,FTSAENE,-0.5210873,producible_prior,-3.071466,-2.2451205,-3.071466,True,False,False,-0.769888015,2.5503787498840333,1.7240332239944456,False,point_median
PRIOR_0001657,WRNQGVS,0.47903824,producible_prior,-2.0713406,-1.244995,-2.0713406,True,False,False,-0.769888015,2.5503787498840333,1.7240332239944456,False,point_median
PRIOR_0001658,CSKSAEL,-0.6372514,producible_prior,-3.1876302,-2.3612847,-3.1876302,True,False,False,-0.769888015,2.5503787498840333,1.7240332239944456,False,point_median
PRIOR_0001659,MSHRNIQ,-0.63914156,producible_prior,-3.1895204,-2.363175,-3.1895204,True,False,False,-0.769888015,2.5503787498840333,1.7240332239944456,False,point_median
PRIOR_0001660,KYLPKRN,-0.33598137,producible_prior,-2.8863602,-2.0600147,-2.8863602,True,False,False,-0.769888015,2.5503787498840333,1.7240332239944456,False,point_median
PRIOR_0001661,SINSTRK,0.9548371,producible_prior,-1.5955417,-0.76919615,-1.5955417,True,True,False,-0.769888015,2.5503787498840333,1.7240332239944456,False,point_median
PRIOR_0001662,TLDRSVV,-0.015049696,producible_prior,-2.5654285,-1.7390829,-2.5654285,True,False,False,-0.769888015,2.5503787498840333,1.7240332239944456,False,point_median
PRIOR_0001663,PMMNKKH,0.0460546,producible_prior,-2.5043242,-1.6779786,-2.5043242,True,False,False,-0.769888015,2.5503787498840333,1.7240332239944456,False,point_median
PRIOR_0001664,KKAWRVV,0.28842306,producible_prior,-2.2619557,-1.4356102,-2.2619557,True,False,False,-0.769888015,2.5503787498840333,1.7240332239944456,False,point_median
PRIOR_0001665,KQVRNPD,0.6566291,producible_prior,-1.8937497,-1.0674042,-1.8937497,True,False,False,-0.769888015,2.5503787498840333,1.7240332239944456,False,point_median
PRIOR_0001666,NASEPTP,-0.06579161,producible_prior,-2.6161704,-1.7898248,-2.6161704,True,False,False,-0.769888015,2.5503787498840333,1.7240332239944456,False,point_median
PRIOR_0001667,KAPVTGN,0.4391904,producible_prior,-2.1111884,-1.2848428,-2.1111884,True,False,False,-0.769888015,2.5503787498840333,1.7240332239944456,False,point_median
PRIOR_0001668,YSEAGRG,0.6212623,producible_prior,-1.9291165,-1.1027709,-1.9291165,True,False,False,-0.769888015,2.5503787498840333,1.7240332239944456,False,point_median
PRIOR_0001669,DRMHNRS,0.10080743,producible_prior,-2.4495714,-1.6232258,-2.4495714,True,False,False,-0.769888015,2.5503787498840333,1.7240332239944456,False,point_median
PRIOR_0001670,LRKLWSS,-0.59341145,producible_prior,-3.1437902,-2.3174448,-3.1437902,True,False,False,-0.769888015,2.5503787498840333,1.7240332239944456,False,point_median
PRIOR_0001671,TRAHTGH,0.99559283,producible_prior,-1.554786,-0.7284404,-1.554786,True,True,False,-0.769888015,2.5503787498840333,1.7240332239944456,False,point_median
PRIOR_0001672,IKHQSSG,1.771553,producible_prior,-0.77882576,0.047519803,-0.77882576,True,True,False,-0.769888015,2.5503787498840333,1.7240332239944456,False,point_median
PRIOR_0001673,RVQEQKA,1.2597675,producible_prior,-1.2906113,-0.4642657,-1.2906113,True,True,False,-0.769888015,2.5503787498840333,1.7240332239944456,False,point_median
PRIOR_0001674,VFTAQSE,-0.42331553,producible_prior,-2.9736943,-2.1473489,-2.9736943,True,False,False,-0.769888015,2.5503787498840333,1.7240332239944456,False,point_median
PRIOR_0001675,ILQKPKK,1.6286821,producible_prior,-0.92169666,-0.0953511,-0.92169666,True,True,False,-0.769888015,2.5503787498840333,1.7240332239944456,False,point_median
PRIOR_0001676,DVEVHRA,-0.6339842,producible_prior,-3.184363,-2.3580174,-3.184363,True,False,False,-0.769888015,2.5503787498840333,1.7240332239944456,False,point_median
PRIOR_0001677,YNIRTGV,-0.05944228,producible_prior,-2.609821,-1.7834755,-2.609821,True,False,False,-0.769888015,2.5503787498840333,1.7240332239944456,False,point_median
PRIOR_0001678,PAAPHQD,-0.46004295,producible_prior,-3.0104218,-2.1840763,-3.0104218,True,False,False,-0.769888015,2.5503787498840333,1.7240332239944456,False,point_median
PRIOR_0001679,VQSHIDS,-0.49381375,producible_prior,-3.0441926,-2.2178469,-3.0441926,True,False,False,-0.769888015,2.5503787498840333,1.7240332239944456,False,point_median
PRIOR_0001680,AKPFNYG,-0.5121317,producible_prior,-3.0625105,-2.236165,-3.0625105,True,False,False,-0.769888015,2.5503787498840333,1.7240332239944456,False,point_median
PRIOR_0001681,INAGHSS,0.48799324,producible_prior,-2.0623856,-1.23604,-2.0623856,True,False,False,-0.769888015,2.5503787498840333,1.7240332239944456,False,point_median
PRIOR_0001682,IYRENVE,-0.71683073,producible_prior,-3.2672095,-2.440864,-3.2672095,True,False,False,-0.769888015,2.5503787498840333,1.7240332239944456,False,point_median
PRIOR_0001683,GPRMPAA,0.5650177,producible_prior,-1.9853611,-1.1590155,-1.9853611,True,False,False,-0.769888015,2.5503787498840333,1.7240332239944456,False,point_median
PRIOR_0001684,SHGIVSA,0.013667107,producible_prior,-2.5367117,-1.7103661,-2.5367117,True,False,False,-0.769888015,2.5503787498840333,1.7240332239944456,False,point_median
PRIOR_0001685,WKVESKG,0.7640393,producible_prior,-1.7863395,-0.95999396,-1.7863395,True,False,False,-0.769888015,2.5503787498840333,1.7240332239944456,False,point_median
PRIOR_0001686,NGYHARP,0.104631424,producible_prior,-2.4457474,-1.6194018,-2.4457474,True,False,False,-0.769888015,2.5503787498840333,1.7240332239944456,False,point_median
PRIOR_0001687,KHLRHDK,0.34663272,producible_prior,-2.203746,-1.3774005,-2.203746,True,False,False,-0.769888015,2.5503787498840333,1.7240332239944456,False,point_median
PRIOR_0001688,IVNEMSK,-0.481714,producible_prior,-3.0320928,-2.2057471,-3.0320928,True,False,False,-0.769888015,2.5503787498840333,1.7240332239944456,False,point_median
PRIOR_0001689,HVARNGQ,-0.2251749,producible_prior,-2.7755537,-1.9492081,-2.7755537,True,False,False,-0.769888015,2.5503787498840333,1.7240332239944456,False,point_median
PRIOR_0001690,RQQGHKS,1.8854241,producible_prior,-0.66495466,0.1613909,-0.66495466,True,True,True,-0.769888015,2.5503787498840333,1.7240332239944456,False,point_median
PRIOR_0001691,MTSVHIP,-0.48808575,producible_prior,-3.0384645,-2.212119,-3.0384645,True,False,False,-0.769888015,2.5503787498840333,1.7240332239944456,False,point_median
PRIOR_0001692,HYDNKTA,0.028447151,producible_prior,-2.5219316,-1.6955861,-2.5219316,True,False,False,-0.769888015,2.5503787498840333,1.7240332239944456,False,point_median
PRIOR_0001693,RHQHFAH,-0.4931996,producible_prior,-3.0435784,-2.2172327,-3.0435784,True,False,False,-0.769888015,2.5503787498840333,1.7240332239944456,False,point_median
PRIOR_0001694,RGILKNQ,-0.58585644,producible_prior,-3.1362352,-2.3098898,-3.1362352,True,False,False,-0.769888015,2.5503787498840333,1.7240332239944456,False,point_median
PRIOR_0001695,VYGIKLS,-0.6200836,producible_prior,-3.1704624,-2.3441167,-3.1704624,True,False,False,-0.769888015,2.5503787498840333,1.7240332239944456,False,point_median
PRIOR_0001696,SRKGDNY,0.5631161,producible_prior,-1.9872627,-1.1609172,-1.9872627,True,False,False,-0.769888015,2.5503787498840333,1.7240332239944456,False,point_median
PRIOR_0001697,SNTKKRP,2.5645804,producible_prior,0.014201641,0.8405472,0.014201641,True,True,True,-0.769888015,2.5503787498840333,1.7240332239944456,False,point_median
PRIOR_0001698,NGTGKGP,1.7916379,producible_prior,-0.7587409,0.06760466,-0.7587409,True,True,True,-0.769888015,2.5503787498840333,1.7240332239944456,False,point_median
PRIOR_0001699,QHTLRDE,-0.43760562,producible_prior,-2.9879844,-2.1616387,-2.9879844,True,False,False,-0.769888015,2.5503787498840333,1.7240332239944456,False,point_median
PRIOR_0001700,LKEPYQE,-0.67382216,producible_prior,-3.224201,-2.3978553,-3.224201,True,False,False,-0.769888015,2.5503787498840333,1.7240332239944456,False,point_median
PRIOR_0001701,HGPGVVA,0.7321789,producible_prior,-1.8181999,-0.9918543,-1.8181999,True,False,False,-0.769888015,2.5503787498840333,1.7240332239944456,False,point_median
PRIOR_0001702,QFQTVGS,-0.388587,producible_prior,-2.9389658,-2.1126204,-2.9389658,True,False,False,-0.769888015,2.5503787498840333,1.7240332239944456,False,point_median
PRIOR_0001703,QYRNSSE,0.2749722,producible_prior,-2.2754066,-1.449061,-2.2754066,True,False,False,-0.769888015,2.5503787498840333,1.7240332239944456,False,point_median
PRIOR_0001704,MFAKLEG,0.046718597,producible_prior,-2.5036602,-1.6773146,-2.5036602,True,False,False,-0.769888015,2.5503787498840333,1.7240332239944456,False,point_median
PRIOR_0001705,SGQGNEN,0.007708788,producible_prior,-2.54267,-1.7163244,-2.54267,True,False,False,-0.769888015,2.5503787498840333,1.7240332239944456,False,point_median
PRIOR_0001706,MDSKTGL,0.11606288,producible_prior,-2.434316,-1.6079704,-2.434316,True,False,False,-0.769888015,2.5503787498840333,1.7240332239944456,False,point_median
PRIOR_0001707,NKDGQGE,1.086204,producible_prior,-1.4641747,-0.6378292,-1.4641747,True,True,False,-0.769888015,2.5503787498840333,1.7240332239944456,False,point_median
PRIOR_0001708,MRLKTSF,0.054604292,producible_prior,-2.4957745,-1.669429,-2.4957745,True,False,False,-0.769888015,2.5503787498840333,1.7240332239944456,False,point_median
PRIOR_0001709,GGNNQKQ,0.58847594,producible_prior,-1.9619029,-1.1355573,-1.9619029,True,False,False,-0.769888015,2.5503787498840333,1.7240332239944456,False,point_median
PRIOR_0001710,RIHPGPY,-0.3060584,producible_prior,-2.8564372,-2.0300918,-2.8564372,True,False,False,-0.769888015,2.5503787498840333,1.7240332239944456,False,point_median
PRIOR_0001711,VNTPKQE,0.92038727,producible_prior,-1.6299915,-0.80364597,-1.6299915,True,False,False,-0.769888015,2.5503787498840333,1.7240332239944456,False,point_median
PRIOR_0001712,QHNLSQK,0.10309076,producible_prior,-2.447288,-1.6209425,-2.447288,True,False,False,-0.769888015,2.5503787498840333,1.7240332239944456,False,point_median
PRIOR_0001713,GMKKHNG,1.9942565,producible_prior,-0.5561223,0.27022326,-0.5561223,True,True,True,-0.769888015,2.5503787498840333,1.7240332239944456,False,point_median
PRIOR_0001714,HLKPIQQ,-0.57908607,producible_prior,-3.1294649,-2.3031192,-3.1294649,True,False,False,-0.769888015,2.5503787498840333,1.7240332239944456,False,point_median
PRIOR_0001715,MQHQKEY,-0.1259625,producible_prior,-2.6763413,-1.8499957,-2.6763413,True,False,False,-0.769888015,2.5503787498840333,1.7240332239944456,False,point_median
PRIOR_0001716,VRNNMKF,0.5332179,producible_prior,-2.017161,-1.1908153,-2.017161,True,False,False,-0.769888015,2.5503787498840333,1.7240332239944456,False,point_median
PRIOR_0001717,TRPGSNM,1.2438264,producible_prior,-1.3065524,-0.48020685,-1.3065524,True,True,False,-0.769888015,2.5503787498840333,1.7240332239944456,False,point_median
PRIOR_0001718,RTGPFIG,-0.2589724,producible_prior,-2.8093512,-1.9830056,-2.8093512,True,False,False,-0.769888015,2.5503787498840333,1.7240332239944456,False,point_median
PRIOR_0001719,EKQNPHL,-0.22264147,producible_prior,-2.7730203,-1.9466747,-2.7730203,True,False,False,-0.769888015,2.5503787498840333,1.7240332239944456,False,point_median
PRIOR_0001720,YKPDPDV,-0.03947091,producible_prior,-2.5898497,-1.7635041,-2.5898497,True,False,False,-0.769888015,2.5503787498840333,1.7240332239944456,False,point_median
PRIOR_0001721,GQQNMTV,-0.122042656,producible_prior,-2.6724215,-1.8460759,-2.6724215,True,False,False,-0.769888015,2.5503787498840333,1.7240332239944456,False,point_median
PRIOR_0001722,ARVSPAA,0.5226221,producible_prior,-2.0277567,-1.2014111,-2.0277567,True,False,False,-0.769888015,2.5503787498840333,1.7240332239944456,False,point_median
PRIOR_0001723,HQHRKSC,-0.12620068,producible_prior,-2.6765795,-1.8502339,-2.6765795,True,False,False,-0.769888015,2.5503787498840333,1.7240332239944456,False,point_median
PRIOR_0001724,KQNMAPS,0.26150346,producible_prior,-2.2888753,-1.4625298,-2.2888753,True,False,False,-0.769888015,2.5503787498840333,1.7240332239944456,False,point_median
PRIOR_0001725,NRLTEKP,0.5387111,producible_prior,-2.0116677,-1.1853222,-2.0116677,True,False,False,-0.769888015,2.5503787498840333,1.7240332239944456,False,point_median
PRIOR_0001726,IPRIGKW,-0.13132,producible_prior,-2.6816988,-1.8553532,-2.6816988,True,False,False,-0.769888015,2.5503787498840333,1.7240332239944456,False,point_median
PRIOR_0001727,HIYKSEV,-0.52661383,producible_prior,-3.0769925,-2.250647,-3.0769925,True,False,False,-0.769888015,2.5503787498840333,1.7240332239944456,False,point_median
PRIOR_0001728,VGLRMQE,-0.2711004,producible_prior,-2.8214793,-1.9951336,-2.8214793,True,False,False,-0.769888015,2.5503787498840333,1.7240332239944456,False,point_median
PRIOR_0001729,AHKGDNG,1.0459664,producible_prior,-1.5044124,-0.67806685,-1.5044124,True,True,False,-0.769888015,2.5503787498840333,1.7240332239944456,False,point_median
PRIOR_0001730,LLREPDR,-0.46116018,producible_prior,-3.011539,-2.1851935,-3.011539,True,False,False,-0.769888015,2.5503787498840333,1.7240332239944456,False,point_median
PRIOR_0001731,QILGNRM,-0.52196884,producible_prior,-3.0723476,-2.2460022,-3.0723476,True,False,False,-0.769888015,2.5503787498840333,1.7240332239944456,False,point_median
PRIOR_0001732,NRQENYK,-0.34632087,producible_prior,-2.8966997,-2.070354,-2.8966997,True,False,False,-0.769888015,2.5503787498840333,1.7240332239944456,False,point_median
PRIOR_0001733,TDSHGEH,-0.28465366,producible_prior,-2.8350325,-2.008687,-2.8350325,True,False,False,-0.769888015,2.5503787498840333,1.7240332239944456,False,point_median
PRIOR_0001734,AEGVDRE,-0.5532,producible_prior,-3.1035788,-2.2772331,-3.1035788,True,False,False,-0.769888015,2.5503787498840333,1.7240332239944456,False,point_median
PRIOR_0001735,KFKKLID,0.85563326,producible_prior,-1.6947455,-0.8684,-1.6947455,True,False,False,-0.769888015,2.5503787498840333,1.7240332239944456,False,point_median
PRIOR_0001736,GQHEKHF,-0.2131772,producible_prior,-2.763556,-1.9372104,-2.763556,True,False,False,-0.769888015,2.5503787498840333,1.7240332239944456,False,point_median
PRIOR_0001737,KIAKGHF,0.6287255,producible_prior,-1.9216533,-1.0953077,-1.9216533,True,False,False,-0.769888015,2.5503787498840333,1.7240332239944456,False,point_median
PRIOR_0001738,DVPSNKA,0.6709976,producible_prior,-1.8793812,-1.0530356,-1.8793812,True,False,False,-0.769888015,2.5503787498840333,1.7240332239944456,False,point_median
PRIOR_0001739,EIKARIS,0.23590851,producible_prior,-2.3144703,-1.4881247,-2.3144703,True,False,False,-0.769888015,2.5503787498840333,1.7240332239944456,False,point_median
PRIOR_0001740,NPSNGVP,0.7276542,producible_prior,-1.8227246,-0.996379,-1.8227246,True,False,False,-0.769888015,2.5503787498840333,1.7240332239944456,False,point_median
PRIOR_0001741,LEVKTTH,-0.3046347,producible_prior,-2.8550134,-2.028668,-2.8550134,True,False,False,-0.769888015,2.5503787498840333,1.7240332239944456,False,point_median
PRIOR_0001742,KNHHNET,0.5798838,producible_prior,-1.970495,-1.1441494,-1.970495,True,False,False,-0.769888015,2.5503787498840333,1.7240332239944456,False,point_median
PRIOR_0001743,KESRIEM,0.0792799,producible_prior,-2.471099,-1.6447533,-2.471099,True,False,False,-0.769888015,2.5503787498840333,1.7240332239944456,False,point_median
PRIOR_0001744,KMRMINN,-0.72566247,producible_prior,-3.2760413,-2.4496956,-3.2760413,True,False,False,-0.769888015,2.5503787498840333,1.7240332239944456,False,point_median
PRIOR_0001745,NFHPGKH,0.30189157,producible_prior,-2.2484872,-1.4221417,-2.2484872,True,False,False,-0.769888015,2.5503787498840333,1.7240332239944456,False,point_median
PRIOR_0001746,KVANRNF,0.39581752,producible_prior,-2.1545613,-1.3282157,-2.1545613,True,False,False,-0.769888015,2.5503787498840333,1.7240332239944456,False,point_median
PRIOR_0001747,ETRVRTY,-0.5054612,producible_prior,-3.05584,-2.2294946,-3.05584,True,False,False,-0.769888015,2.5503787498840333,1.7240332239944456,False,point_median
PRIOR_0001748,GVRHVMH,0.009811401,producible_prior,-2.5405674,-1.7142218,-2.5405674,True,False,False,-0.769888015,2.5503787498840333,1.7240332239944456,False,point_median
PRIOR_0001749,GHPGHHL,-0.003522396,producible_prior,-2.5539012,-1.7275556,-2.5539012,True,False,False,-0.769888015,2.5503787498840333,1.7240332239944456,False,point_median
PRIOR_0001750,SESSTSA,0.3304658,producible_prior,-2.219913,-1.3935674,-2.219913,True,False,False,-0.769888015,2.5503787498840333,1.7240332239944456,False,point_median
PRIOR_0001751,RTKNWAP,0.2472825,producible_prior,-2.3030963,-1.4767507,-2.3030963,True,False,False,-0.769888015,2.5503787498840333,1.7240332239944456,False,point_median
PRIOR_0001752,GFQTRSR,0.37770224,producible_prior,-2.1726766,-1.346331,-2.1726766,True,False,False,-0.769888015,2.5503787498840333,1.7240332239944456,False,point_median
PRIOR_0001753,KTVKILN,-0.42986906,producible_prior,-2.980248,-2.1539023,-2.980248,True,False,False,-0.769888015,2.5503787498840333,1.7240332239944456,False,point_median
PRIOR_0001754,DRKHAKH,1.7703543,producible_prior,-0.7800245,0.046321034,-0.7800245,True,True,False,-0.769888015,2.5503787498840333,1.7240332239944456,False,point_median
PRIOR_0001755,SVFGKID,-0.5459095,producible_prior,-3.0962882,-2.2699428,-3.0962882,True,False,False,-0.769888015,2.5503787498840333,1.7240332239944456,False,point_median
PRIOR_0001756,AERPVTV,-0.24286723,producible_prior,-2.793246,-1.9669005,-2.793246,True,False,False,-0.769888015,2.5503787498840333,1.7240332239944456,False,point_median
PRIOR_0001757,NDTGPKG,1.0103688,producible_prior,-1.54001,-0.7136644,-1.54001,True,True,False,-0.769888015,2.5503787498840333,1.7240332239944456,False,point_median
PRIOR_0001758,TKSPNVP,1.2391124,producible_prior,-1.3112664,-0.48492086,-1.3112664,True,True,False,-0.769888015,2.5503787498840333,1.7240332239944456,False,point_median
PRIOR_0001759,ANMKVQA,0.35084915,producible_prior,-2.1995296,-1.3731841,-2.1995296,True,False,False,-0.769888015,2.5503787498840333,1.7240332239944456,False,point_median
PRIOR_0001760,VTHQIVV,-0.58479893,producible_prior,-3.1351776,-2.3088322,-3.1351776,True,False,False,-0.769888015,2.5503787498840333,1.7240332239944456,False,point_median
PRIOR_0001761,TINMRGH,-0.27265024,producible_prior,-2.823029,-1.9966835,-2.823029,True,False,False,-0.769888015,2.5503787498840333,1.7240332239944456,False,point_median
PRIOR_0001762,NPKSYTY,-0.688733,producible_prior,-3.239112,-2.4127662,-3.239112,True,False,False,-0.769888015,2.5503787498840333,1.7240332239944456,False,point_median
PRIOR_0001763,QLRKLCA,-0.34813082,producible_prior,-2.8985095,-2.072164,-2.8985095,True,False,False,-0.769888015,2.5503787498840333,1.7240332239944456,False,point_median
PRIOR_0001764,WKGQKKE,2.2739515,producible_prior,-0.27642727,0.5499183,-0.27642727,True,True,True,-0.769888015,2.5503787498840333,1.7240332239944456,False,point_median
PRIOR_0001765,LMGHSDE,-0.30177248,producible_prior,-2.8521514,-2.0258057,-2.8521514,True,False,False,-0.769888015,2.5503787498840333,1.7240332239944456,False,point_median
PRIOR_0001766,KQDSSSA,0.9188428,producible_prior,-1.631536,-0.80519044,-1.631536,True,False,False,-0.769888015,2.5503787498840333,1.7240332239944456,False,point_median
PRIOR_0001767,TTKSARV,1.689127,producible_prior,-0.86125183,-0.034906268,-0.86125183,True,True,False,-0.769888015,2.5503787498840333,1.7240332239944456,False,point_median
PRIOR_0001768,NREKGDD,0.87660766,producible_prior,-1.6737711,-0.8474256,-1.6737711,True,False,False,-0.769888015,2.5503787498840333,1.7240332239944456,False,point_median
PRIOR_0001769,TVGRTKN,1.2298188,producible_prior,-1.32056,-0.49421442,-1.32056,True,True,False,-0.769888015,2.5503787498840333,1.7240332239944456,False,point_median
PRIOR_0001770,IHRKRNG,2.555953,producible_prior,0.0055742264,0.8319198,0.0055742264,True,True,True,-0.769888015,2.5503787498840333,1.7240332239944456,False,point_median
PRIOR_0001771,FKFMKHV,-0.44437337,producible_prior,-2.9947522,-2.1684065,-2.9947522,True,False,False,-0.769888015,2.5503787498840333,1.7240332239944456,False,point_median
PRIOR_0001772,PREIHPG,-0.19945431,producible_prior,-2.749833,-1.9234875,-2.749833,True,False,False,-0.769888015,2.5503787498840333,1.7240332239944456,False,point_median
PRIOR_0001773,GVPHIKN,-0.005854368,producible_prior,-2.5562332,-1.7298876,-2.5562332,True,False,False,-0.769888015,2.5503787498840333,1.7240332239944456,False,point_median
PRIOR_0001774,INVRKKF,0.9985392,producible_prior,-1.5518396,-0.725494,-1.5518396,True,True,False,-0.769888015,2.5503787498840333,1.7240332239944456,False,point_median
PRIOR_0001775,ANRSDQP,0.5175543,producible_prior,-2.0328245,-1.206479,-2.0328245,True,False,False,-0.769888015,2.5503787498840333,1.7240332239944456,False,point_median
PRIOR_0001776,YNGFRKR,0.6772089,producible_prior,-1.8731699,-1.0468243,-1.8731699,True,False,False,-0.769888015,2.5503787498840333,1.7240332239944456,False,point_median
PRIOR_0001777,KNGMAFR,-0.4717759,producible_prior,-3.0221548,-2.1958091,-3.0221548,True,False,False,-0.769888015,2.5503787498840333,1.7240332239944456,False,point_median
PRIOR_0001778,TGGLMHH,-0.65780675,producible_prior,-3.2081857,-2.38184,-3.2081857,True,False,False,-0.769888015,2.5503787498840333,1.7240332239944456,False,point_median
PRIOR_0001779,RKIPDNA,0.43099117,producible_prior,-2.1193876,-1.2930421,-2.1193876,True,False,False,-0.769888015,2.5503787498840333,1.7240332239944456,False,point_median
PRIOR_0001780,GNLVGQD,-0.5506185,producible_prior,-3.1009974,-2.2746518,-3.1009974,True,False,False,-0.769888015,2.5503787498840333,1.7240332239944456,False,point_median
PRIOR_0001781,TKGNNGC,-0.123396635,producible_prior,-2.6737754,-1.8474299,-2.6737754,True,False,False,-0.769888015,2.5503787498840333,1.7240332239944456,False,point_median
PRIOR_0001782,VTHKHMS,0.57920647,producible_prior,-1.9711723,-1.1448268,-1.9711723,True,False,False,-0.769888015,2.5503787498840333,1.7240332239944456,False,point_median
PRIOR_0001783,EQHVRLA,-0.2570076,producible_prior,-2.8073864,-1.9810408,-2.8073864,True,False,False,-0.769888015,2.5503787498840333,1.7240332239944456,False,point_median
PRIOR_0001784,PKREMYP,-0.34551167,producible_prior,-2.8958905,-2.0695448,-2.8958905,True,False,False,-0.769888015,2.5503787498840333,1.7240332239944456,False,point_median
PRIOR_0001785,MLIKADS,-0.45085514,producible_prior,-3.001234,-2.1748884,-3.001234,True,False,False,-0.769888015,2.5503787498840333,1.7240332239944456,False,point_median
PRIOR_0001786,VKKMSHT,0.76799154,producible_prior,-1.7823873,-0.9560417,-1.7823873,True,False,False,-0.769888015,2.5503787498840333,1.7240332239944456,False,point_median
PRIOR_0001787,SFKQTIT,-0.21404123,producible_prior,-2.76442,-1.9380745,-2.76442,True,False,False,-0.769888015,2.5503787498840333,1.7240332239944456,False,point_median
PRIOR_0001788,PRDEVKN,-0.46903825,producible_prior,-3.019417,-2.1930714,-3.019417,True,False,False,-0.769888015,2.5503787498840333,1.7240332239944456,False,point_median
PRIOR_0001789,MATDTDG,-0.23904753,producible_prior,-2.7894263,-1.9630808,-2.7894263,True,False,False,-0.769888015,2.5503787498840333,1.7240332239944456,False,point_median
PRIOR_0001790,KNAEPNR,0.37693548,producible_prior,-2.1734433,-1.3470978,-2.1734433,True,False,False,-0.769888015,2.5503787498840333,1.7240332239944456,False,point_median
PRIOR_0001791,DLDTKKA,0.6400142,producible_prior,-1.9103646,-1.0840191,-1.9103646,True,False,False,-0.769888015,2.5503787498840333,1.7240332239944456,False,point_median
PRIOR_0001792,KENHGDM,0.03617859,producible_prior,-2.5142002,-1.6878546,-2.5142002,True,False,False,-0.769888015,2.5503787498840333,1.7240332239944456,False,point_median
PRIOR_0001793,WPKRFVH,-0.41888797,producible_prior,-2.969267,-2.1429212,-2.969267,True,False,False,-0.769888015,2.5503787498840333,1.7240332239944456,False,point_median
PRIOR_0001794,TTSFESG,-0.5179918,producible_prior,-3.0683706,-2.242025,-3.0683706,True,False,False,-0.769888015,2.5503787498840333,1.7240332239944456,False,point_median
PRIOR_0001795,KLVGQTY,-0.5346818,producible_prior,-3.0850606,-2.2587152,-3.0850606,True,False,False,-0.769888015,2.5503787498840333,1.7240332239944456,False,point_median
PRIOR_0001796,RALSGVK,0.40017605,producible_prior,-2.1502028,-1.3238572,-2.1502028,True,False,False,-0.769888015,2.5503787498840333,1.7240332239944456,False,point_median
PRIOR_0001797,SIKFRME,-0.054203272,producible_prior,-2.604582,-1.7782365,-2.604582,True,False,False,-0.769888015,2.5503787498840333,1.7240332239944456,False,point_median
PRIOR_0001798,IFADGRV,-0.4067639,producible_prior,-2.9571428,-2.1307971,-2.9571428,True,False,False,-0.769888015,2.5503787498840333,1.7240332239944456,False,point_median
PRIOR_0001799,YQYTQRR,-0.54901147,producible_prior,-3.0993903,-2.2730446,-3.0993903,True,False,False,-0.769888015,2.5503787498840333,1.7240332239944456,False,point_median
PRIOR_0001800,KPGKAWA,0.18730593,producible_prior,-2.3630729,-1.5367273,-2.3630729,True,False,False,-0.769888015,2.5503787498840333,1.7240332239944456,False,point_median
PRIOR_0001801,NEMNPKK,-0.104747295,producible_prior,-2.655126,-1.8287805,-2.655126,True,False,False,-0.769888015,2.5503787498840333,1.7240332239944456,False,point_median
PRIOR_0001802,GRDGSRH,1.1831992,producible_prior,-1.3671796,-0.54083407,-1.3671796,True,True,False,-0.769888015,2.5503787498840333,1.7240332239944456,False,point_median
PRIOR_0001803,HQDQVKR,0.328712,producible_prior,-2.2216668,-1.3953212,-2.2216668,True,False,False,-0.769888015,2.5503787498840333,1.7240332239944456,False,point_median
PRIOR_0001804,PLHDSNG,-0.22263956,producible_prior,-2.7730184,-1.9466728,-2.7730184,True,False,False,-0.769888015,2.5503787498840333,1.7240332239944456,False,point_median
PRIOR_0001805,ASGEEQE,-0.531628,producible_prior,-3.082007,-2.2556612,-3.082007,True,False,False,-0.769888015,2.5503787498840333,1.7240332239944456,False,point_median
PRIOR_0001806,HRVNQRP,1.1091065,producible_prior,-1.4412723,-0.6149267,-1.4412723,True,True,False,-0.769888015,2.5503787498840333,1.7240332239944456,False,point_median
PRIOR_0001807,TRSFLPP,-0.23931527,producible_prior,-2.789694,-1.9633485,-2.789694,True,False,False,-0.769888015,2.5503787498840333,1.7240332239944456,False,point_median
PRIOR_0001808,LRYSGNR,0.045420647,producible_prior,-2.5049582,-1.6786126,-2.5049582,True,False,False,-0.769888015,2.5503787498840333,1.7240332239944456,False,point_median
PRIOR_0001809,SQMRSNG,0.5370467,producible_prior,-2.0133321,-1.1869866,-2.0133321,True,False,False,-0.769888015,2.5503787498840333,1.7240332239944456,False,point_median
PRIOR_0001810,RIAMHAK,-0.12033272,producible_prior,-2.6707115,-1.844366,-2.6707115,True,False,False,-0.769888015,2.5503787498840333,1.7240332239944456,False,point_median
PRIOR_0001811,WLDKKIN,-0.68704545,producible_prior,-3.2374244,-2.4110787,-3.2374244,True,False,False,-0.769888015,2.5503787498840333,1.7240332239944456,False,point_median
PRIOR_0001812,GSPFRNT,-0.49277532,producible_prior,-3.0431542,-2.2168086,-3.0431542,True,False,False,-0.769888015,2.5503787498840333,1.7240332239944456,False,point_median
PRIOR_0001813,FDTQNKK,0.31240034,producible_prior,-2.2379785,-1.4116329,-2.2379785,True,False,False,-0.769888015,2.5503787498840333,1.7240332239944456,False,point_median
PRIOR_0001814,GNPREIT,-0.17939925,producible_prior,-2.729778,-1.9034325,-2.729778,True,False,False,-0.769888015,2.5503787498840333,1.7240332239944456,False,point_median
PRIOR_0001815,RHRGQIV,1.2536893,producible_prior,-1.2966895,-0.47034395,-1.2966895,True,True,False,-0.769888015,2.5503787498840333,1.7240332239944456,False,point_median
PRIOR_0001816,RTIAEPE,-0.5125555,producible_prior,-3.0629344,-2.2365887,-3.0629344,True,False,False,-0.769888015,2.5503787498840333,1.7240332239944456,False,point_median
PRIOR_0001817,LSQIERK,-0.16931629,producible_prior,-2.719695,-1.8933495,-2.719695,True,False,False,-0.769888015,2.5503787498840333,1.7240332239944456,False,point_median
PRIOR_0001818,IRTRWTI,-0.64995503,producible_prior,-3.2003338,-2.3739882,-3.2003338,True,False,False,-0.769888015,2.5503787498840333,1.7240332239944456,False,point_median
PRIOR_0001819,GQSAIEP,-0.010347843,producible_prior,-2.5607266,-1.7343811,-2.5607266,True,False,False,-0.769888015,2.5503787498840333,1.7240332239944456,False,point_median
PRIOR_0001820,VTEVSVE,-0.74014115,producible_prior,-3.29052,-2.4641743,-3.29052,True,False,False,-0.769888015,2.5503787498840333,1.7240332239944456,False,point_median
PRIOR_0001821,RTINPHI,-0.51868486,producible_prior,-3.0690637,-2.2427182,-3.0690637,True,False,False,-0.769888015,2.5503787498840333,1.7240332239944456,False,point_median
PRIOR_0001822,TESIQRK,0.16487885,producible_prior,-2.3855,-1.5591544,-2.3855,True,False,False,-0.769888015,2.5503787498840333,1.7240332239944456,False,point_median
PRIOR_0001823,CNHRMPR,-0.58209586,producible_prior,-3.1324747,-2.306129,-3.1324747,True,False,False,-0.769888015,2.5503787498840333,1.7240332239944456,False,point_median
PRIOR_0001824,SVNRHSR,0.77751064,producible_prior,-1.7728682,-0.9465226,-1.7728682,True,False,False,-0.769888015,2.5503787498840333,1.7240332239944456,False,point_median
PRIOR_0001825,HGKDPRY,0.28949785,producible_prior,-2.260881,-1.4345354,-2.260881,True,False,False,-0.769888015,2.5503787498840333,1.7240332239944456,False,point_median
PRIOR_0001826,TDNVGKL,0.17837977,producible_prior,-2.371999,-1.5456535,-2.371999,True,False,False,-0.769888015,2.5503787498840333,1.7240332239944456,False,point_median
PRIOR_0001827,YVHQKLP,0.43633103,producible_prior,-2.1140478,-1.2877022,-2.1140478,True,False,False,-0.769888015,2.5503787498840333,1.7240332239944456,False,point_median
PRIOR_0001828,DSQNVRN,-0.7689918,producible_prior,-3.3193707,-2.493025,-3.3193707,True,False,False,-0.769888015,2.5503787498840333,1.7240332239944456,False,point_median
PRIOR_0001829,PKEPANP,0.3705938,producible_prior,-2.179785,-1.3534395,-2.179785,True,False,False,-0.769888015,2.5503787498840333,1.7240332239944456,False,point_median
PRIOR_0001830,LKKHWRS,0.81588054,producible_prior,-1.7344983,-0.9081527,-1.7344983,True,False,False,-0.769888015,2.5503787498840333,1.7240332239944456,False,point_median
PRIOR_0001831,WVANTMK,-0.61331964,producible_prior,-3.1636984,-2.3373528,-3.1636984,True,False,False,-0.769888015,2.5503787498840333,1.7240332239944456,False,point_median
PRIOR_0001832,GSEKDQL,-0.45101786,producible_prior,-3.0013967,-2.1750512,-3.0013967,True,False,False,-0.769888015,2.5503787498840333,1.7240332239944456,False,point_median
PRIOR_0001833,PKTIPNT,-0.30912292,producible_prior,-2.8595018,-2.0331562,-2.8595018,True,False,False,-0.769888015,2.5503787498840333,1.7240332239944456,False,point_median
PRIOR_0001834,MKMHPRN,-0.036695957,producible_prior,-2.5870748,-1.7607292,-2.5870748,True,False,False,-0.769888015,2.5503787498840333,1.7240332239944456,False,point_median
PRIOR_0001835,SHRTGGC,-0.65599525,producible_prior,-3.2063742,-2.3800285,-3.2063742,True,False,False,-0.769888015,2.5503787498840333,1.7240332239944456,False,point_median
PRIOR_0001836,HPPHVLL,-0.6768732,producible_prior,-3.227252,-2.4009066,-3.227252,True,False,False,-0.769888015,2.5503787498840333,1.7240332239944456,False,point_median
PRIOR_0001837,MAQSGDD,-0.15637779,producible_prior,-2.7067566,-1.880411,-2.7067566,True,False,False,-0.769888015,2.5503787498840333,1.7240332239944456,False,point_median
PRIOR_0001838,VRYQENR,-0.6067227,producible_prior,-3.1571016,-2.330756,-3.1571016,True,False,False,-0.769888015,2.5503787498840333,1.7240332239944456,False,point_median
PRIOR_0001839,KKGRKQE,3.5298128,producible_prior,0.979434,1.8057796,0.979434,True,True,True,-0.769888015,2.5503787498840333,1.7240332239944456,False,point_median
PRIOR_0001840,KDRVDGQ,-0.6660347,producible_prior,-3.2164135,-2.390068,-3.2164135,True,False,False,-0.769888015,2.5503787498840333,1.7240332239944456,False,point_median
PRIOR_0001841,PAQHTEG,0.4032302,producible_prior,-2.1471486,-1.320803,-2.1471486,True,False,False,-0.769888015,2.5503787498840333,1.7240332239944456,False,point_median
PRIOR_0001842,KSAKFFV,-0.64115226,producible_prior,-3.1915312,-2.3651855,-3.1915312,True,False,False,-0.769888015,2.5503787498840333,1.7240332239944456,False,point_median
PRIOR_0001843,VNHKIYE,-0.41253233,producible_prior,-2.9629111,-2.1365657,-2.9629111,True,False,False,-0.769888015,2.5503787498840333,1.7240332239944456,False,point_median
PRIOR_0001844,DINKARH,0.4597435,producible_prior,-2.0906353,-1.2642897,-2.0906353,True,False,False,-0.769888015,2.5503787498840333,1.7240332239944456,False,point_median
PRIOR_0001845,THRFPQT,-0.3959167,producible_prior,-2.9462955,-2.1199498,-2.9462955,True,False,False,-0.769888015,2.5503787498840333,1.7240332239944456,False,point_median
PRIOR_0001846,NATVIAG,0.067784786,producible_prior,-2.482594,-1.6562485,-2.482594,True,False,False,-0.769888015,2.5503787498840333,1.7240332239944456,False,point_median
PRIOR_0001847,RNNQDLK,0.22662926,producible_prior,-2.3237495,-1.497404,-2.3237495,True,False,False,-0.769888015,2.5503787498840333,1.7240332239944456,False,point_median
PRIOR_0001848,DPQRQGN,-0.1942904,producible_prior,-2.7446692,-1.9183236,-2.7446692,True,False,False,-0.769888015,2.5503787498840333,1.7240332239944456,False,point_median
PRIOR_0001849,VNTQSLI,-0.5153122,producible_prior,-3.065691,-2.2393456,-3.065691,True,False,False,-0.769888015,2.5503787498840333,1.7240332239944456,False,point_median
PRIOR_0001850,HFNAHQL,-0.7571231,producible_prior,-3.3075018,-2.4811563,-3.3075018,True,False,False,-0.769888015,2.5503787498840333,1.7240332239944456,False,point_median
PRIOR_0001851,KHHDVSH,0.038396597,producible_prior,-2.5119822,-1.6856366,-2.5119822,True,False,False,-0.769888015,2.5503787498840333,1.7240332239944456,False,point_median
PRIOR_0001852,PNARMVR,-0.015747547,producible_prior,-2.5661263,-1.7397808,-2.5661263,True,False,False,-0.769888015,2.5503787498840333,1.7240332239944456,False,point_median
PRIOR_0001853,YFVGRLG,-0.31399143,producible_prior,-2.8643703,-2.0380247,-2.8643703,True,False,False,-0.769888015,2.5503787498840333,1.7240332239944456,False,point_median
PRIOR_0001854,SQHPNGI,-0.0091638565,producible_prior,-2.5595427,-1.7331971,-2.5595427,True,False,False,-0.769888015,2.5503787498840333,1.7240332239944456,False,point_median
PRIOR_0001855,YIQHPSP,-0.15290022,producible_prior,-2.703279,-1.8769335,-2.703279,True,False,False,-0.769888015,2.5503787498840333,1.7240332239944456,False,point_median
PRIOR_0001856,LPNDNQD,-0.23090196,producible_prior,-2.7812808,-1.9549352,-2.7812808,True,False,False,-0.769888015,2.5503787498840333,1.7240332239944456,False,point_median
PRIOR_0001857,VIAKLLV,-0.4990121,producible_prior,-3.0493908,-2.2230453,-3.0493908,True,False,False,-0.769888015,2.5503787498840333,1.7240332239944456,False,point_median
PRIOR_0001858,DAHEASV,-0.76495624,producible_prior,-3.315335,-2.4889894,-3.315335,True,False,False,-0.769888015,2.5503787498840333,1.7240332239944456,False,point_median
PRIOR_0001859,RKDFVLG,0.055544615,producible_prior,-2.4948342,-1.6684886,-2.4948342,True,False,False,-0.769888015,2.5503787498840333,1.7240332239944456,False,point_median
PRIOR_0001860,SVGQGVM,0.0012898445,producible_prior,-2.549089,-1.7227434,-2.549089,True,False,False,-0.769888015,2.5503787498840333,1.7240332239944456,False,point_median
PRIOR_0001861,RYTFNRG,-0.07276702,producible_prior,-2.6231458,-1.7968003,-2.6231458,True,False,False,-0.769888015,2.5503787498840333,1.7240332239944456,False,point_median
PRIOR_0001862,REGHEPN,-0.49170256,producible_prior,-3.0420814,-2.215736,-3.0420814,True,False,False,-0.769888015,2.5503787498840333,1.7240332239944456,False,point_median
PRIOR_0001863,LRHLNME,-0.20077729,producible_prior,-2.751156,-1.9248105,-2.751156,True,False,False,-0.769888015,2.5503787498840333,1.7240332239944456,False,point_median
PRIOR_0001864,MGNSHNY,-0.5579432,producible_prior,-3.1083221,-2.2819765,-3.1083221,True,False,False,-0.769888015,2.5503787498840333,1.7240332239944456,False,point_median
PRIOR_0001865,YKRPNDF,0.25729275,producible_prior,-2.293086,-1.4667405,-2.293086,True,False,False,-0.769888015,2.5503787498840333,1.7240332239944456,False,point_median
PRIOR_0001866,TSFGMKR,0.014400244,producible_prior,-2.5359786,-1.709633,-2.5359786,True,False,False,-0.769888015,2.5503787498840333,1.7240332239944456,False,point_median
PRIOR_0001867,KTEQQRF,-0.02195263,producible_prior,-2.5723314,-1.7459859,-2.5723314,True,False,False,-0.769888015,2.5503787498840333,1.7240332239944456,False,point_median
PRIOR_0001868,GPIRITI,-0.544991,producible_prior,-3.0953698,-2.2690244,-3.0953698,True,False,False,-0.769888015,2.5503787498840333,1.7240332239944456,False,point_median
PRIOR_0001869,FKQITEH,-0.10929108,producible_prior,-2.6596699,-1.8333243,-2.6596699,True,False,False,-0.769888015,2.5503787498840333,1.7240332239944456,False,point_median
PRIOR_0001870,RKEAAGD,1.2172284,producible_prior,-1.3331504,-0.5068048,-1.3331504,True,True,False,-0.769888015,2.5503787498840333,1.7240332239944456,False,point_median
PRIOR_0001871,HVQSGTA,0.6260843,producible_prior,-1.9242945,-1.0979489,-1.9242945,True,False,False,-0.769888015,2.5503787498840333,1.7240332239944456,False,point_median
PRIOR_0001872,PDRLQKR,0.113343,producible_prior,-2.4370358,-1.6106902,-2.4370358,True,False,False,-0.769888015,2.5503787498840333,1.7240332239944456,False,point_median
PRIOR_0001873,NGTKPAD,0.9363475,producible_prior,-1.6140313,-0.78768575,-1.6140313,True,False,False,-0.769888015,2.5503787498840333,1.7240332239944456,False,point_median
PRIOR_0001874,YRKKHLR,1.9331512,producible_prior,-0.61722755,0.20911801,-0.61722755,True,True,True,-0.769888015,2.5503787498840333,1.7240332239944456,False,point_median
PRIOR_0001875,NDNSSAS,0.038455963,producible_prior,-2.5119228,-1.6855773,-2.5119228,True,False,False,-0.769888015,2.5503787498840333,1.7240332239944456,False,point_median
PRIOR_0001876,ANRPTDI,0.06897688,producible_prior,-2.481402,-1.6550564,-2.481402,True,False,False,-0.769888015,2.5503787498840333,1.7240332239944456,False,point_median
PRIOR_0001877,QARTHSM,0.529119,producible_prior,-2.0212598,-1.1949142,-2.0212598,True,False,False,-0.769888015,2.5503787498840333,1.7240332239944456,False,point_median
PRIOR_0001878,PPGATNR,0.49463367,producible_prior,-2.0557451,-1.2293996,-2.0557451,True,False,False,-0.769888015,2.5503787498840333,1.7240332239944456,False,point_median
PRIOR_0001879,RPKKAAM,2.454649,producible_prior,-0.09572983,0.73061574,-0.09572983,True,True,True,-0.769888015,2.5503787498840333,1.7240332239944456,False,point_median
PRIOR_0001880,PRDMKSR,0.28546453,producible_prior,-2.2649143,-1.4385687,-2.2649143,True,False,False,-0.769888015,2.5503787498840333,1.7240332239944456,False,point_median
PRIOR_0001881,LNHNHET,-0.3644173,producible_prior,-2.914796,-2.0884504,-2.914796,True,False,False,-0.769888015,2.5503787498840333,1.7240332239944456,False,point_median
PRIOR_0001882,PHHTKFE,-0.27675247,producible_prior,-2.8271313,-2.0007858,-2.8271313,True,False,False,-0.769888015,2.5503787498840333,1.7240332239944456,False,point_median
PRIOR_0001883,ANPNTQF,-0.29115415,producible_prior,-2.841533,-2.0151873,-2.841533,True,False,False,-0.769888015,2.5503787498840333,1.7240332239944456,False,point_median
PRIOR_0001884,KHHYIQG,-0.13819551,producible_prior,-2.6885743,-1.8622288,-2.6885743,True,False,False,-0.769888015,2.5503787498840333,1.7240332239944456,False,point_median
PRIOR_0001885,NAEGEQK,0.04439354,producible_prior,-2.5059853,-1.6796397,-2.5059853,True,False,False,-0.769888015,2.5503787498840333,1.7240332239944456,False,point_median
PRIOR_0001886,QRIGTVK,0.6188288,producible_prior,-1.93155,-1.1052045,-1.93155,True,False,False,-0.769888015,2.5503787498840333,1.7240332239944456,False,point_median
PRIOR_0001887,MQMNVRP,-0.26516795,producible_prior,-2.8155468,-1.9892012,-2.8155468,True,False,False,-0.769888015,2.5503787498840333,1.7240332239944456,False,point_median
PRIOR_0001888,NPSGLPT,-0.19892883,producible_prior,-2.7493076,-1.9229621,-2.7493076,True,False,False,-0.769888015,2.5503787498840333,1.7240332239944456,False,point_median
PRIOR_0001889,MVRMQKQ,-0.3437791,producible_prior,-2.894158,-2.0678124,-2.894158,True,False,False,-0.769888015,2.5503787498840333,1.7240332239944456,False,point_median
PRIOR_0001890,KQPPRDT,0.5857978,producible_prior,-1.964581,-1.1382354,-1.964581,True,False,False,-0.769888015,2.5503787498840333,1.7240332239944456,False,point_median
PRIOR_0001891,CPQETRP,-0.5202309,producible_prior,-3.0706096,-2.2442641,-3.0706096,True,False,False,-0.769888015,2.5503787498840333,1.7240332239944456,False,point_median
PRIOR_0001892,FSRIKGE,0.828341,producible_prior,-1.7220378,-0.8956922,-1.7220378,True,False,False,-0.769888015,2.5503787498840333,1.7240332239944456,False,point_median
PRIOR_0001893,NKIRFGL,-0.6482005,producible_prior,-3.1985793,-2.3722339,-3.1985793,True,False,False,-0.769888015,2.5503787498840333,1.7240332239944456,False,point_median
PRIOR_0001894,QGKQRRS,2.4337945,producible_prior,-0.1165843,0.70976126,-0.1165843,True,True,True,-0.769888015,2.5503787498840333,1.7240332239944456,False,point_median
PRIOR_0001895,SVEQSMG,-0.2438395,producible_prior,-2.7942183,-1.9678727,-2.7942183,True,False,False,-0.769888015,2.5503787498840333,1.7240332239944456,False,point_median
PRIOR_0001896,KIRQNQL,0.8443217,producible_prior,-1.7060571,-0.8797115,-1.7060571,True,False,False,-0.769888015,2.5503787498840333,1.7240332239944456,False,point_median
PRIOR_0001897,LSSRQFV,-0.41652167,producible_prior,-2.9669003,-2.140555,-2.9669003,True,False,False,-0.769888015,2.5503787498840333,1.7240332239944456,False,point_median
PRIOR_0001898,TLKGGIW,-0.44853032,producible_prior,-2.998909,-2.1725636,-2.998909,True,False,False,-0.769888015,2.5503787498840333,1.7240332239944456,False,point_median
PRIOR_0001899,RNQPSRP,1.5700834,producible_prior,-0.9802954,-0.15394986,-0.9802954,True,True,False,-0.769888015,2.5503787498840333,1.7240332239944456,False,point_median
PRIOR_0001900,LHRPTEG,0.94639826,producible_prior,-1.6039805,-0.777635,-1.6039805,True,False,False,-0.769888015,2.5503787498840333,1.7240332239944456,False,point_median
PRIOR_0001901,MRTQVEP,0.51996803,producible_prior,-2.0304108,-1.2040652,-2.0304108,True,False,False,-0.769888015,2.5503787498840333,1.7240332239944456,False,point_median
PRIOR_0001902,ETGQAKS,0.57374334,producible_prior,-1.9766355,-1.1502899,-1.9766355,True,False,False,-0.769888015,2.5503787498840333,1.7240332239944456,False,point_median
PRIOR_0001903,MNVRSQS,0.5012913,producible_prior,-2.0490875,-1.222742,-2.0490875,True,False,False,-0.769888015,2.5503787498840333,1.7240332239944456,False,point_median
PRIOR_0001904,HKPKSAH,1.9442177,producible_prior,-0.6061611,0.22018445,-0.6061611,True,True,True,-0.769888015,2.5503787498840333,1.7240332239944456,False,point_median
PRIOR_0001905,HRGRCGS,-0.44982588,producible_prior,-3.0002046,-2.1738591,-3.0002046,True,False,False,-0.769888015,2.5503787498840333,1.7240332239944456,False,point_median
PRIOR_0001906,GQHQKNW,-0.28256178,producible_prior,-2.8329406,-2.0065951,-2.8329406,True,False,False,-0.769888015,2.5503787498840333,1.7240332239944456,False,point_median
PRIOR_0001907,PPQPNMP,-0.2397294,producible_prior,-2.7901082,-1.9637626,-2.7901082,True,False,False,-0.769888015,2.5503787498840333,1.7240332239944456,False,point_median
PRIOR_0001908,WVHKLQD,-0.29864502,producible_prior,-2.8490238,-2.0226784,-2.8490238,True,False,False,-0.769888015,2.5503787498840333,1.7240332239944456,False,point_median
PRIOR_0001909,QRRLVID,-0.022666931,producible_prior,-2.5730457,-1.7467002,-2.5730457,True,False,False,-0.769888015,2.5503787498840333,1.7240332239944456,False,point_median
PRIOR_0001910,KPSKTKC,0.9819484,producible_prior,-1.5684304,-0.74208486,-1.5684304,True,True,False,-0.769888015,2.5503787498840333,1.7240332239944456,False,point_median
PRIOR_0001911,AMRDQAN,-0.7613064,producible_prior,-3.311685,-2.4853396,-3.311685,True,False,False,-0.769888015,2.5503787498840333,1.7240332239944456,False,point_median
PRIOR_0001912,AIGQGNV,0.107340336,producible_prior,-2.4430385,-1.6166929,-2.4430385,True,False,False,-0.769888015,2.5503787498840333,1.7240332239944456,False,point_median
PRIOR_0001913,KSYANKS,0.65298104,producible_prior,-1.8973978,-1.0710522,-1.8973978,True,False,False,-0.769888015,2.5503787498840333,1.7240332239944456,False,point_median
PRIOR_0001914,STQHYQP,-0.60136175,producible_prior,-3.1517406,-2.325395,-3.1517406,True,False,False,-0.769888015,2.5503787498840333,1.7240332239944456,False,point_median
PRIOR_0001915,GAKGTEN,0.87424755,producible_prior,-1.6761312,-0.8497857,-1.6761312,True,False,False,-0.769888015,2.5503787498840333,1.7240332239944456,False,point_median
PRIOR_0001916,GKEEYGR,-0.69302297,producible_prior,-3.2434018,-2.417056,-3.2434018,True,False,False,-0.769888015,2.5503787498840333,1.7240332239944456,False,point_median
PRIOR_0001917,RHKSYNE,0.67312145,producible_prior,-1.8772573,-1.0509118,-1.8772573,True,False,False,-0.769888015,2.5503787498840333,1.7240332239944456,False,point_median
PRIOR_0001918,QATYRSI,-0.73433757,producible_prior,-3.2847164,-2.4583707,-3.2847164,True,False,False,-0.769888015,2.5503787498840333,1.7240332239944456,False,point_median
PRIOR_0001919,VPADRVM,-0.30693483,producible_prior,-2.8573136,-2.0309682,-2.8573136,True,False,False,-0.769888015,2.5503787498840333,1.7240332239944456,False,point_median
PRIOR_0001920,LKYDVQS,-0.62722313,producible_prior,-3.1776018,-2.3512564,-3.1776018,True,False,False,-0.769888015,2.5503787498840333,1.7240332239944456,False,point_median
PRIOR_0001921,FLQTNES,-0.48919058,producible_prior,-3.0395694,-2.213224,-3.0395694,True,False,False,-0.769888015,2.5503787498840333,1.7240332239944456,False,point_median
PRIOR_0001922,HNVHIQR,-0.4523846,producible_prior,-3.0027633,-2.1764178,-3.0027633,True,False,False,-0.769888015,2.5503787498840333,1.7240332239944456,False,point_median
PRIOR_0001923,AKRGTSC,0.26057124,producible_prior,-2.2898076,-1.463462,-2.2898076,True,False,False,-0.769888015,2.5503787498840333,1.7240332239944456,False,point_median
PRIOR_0001924,EIKMQRE,-0.20504546,producible_prior,-2.7554243,-1.9290787,-2.7554243,True,False,False,-0.769888015,2.5503787498840333,1.7240332239944456,False,point_median
PRIOR_0001925,QQSGHSP,0.7424462,producible_prior,-1.8079326,-0.98158705,-1.8079326,True,False,False,-0.769888015,2.5503787498840333,1.7240332239944456,False,point_median
PRIOR_0001926,GSHTRCA,-0.40067375,producible_prior,-2.9510527,-2.124707,-2.9510527,True,False,False,-0.769888015,2.5503787498840333,1.7240332239944456,False,point_median
PRIOR_0001927,WINPRVD,-0.70519054,producible_prior,-3.2555695,-2.4292238,-3.2555695,True,False,False,-0.769888015,2.5503787498840333,1.7240332239944456,False,point_median
PRIOR_0001928,VMSFSRV,-0.6842723,producible_prior,-3.234651,-2.4083056,-3.234651,True,False,False,-0.769888015,2.5503787498840333,1.7240332239944456,False,point_median
PRIOR_0001929,YSWVKRA,-0.7422347,producible_prior,-3.2926135,-2.466268,-3.2926135,True,False,False,-0.769888015,2.5503787498840333,1.7240332239944456,False,point_median
PRIOR_0001930,HPKVEQE,0.76019096,producible_prior,-1.7901878,-0.9638423,-1.7901878,True,False,False,-0.769888015,2.5503787498840333,1.7240332239944456,False,point_median
PRIOR_0001931,VPKTRDF,0.47701454,producible_prior,-2.0733643,-1.2470187,-2.0733643,True,False,False,-0.769888015,2.5503787498840333,1.7240332239944456,False,point_median
PRIOR_0001932,FGAARVI,0.052980185,producible_prior,-2.4973986,-1.671053,-2.4973986,True,False,False,-0.769888015,2.5503787498840333,1.7240332239944456,False,point_median
PRIOR_0001933,MATAPLD,-0.6807773,producible_prior,-3.231156,-2.4048104,-3.231156,True,False,False,-0.769888015,2.5503787498840333,1.7240332239944456,False,point_median
PRIOR_0001934,EKGRNYQ,-0.73550975,producible_prior,-3.2858887,-2.459543,-3.2858887,True,False,False,-0.769888015,2.5503787498840333,1.7240332239944456,False,point_median
PRIOR_0001935,RVPVSAF,-0.07547641,producible_prior,-2.6258552,-1.7995096,-2.6258552,True,False,False,-0.769888015,2.5503787498840333,1.7240332239944456,False,point_median
PRIOR_0001936,KTKTEYE,0.17789102,producible_prior,-2.3724878,-1.5461422,-2.3724878,True,False,False,-0.769888015,2.5503787498840333,1.7240332239944456,False,point_median
PRIOR_0001937,LGKIQNR,0.71191263,producible_prior,-1.8384662,-1.0121206,-1.8384662,True,False,False,-0.769888015,2.5503787498840333,1.7240332239944456,False,point_median
PRIOR_0001938,RLGFASN,-0.7271285,producible_prior,-3.2775073,-2.4511619,-3.2775073,True,False,False,-0.769888015,2.5503787498840333,1.7240332239944456,False,point_median
PRIOR_0001939,MKYSSAH,-0.15542388,producible_prior,-2.7058027,-1.8794571,-2.7058027,True,False,False,-0.769888015,2.5503787498840333,1.7240332239944456,False,point_median
PRIOR_0001940,QNEKMEF,-0.7519233,producible_prior,-3.3023021,-2.4759564,-3.3023021,True,False,False,-0.769888015,2.5503787498840333,1.7240332239944456,False,point_median
PRIOR_0001941,FSPDSKD,0.10917759,producible_prior,-2.4412012,-1.6148556,-2.4412012,True,False,False,-0.769888015,2.5503787498840333,1.7240332239944456,False,point_median
PRIOR_0001942,HRPDEHA,0.30362105,producible_prior,-2.2467577,-1.4204122,-2.2467577,True,False,False,-0.769888015,2.5503787498840333,1.7240332239944456,False,point_median
PRIOR_0001943,MKDGVAF,-0.20315027,producible_prior,-2.753529,-1.9271835,-2.753529,True,False,False,-0.769888015,2.5503787498840333,1.7240332239944456,False,point_median
PRIOR_0001944,GLTGKLH,0.36372805,producible_prior,-2.1866508,-1.3603052,-2.1866508,True,False,False,-0.769888015,2.5503787498840333,1.7240332239944456,False,point_median
PRIOR_0001945,RHKASVQ,0.758863,producible_prior,-1.7915158,-0.96517026,-1.7915158,True,False,False,-0.769888015,2.5503787498840333,1.7240332239944456,False,point_median
PRIOR_0001946,RDVDDRG,-0.4646554,producible_prior,-3.0150342,-2.1886888,-3.0150342,True,False,False,-0.769888015,2.5503787498840333,1.7240332239944456,False,point_median
PRIOR_0001947,TMSPIKS,0.30378437,producible_prior,-2.2465944,-1.4202489,-2.2465944,True,False,False,-0.769888015,2.5503787498840333,1.7240332239944456,False,point_median
PRIOR_0001948,WNRRNHD,0.57342005,producible_prior,-1.9769588,-1.1506132,-1.9769588,True,False,False,-0.769888015,2.5503787498840333,1.7240332239944456,False,point_median
PRIOR_0001949,MHEVKKQ,-0.0011134148,producible_prior,-2.5514922,-1.7251467,-2.5514922,True,False,False,-0.769888015,2.5503787498840333,1.7240332239944456,False,point_median
PRIOR_0001950,WNKEHNI,-0.40983737,producible_prior,-2.960216,-2.1338706,-2.960216,True,False,False,-0.769888015,2.5503787498840333,1.7240332239944456,False,point_median
PRIOR_0001951,KPKPPFV,0.5621915,producible_prior,-1.9881873,-1.1618418,-1.9881873,True,False,False,-0.769888015,2.5503787498840333,1.7240332239944456,False,point_median
PRIOR_0001952,IRVQWKA,-0.31925392,producible_prior,-2.8696327,-2.0432873,-2.8696327,True,False,False,-0.769888015,2.5503787498840333,1.7240332239944456,False,point_median
PRIOR_0001953,RRDATEV,0.93102026,producible_prior,-1.6193585,-0.793013,-1.6193585,True,False,False,-0.769888015,2.5503787498840333,1.7240332239944456,False,point_median
PRIOR_0001954,QHVPDRP,-0.46154547,producible_prior,-3.0119243,-2.1855788,-3.0119243,True,False,False,-0.769888015,2.5503787498840333,1.7240332239944456,False,point_median
PRIOR_0001955,MRELKFE,-0.70286584,producible_prior,-3.2532446,-2.426899,-3.2532446,True,False,False,-0.769888015,2.5503787498840333,1.7240332239944456,False,point_median
PRIOR_0001956,ESGRQEN,-0.49257016,producible_prior,-3.042949,-2.2166033,-3.042949,True,False,False,-0.769888015,2.5503787498840333,1.7240332239944456,False,point_median
PRIOR_0001957,EHHDAHG,-0.5106493,producible_prior,-3.061028,-2.2346826,-3.061028,True,False,False,-0.769888015,2.5503787498840333,1.7240332239944456,False,point_median
PRIOR_0001958,HGMRKLR,0.6010661,producible_prior,-1.9493127,-1.1229671,-1.9493127,True,False,False,-0.769888015,2.5503787498840333,1.7240332239944456,False,point_median
PRIOR_0001959,IVPLSLA,-0.71531606,producible_prior,-3.2656949,-2.4393492,-3.2656949,True,False,False,-0.769888015,2.5503787498840333,1.7240332239944456,False,point_median
PRIOR_0001960,RKTDSTN,0.69440794,producible_prior,-1.8559709,-1.0296253,-1.8559709,True,False,False,-0.769888015,2.5503787498840333,1.7240332239944456,False,point_median
PRIOR_0001961,GVGAMPL,-0.55930066,producible_prior,-3.1096795,-2.2833338,-3.1096795,True,False,False,-0.769888015,2.5503787498840333,1.7240332239944456,False,point_median
PRIOR_0001962,PHKYHAK,-0.2349124,producible_prior,-2.7852912,-1.9589456,-2.7852912,True,False,False,-0.769888015,2.5503787498840333,1.7240332239944456,False,point_median
PRIOR_0001963,RAKKPKE,3.286581,producible_prior,0.73620224,1.5625478,0.73620224,True,True,True,-0.769888015,2.5503787498840333,1.7240332239944456,False,point_median
PRIOR_0001964,LINRAMI,-0.22146583,producible_prior,-2.7718446,-1.9454991,-2.7718446,True,False,False,-0.769888015,2.5503787498840333,1.7240332239944456,False,point_median
PRIOR_0001965,EFNRQAM,-0.70254445,producible_prior,-3.2529233,-2.4265776,-3.2529233,True,False,False,-0.769888015,2.5503787498840333,1.7240332239944456,False,point_median
PRIOR_0001966,GQMPRMV,-0.5998161,producible_prior,-3.150195,-2.3238492,-3.150195,True,False,False,-0.769888015,2.5503787498840333,1.7240332239944456,False,point_median
PRIOR_0001967,VMGNGKV,0.9105439,producible_prior,-1.6398349,-0.8134893,-1.6398349,True,False,False,-0.769888015,2.5503787498840333,1.7240332239944456,False,point_median
PRIOR_0001968,RAITVNR,-0.08587718,producible_prior,-2.636256,-1.8099104,-2.636256,True,False,False,-0.769888015,2.5503787498840333,1.7240332239944456,False,point_median
PRIOR_0001969,LRKQKNL,1.9592819,producible_prior,-0.5910969,0.23524868,-0.5910969,True,True,True,-0.769888015,2.5503787498840333,1.7240332239944456,False,point_median
PRIOR_0001970,RGQDYNG,-0.06198263,producible_prior,-2.6123614,-1.7860159,-2.6123614,True,False,False,-0.769888015,2.5503787498840333,1.7240332239944456,False,point_median
PRIOR_0001971,AGQQVQA,0.48762488,producible_prior,-2.062754,-1.2364084,-2.062754,True,False,False,-0.769888015,2.5503787498840333,1.7240332239944456,False,point_median
PRIOR_0001972,DDHTSEG,-0.51712584,producible_prior,-3.0675046,-2.241159,-3.0675046,True,False,False,-0.769888015,2.5503787498840333,1.7240332239944456,False,point_median
PRIOR_0001973,KSPPRHH,0.9693532,producible_prior,-1.5810256,-0.75468004,-1.5810256,True,True,False,-0.769888015,2.5503787498840333,1.7240332239944456,False,point_median
PRIOR_0001974,VMGSHEG,0.22159481,producible_prior,-2.328784,-1.5024384,-2.328784,True,False,False,-0.769888015,2.5503787498840333,1.7240332239944456,False,point_median
PRIOR_0001975,RQPGHGW,-0.22498393,producible_prior,-2.7753627,-1.9490172,-2.7753627,True,False,False,-0.769888015,2.5503787498840333,1.7240332239944456,False,point_median
PRIOR_0001976,PAPQDSV,-0.6089225,producible_prior,-3.1593013,-2.3329558,-3.1593013,True,False,False,-0.769888015,2.5503787498840333,1.7240332239944456,False,point_median
PRIOR_0001977,HIKPDSG,0.49318457,producible_prior,-2.0571942,-1.2308487,-2.0571942,True,False,False,-0.769888015,2.5503787498840333,1.7240332239944456,False,point_median
PRIOR_0001978,WKSAPEF,-0.5076133,producible_prior,-3.057992,-2.2316465,-3.057992,True,False,False,-0.769888015,2.5503787498840333,1.7240332239944456,False,point_median
PRIOR_0001979,CKQNPEK,0.0673306,producible_prior,-2.4830482,-1.6567026,-2.4830482,True,False,False,-0.769888015,2.5503787498840333,1.7240332239944456,False,point_median
PRIOR_0001980,RDSGHSL,0.10564017,producible_prior,-2.4447386,-1.6183931,-2.4447386,True,False,False,-0.769888015,2.5503787498840333,1.7240332239944456,False,point_median
PRIOR_0001981,MNNFHKA,0.21661091,producible_prior,-2.333768,-1.5074223,-2.333768,True,False,False,-0.769888015,2.5503787498840333,1.7240332239944456,False,point_median
PRIOR_0001982,KLRKNDI,1.4213655,producible_prior,-1.1290133,-0.30266774,-1.1290133,True,True,False,-0.769888015,2.5503787498840333,1.7240332239944456,False,point_median
PRIOR_0001983,PAKLQNS,0.21692657,producible_prior,-2.3334522,-1.5071067,-2.3334522,True,False,False,-0.769888015,2.5503787498840333,1.7240332239944456,False,point_median
PRIOR_0001984,SNVDPRK,-0.032866478,producible_prior,-2.5832453,-1.7568997,-2.5832453,True,False,False,-0.769888015,2.5503787498840333,1.7240332239944456,False,point_median
PRIOR_0001985,WMLSRRA,-0.3932433,producible_prior,-2.943622,-2.1172767,-2.943622,True,False,False,-0.769888015,2.5503787498840333,1.7240332239944456,False,point_median
PRIOR_0001986,DGGRNHI,0.2227962,producible_prior,-2.3275826,-1.501237,-2.3275826,True,False,False,-0.769888015,2.5503787498840333,1.7240332239944456,False,point_median
PRIOR_0001987,LAGETRT,0.04816985,producible_prior,-2.502209,-1.6758634,-2.502209,True,False,False,-0.769888015,2.5503787498840333,1.7240332239944456,False,point_median
PRIOR_0001988,QRTHKHM,1.2849448,producible_prior,-1.265434,-0.43908846,-1.265434,True,True,False,-0.769888015,2.5503787498840333,1.7240332239944456,False,point_median
PRIOR_0001989,HNNRYKF,-0.18926716,producible_prior,-2.739646,-1.9133004,-2.739646,True,False,False,-0.769888015,2.5503787498840333,1.7240332239944456,False,point_median
PRIOR_0001990,VREVDRA,0.24167967,producible_prior,-2.3086991,-1.4823536,-2.3086991,True,False,False,-0.769888015,2.5503787498840333,1.7240332239944456,False,point_median
PRIOR_0001991,YDKANKS,1.2015362,producible_prior,-1.3488426,-0.52249706,-1.3488426,True,True,False,-0.769888015,2.5503787498840333,1.7240332239944456,False,point_median
PRIOR_0001992,TWNRGQK,0.28892517,producible_prior,-2.2614536,-1.4351081,-2.2614536,True,False,False,-0.769888015,2.5503787498840333,1.7240332239944456,False,point_median
PRIOR_0001993,CEKHTVV,-0.6912222,producible_prior,-3.241601,-2.4152555,-3.241601,True,False,False,-0.769888015,2.5503787498840333,1.7240332239944456,False,point_median
PRIOR_0001994,LENTVRL,-0.5919231,producible_prior,-3.142302,-2.3159564,-3.142302,True,False,False,-0.769888015,2.5503787498840333,1.7240332239944456,False,point_median
PRIOR_0001995,TRNIMPD,-0.07452488,producible_prior,-2.6249037,-1.7985581,-2.6249037,True,False,False,-0.769888015,2.5503787498840333,1.7240332239944456,False,point_median
PRIOR_0001996,KQDLTPS,-0.23464108,producible_prior,-2.7850199,-1.9586743,-2.7850199,True,False,False,-0.769888015,2.5503787498840333,1.7240332239944456,False,point_median
PRIOR_0001997,VAEDSRM,-0.5930865,producible_prior,-3.1434653,-2.3171196,-3.1434653,True,False,False,-0.769888015,2.5503787498840333,1.7240332239944456,False,point_median
PRIOR_0001998,NIQRYGR,-0.44443798,producible_prior,-2.9948168,-2.1684713,-2.9948168,True,False,False,-0.769888015,2.5503787498840333,1.7240332239944456,False,point_median
PRIOR_0001999,CGGKTKE,1.2230294,producible_prior,-1.3273494,-0.50100386,-1.3273494,True,True,False,-0.769888015,2.5503787498840333,1.7240332239944456,False,point_median
PRIOR_0002000,KCPGRQH,-0.2547021,producible_prior,-2.805081,-1.9787353,-2.805081,True,False,False,-0.769888015,2.5503787498840333,1.7240332239944456,False,point_median
PRIOR_0002001,AKRMYQI,-0.4522084,producible_prior,-3.0025873,-2.1762416,-3.0025873,True,False,False,-0.769888015,2.5503787498840333,1.7240332239944456,False,point_median
PRIOR_0002002,VGRQRYE,0.41963863,producible_prior,-2.1307402,-1.3043946,-2.1307402,True,False,False,-0.769888015,2.5503787498840333,1.7240332239944456,False,point_median
PRIOR_0002003,APIDRVA,-0.4793086,producible_prior,-3.0296874,-2.203342,-3.0296874,True,False,False,-0.769888015,2.5503787498840333,1.7240332239944456,False,point_median
PRIOR_0002004,DFTSKMG,-0.0999825,producible_prior,-2.6503613,-1.8240157,-2.6503613,True,False,False,-0.769888015,2.5503787498840333,1.7240332239944456,False,point_median
PRIOR_0002005,RQTHLSI,0.061041832,producible_prior,-2.489337,-1.6629914,-2.489337,True,False,False,-0.769888015,2.5503787498840333,1.7240332239944456,False,point_median
PRIOR_0002006,ANSNTRM,0.5302329,producible_prior,-2.020146,-1.1938003,-2.020146,True,False,False,-0.769888015,2.5503787498840333,1.7240332239944456,False,point_median
PRIOR_0002007,FHVHKKN,0.28241348,producible_prior,-2.2679653,-1.4416198,-2.2679653,True,False,False,-0.769888015,2.5503787498840333,1.7240332239944456,False,point_median
PRIOR_0002008,YAKPFLA,-0.51188517,producible_prior,-3.062264,-2.2359185,-3.062264,True,False,False,-0.769888015,2.5503787498840333,1.7240332239944456,False,point_median
PRIOR_0002009,RWKPQRY,-0.19808602,producible_prior,-2.7484648,-1.9221193,-2.7484648,True,False,False,-0.769888015,2.5503787498840333,1.7240332239944456,False,point_median
PRIOR_0002010,MSRTLQI,-0.035488605,producible_prior,-2.5858674,-1.7595218,-2.5858674,True,False,False,-0.769888015,2.5503787498840333,1.7240332239944456,False,point_median
PRIOR_0002011,IGLGGGT,-0.29432702,producible_prior,-2.8447058,-2.0183601,-2.8447058,True,False,False,-0.769888015,2.5503787498840333,1.7240332239944456,False,point_median
PRIOR_0002012,VQATKDK,0.749696,producible_prior,-1.8006828,-0.9743372,-1.8006828,True,False,False,-0.769888015,2.5503787498840333,1.7240332239944456,False,point_median
PRIOR_0002013,HGPRLMN,-0.39189482,producible_prior,-2.9422736,-2.1159282,-2.9422736,True,False,False,-0.769888015,2.5503787498840333,1.7240332239944456,False,point_median
PRIOR_0002014,RDGKDHQ,-0.3099494,producible_prior,-2.8603282,-2.0339828,-2.8603282,True,False,False,-0.769888015,2.5503787498840333,1.7240332239944456,False,point_median
PRIOR_0002015,FMNSGTK,0.1544733,producible_prior,-2.3959055,-1.5695599,-2.3959055,True,False,False,-0.769888015,2.5503787498840333,1.7240332239944456,False,point_median
PRIOR_0002016,PIPKQHI,0.118540525,producible_prior,-2.4318383,-1.6054927,-2.4318383,True,False,False,-0.769888015,2.5503787498840333,1.7240332239944456,False,point_median
PRIOR_0002017,IKNWKNF,-0.5497291,producible_prior,-3.100108,-2.2737622,-3.100108,True,False,False,-0.769888015,2.5503787498840333,1.7240332239944456,False,point_median
PRIOR_0002018,GDNNLVK,-0.49315798,producible_prior,-3.0435367,-2.2171912,-3.0435367,True,False,False,-0.769888015,2.5503787498840333,1.7240332239944456,False,point_median
PRIOR_0002019,FLSAHKQ,-0.56568646,producible_prior,-3.1160653,-2.2897196,-3.1160653,True,False,False,-0.769888015,2.5503787498840333,1.7240332239944456,False,point_median
PRIOR_0002020,NVQTEQK,0.031645298,producible_prior,-2.5187335,-1.6923879,-2.5187335,True,False,False,-0.769888015,2.5503787498840333,1.7240332239944456,False,point_median
PRIOR_0002021,WSRPQMT,-0.7247175,producible_prior,-3.2750964,-2.4487507,-3.2750964,True,False,False,-0.769888015,2.5503787498840333,1.7240332239944456,False,point_median
PRIOR_0002022,IPRPHMY,-0.60363615,producible_prior,-3.154015,-2.3276694,-3.154015,True,False,False,-0.769888015,2.5503787498840333,1.7240332239944456,False,point_median
PRIOR_0002023,KKLQETA,0.788362,producible_prior,-1.7620168,-0.9356712,-1.7620168,True,False,False,-0.769888015,2.5503787498840333,1.7240332239944456,False,point_median
PRIOR_0002024,GRSYNAV,-0.13705587,producible_prior,-2.6874347,-1.8610891,-2.6874347,True,False,False,-0.769888015,2.5503787498840333,1.7240332239944456,False,point_median
PRIOR_0002025,FHRGLRV,0.6884806,producible_prior,-1.8618982,-1.0355526,-1.8618982,True,False,False,-0.769888015,2.5503787498840333,1.7240332239944456,False,point_median
PRIOR_0002026,WNQRKTG,1.4718747,producible_prior,-1.0785041,-0.25215852,-1.0785041,True,True,False,-0.769888015,2.5503787498840333,1.7240332239944456,False,point_median
PRIOR_0002027,FTNTQTE,-0.1001904,producible_prior,-2.6505692,-1.8242236,-2.6505692,True,False,False,-0.769888015,2.5503787498840333,1.7240332239944456,False,point_median
PRIOR_0002028,LDTKQHN,-0.44708753,producible_prior,-2.9974663,-2.1711206,-2.9974663,True,False,False,-0.769888015,2.5503787498840333,1.7240332239944456,False,point_median
PRIOR_0002029,NEDKRQT,0.28352642,producible_prior,-2.2668524,-1.4405068,-2.2668524,True,False,False,-0.769888015,2.5503787498840333,1.7240332239944456,False,point_median
PRIOR_0002030,KQKDLCK,-0.50380373,producible_prior,-3.0541825,-2.227837,-3.0541825,True,False,False,-0.769888015,2.5503787498840333,1.7240332239944456,False,point_median
PRIOR_0002031,GHGYGGH,-0.60087585,producible_prior,-3.1512547,-2.3249092,-3.1512547,True,False,False,-0.769888015,2.5503787498840333,1.7240332239944456,False,point_median
PRIOR_0002032,ESENAKT,-0.580709,producible_prior,-3.1310878,-2.3047423,-3.1310878,True,False,False,-0.769888015,2.5503787498840333,1.7240332239944456,False,point_median
PRIOR_0002033,VTGDKRF,0.2653029,producible_prior,-2.285076,-1.4587303,-2.285076,True,False,False,-0.769888015,2.5503787498840333,1.7240332239944456,False,point_median
PRIOR_0002034,VGQAMVP,-0.034297466,producible_prior,-2.5846763,-1.7583307,-2.5846763,True,False,False,-0.769888015,2.5503787498840333,1.7240332239944456,False,point_median
PRIOR_0002035,DPSKKWP,-0.6341115,producible_prior,-3.1844902,-2.3581448,-3.1844902,True,False,False,-0.769888015,2.5503787498840333,1.7240332239944456,False,point_median
PRIOR_0002036,DKAVAEV,0.03245306,producible_prior,-2.5179257,-1.6915802,-2.5179257,True,False,False,-0.769888015,2.5503787498840333,1.7240332239944456,False,point_median
PRIOR_0002037,NPHIGGQ,-0.6744194,producible_prior,-3.2247982,-2.3984528,-3.2247982,True,False,False,-0.769888015,2.5503787498840333,1.7240332239944456,False,point_median
PRIOR_0002038,EWKHNEK,-0.76846135,producible_prior,-3.31884,-2.4924946,-3.31884,True,False,False,-0.769888015,2.5503787498840333,1.7240332239944456,False,point_median
PRIOR_0002039,KESHWKH,-0.6606214,producible_prior,-3.2110002,-2.3846545,-3.2110002,True,False,False,-0.769888015,2.5503787498840333,1.7240332239944456,False,point_median
PRIOR_0002040,FAHITPV,-0.6276989,producible_prior,-3.1780777,-2.3517323,-3.1780777,True,False,False,-0.769888015,2.5503787498840333,1.7240332239944456,False,point_median
PRIOR_0002041,DSIRKHH,-0.27164102,producible_prior,-2.8220198,-1.9956743,-2.8220198,True,False,False,-0.769888015,2.5503787498840333,1.7240332239944456,False,point_median
PRIOR_0002042,VMKTMDS,-0.09263277,producible_prior,-2.6430116,-1.816666,-2.6430116,True,False,False,-0.769888015,2.5503787498840333,1.7240332239944456,False,point_median
PRIOR_0002043,DAQQKVK,0.54740715,producible_prior,-2.0029716,-1.1766261,-2.0029716,True,False,False,-0.769888015,2.5503787498840333,1.7240332239944456,False,point_median
PRIOR_0002044,DMNHGPS,-0.43526495,producible_prior,-2.9856439,-2.1592982,-2.9856439,True,False,False,-0.769888015,2.5503787498840333,1.7240332239944456,False,point_median
PRIOR_0002045,STPTEHE,-0.25896645,producible_prior,-2.8093452,-1.9829997,-2.8093452,True,False,False,-0.769888015,2.5503787498840333,1.7240332239944456,False,point_median
PRIOR_0002046,DHRFNKV,-0.09419799,producible_prior,-2.6445768,-1.8182312,-2.6445768,True,False,False,-0.769888015,2.5503787498840333,1.7240332239944456,False,point_median
PRIOR_0002047,PQPDADS,-0.7339188,producible_prior,-3.2842975,-2.457952,-3.2842975,True,False,False,-0.769888015,2.5503787498840333,1.7240332239944456,False,point_median
PRIOR_0002048,TMFEQKK,-0.52452314,producible_prior,-3.074902,-2.2485564,-3.074902,True,False,False,-0.769888015,2.5503787498840333,1.7240332239944456,False,point_median
PRIOR_0002049,QPSVMSN,-0.68743885,producible_prior,-3.2378178,-2.411472,-3.2378178,True,False,False,-0.769888015,2.5503787498840333,1.7240332239944456,False,point_median
PRIOR_0002050,NCSGKRH,-0.28056943,producible_prior,-2.8309484,-2.0046027,-2.8309484,True,False,False,-0.769888015,2.5503787498840333,1.7240332239944456,False,point_median
PRIOR_0002051,QPKGTKP,2.621418,producible_prior,0.0710392,0.89738476,0.0710392,True,True,True,-0.769888015,2.5503787498840333,1.7240332239944456,False,point_median
PRIOR_0002052,PPNRTSP,1.0686953,producible_prior,-1.4816835,-0.6553379,-1.4816835,True,True,False,-0.769888015,2.5503787498840333,1.7240332239944456,False,point_median
PRIOR_0002053,NITTRLH,-0.3917998,producible_prior,-2.9421787,-2.115833,-2.9421787,True,False,False,-0.769888015,2.5503787498840333,1.7240332239944456,False,point_median
PRIOR_0002054,EHIKKIH,-0.4185269,producible_prior,-2.9689057,-2.14256,-2.9689057,True,False,False,-0.769888015,2.5503787498840333,1.7240332239944456,False,point_median
PRIOR_0002055,TRKQIQT,1.2326906,producible_prior,-1.3176882,-0.49134266,-1.3176882,True,True,False,-0.769888015,2.5503787498840333,1.7240332239944456,False,point_median
PRIOR_0002056,EMRKFGK,-0.12861848,producible_prior,-2.6789973,-1.8526517,-2.6789973,True,False,False,-0.769888015,2.5503787498840333,1.7240332239944456,False,point_median
PRIOR_0002057,EIGHNKQ,-0.64597726,producible_prior,-3.196356,-2.3700104,-3.196356,True,False,False,-0.769888015,2.5503787498840333,1.7240332239944456,False,point_median
PRIOR_0002058,HITDRSV,-0.19430637,producible_prior,-2.7446852,-1.9183396,-2.7446852,True,False,False,-0.769888015,2.5503787498840333,1.7240332239944456,False,point_median
PRIOR_0002059,VMRYSTS,-0.64611244,producible_prior,-3.1964912,-2.3701458,-3.1964912,True,False,False,-0.769888015,2.5503787498840333,1.7240332239944456,False,point_median
PRIOR_0002060,MKPAVAT,0.5351126,producible_prior,-2.0152662,-1.1889206,-2.0152662,True,False,False,-0.769888015,2.5503787498840333,1.7240332239944456,False,point_median
PRIOR_0002061,IPSATSE,0.54878545,producible_prior,-2.0015934,-1.1752478,-2.0015934,True,False,False,-0.769888015,2.5503787498840333,1.7240332239944456,False,point_median
PRIOR_0002062,RLKNMAA,1.4194183,producible_prior,-1.1309605,-0.3046149,-1.1309605,True,True,False,-0.769888015,2.5503787498840333,1.7240332239944456,False,point_median
PRIOR_0002063,GLKGEFM,-0.56446385,producible_prior,-3.1148427,-2.288497,-3.1148427,True,False,False,-0.769888015,2.5503787498840333,1.7240332239944456,False,point_median
PRIOR_0002064,IKMPVRI,0.023806572,producible_prior,-2.5265722,-1.7002267,-2.5265722,True,False,False,-0.769888015,2.5503787498840333,1.7240332239944456,False,point_median
PRIOR_0002065,HPRTPRT,0.9834285,producible_prior,-1.5669503,-0.74060476,-1.5669503,True,True,False,-0.769888015,2.5503787498840333,1.7240332239944456,False,point_median
PRIOR_0002066,PGPHMKI,0.32975984,producible_prior,-2.220619,-1.3942734,-2.220619,True,False,False,-0.769888015,2.5503787498840333,1.7240332239944456,False,point_median
PRIOR_0002067,NITNLPR,-0.60536087,producible_prior,-3.1557398,-2.329394,-3.1557398,True,False,False,-0.769888015,2.5503787498840333,1.7240332239944456,False,point_median
PRIOR_0002068,EIPVKPD,-0.37109923,producible_prior,-2.921478,-2.0951324,-2.921478,True,False,False,-0.769888015,2.5503787498840333,1.7240332239944456,False,point_median
PRIOR_0002069,LHVAPGD,-0.6645994,producible_prior,-3.2149782,-2.3886328,-3.2149782,True,False,False,-0.769888015,2.5503787498840333,1.7240332239944456,False,point_median
PRIOR_0002070,DHSVRPR,-0.025264978,producible_prior,-2.5756438,-1.7492982,-2.5756438,True,False,False,-0.769888015,2.5503787498840333,1.7240332239944456,False,point_median
PRIOR_0002071,VANHINM,-0.47189283,producible_prior,-3.0222716,-2.1959262,-3.0222716,True,False,False,-0.769888015,2.5503787498840333,1.7240332239944456,False,point_median
PRIOR_0002072,QPYMGRK,-0.49075198,producible_prior,-3.0411308,-2.214785,-3.0411308,True,False,False,-0.769888015,2.5503787498840333,1.7240332239944456,False,point_median
PRIOR_0002073,KFSNANI,0.16176033,producible_prior,-2.3886185,-1.5622729,-2.3886185,True,False,False,-0.769888015,2.5503787498840333,1.7240332239944456,False,point_median
PRIOR_0002074,DIENKVP,-0.42883205,producible_prior,-2.9792109,-2.1528654,-2.9792109,True,False,False,-0.769888015,2.5503787498840333,1.7240332239944456,False,point_median
PRIOR_0002075,AIIKGHA,0.16039228,producible_prior,-2.3899865,-1.563641,-2.3899865,True,False,False,-0.769888015,2.5503787498840333,1.7240332239944456,False,point_median
PRIOR_0002076,KNKCRGG,-0.10926986,producible_prior,-2.6596487,-1.8333031,-2.6596487,True,False,False,-0.769888015,2.5503787498840333,1.7240332239944456,False,point_median
PRIOR_0002077,GNMKGMA,0.5697088,producible_prior,-1.98067,-1.1543244,-1.98067,True,False,False,-0.769888015,2.5503787498840333,1.7240332239944456,False,point_median
PRIOR_0002078,WKHYNPG,-0.24416327,producible_prior,-2.794542,-1.9681965,-2.794542,True,False,False,-0.769888015,2.5503787498840333,1.7240332239944456,False,point_median
PRIOR_0002079,PTKPGRY,0.36226773,producible_prior,-2.188111,-1.3617655,-2.188111,True,False,False,-0.769888015,2.5503787498840333,1.7240332239944456,False,point_median
PRIOR_0002080,RMPKMGH,0.8448577,producible_prior,-1.7055211,-0.87917554,-1.7055211,True,False,False,-0.769888015,2.5503787498840333,1.7240332239944456,False,point_median
PRIOR_0002081,MEVGRAI,-0.44504452,producible_prior,-2.9954233,-2.1690779,-2.9954233,True,False,False,-0.769888015,2.5503787498840333,1.7240332239944456,False,point_median
PRIOR_0002082,ANFNRDA,-0.41621447,producible_prior,-2.9665933,-2.1402478,-2.9665933,True,False,False,-0.769888015,2.5503787498840333,1.7240332239944456,False,point_median
PRIOR_0002083,HTHRAGM,0.6034663,producible_prior,-1.9469125,-1.120567,-1.9469125,True,False,False,-0.769888015,2.5503787498840333,1.7240332239944456,False,point_median
PRIOR_0002084,FKNRNKR,2.3285408,producible_prior,-0.221838,0.60450757,-0.221838,True,True,True,-0.769888015,2.5503787498840333,1.7240332239944456,False,point_median
PRIOR_0002085,SRGARRG,2.66467,producible_prior,0.11429119,0.94063675,0.11429119,True,True,True,-0.769888015,2.5503787498840333,1.7240332239944456,False,point_median
PRIOR_0002086,RMRGHII,0.52406406,producible_prior,-2.0263147,-1.1999692,-2.0263147,True,False,False,-0.769888015,2.5503787498840333,1.7240332239944456,False,point_median
PRIOR_0002087,ISGTQAQ,-0.544132,producible_prior,-3.0945108,-2.268165,-3.0945108,True,False,False,-0.769888015,2.5503787498840333,1.7240332239944456,False,point_median
PRIOR_0002088,VADSGPE,-0.09510946,producible_prior,-2.6454883,-1.8191427,-2.6454883,True,False,False,-0.769888015,2.5503787498840333,1.7240332239944456,False,point_median
PRIOR_0002089,KFKHAKA,2.3381643,producible_prior,-0.21221447,0.6141311,-0.21221447,True,True,True,-0.769888015,2.5503787498840333,1.7240332239944456,False,point_median
PRIOR_0002090,ERHEPKR,0.5471165,producible_prior,-2.0032623,-1.1769167,-2.0032623,True,False,False,-0.769888015,2.5503787498840333,1.7240332239944456,False,point_median
PRIOR_0002091,KLKIMRF,0.18453002,producible_prior,-2.3658488,-1.5395032,-2.3658488,True,False,False,-0.769888015,2.5503787498840333,1.7240332239944456,False,point_median
PRIOR_0002092,RVAVQNR,0.5181222,producible_prior,-2.0322566,-1.205911,-2.0322566,True,False,False,-0.769888015,2.5503787498840333,1.7240332239944456,False,point_median
PRIOR_0002093,IRMVKIK,0.46387458,producible_prior,-2.0865042,-1.2601587,-2.0865042,True,False,False,-0.769888015,2.5503787498840333,1.7240332239944456,False,point_median
PRIOR_0002094,PREVSSL,-0.4368186,producible_prior,-2.9871974,-2.160852,-2.9871974,True,False,False,-0.769888015,2.5503787498840333,1.7240332239944456,False,point_median
PRIOR_0002095,HALQGQR,-0.22227287,producible_prior,-2.7726517,-1.9463061,-2.7726517,True,False,False,-0.769888015,2.5503787498840333,1.7240332239944456,False,point_median
PRIOR_0002096,SIQSSGE,0.2079091,producible_prior,-2.3424697,-1.5161241,-2.3424697,True,False,False,-0.769888015,2.5503787498840333,1.7240332239944456,False,point_median
PRIOR_0002097,IKTKMEY,0.33608508,producible_prior,-2.2142937,-1.3879482,-2.2142937,True,False,False,-0.769888015,2.5503787498840333,1.7240332239944456,False,point_median
PRIOR_0002098,TKNHMAY,0.13505292,producible_prior,-2.4153259,-1.5889803,-2.4153259,True,False,False,-0.769888015,2.5503787498840333,1.7240332239944456,False,point_median
PRIOR_0002099,AADISKK,0.23023415,producible_prior,-2.3201447,-1.4937991,-2.3201447,True,False,False,-0.769888015,2.5503787498840333,1.7240332239944456,False,point_median
PRIOR_0002100,EKRSHFK,0.3013878,producible_prior,-2.248991,-1.4226454,-2.248991,True,False,False,-0.769888015,2.5503787498840333,1.7240332239944456,False,point_median
PRIOR_0002101,FNKAIKS,1.2659249,producible_prior,-1.2844539,-0.4581083,-1.2844539,True,True,False,-0.769888015,2.5503787498840333,1.7240332239944456,False,point_median
PRIOR_0002102,IQSLFKG,-0.43479955,producible_prior,-2.9851785,-2.1588328,-2.9851785,True,False,False,-0.769888015,2.5503787498840333,1.7240332239944456,False,point_median
PRIOR_0002103,YKHATND,0.90224195,producible_prior,-1.6481369,-0.8217913,-1.6481369,True,False,False,-0.769888015,2.5503787498840333,1.7240332239944456,False,point_median
PRIOR_0002104,MIGQTHA,0.27610826,producible_prior,-2.2742705,-1.447925,-2.2742705,True,False,False,-0.769888015,2.5503787498840333,1.7240332239944456,False,point_median
PRIOR_0002105,WRHLGIK,-0.33014846,producible_prior,-2.8805273,-2.0541816,-2.8805273,True,False,False,-0.769888015,2.5503787498840333,1.7240332239944456,False,point_median
PRIOR_0002106,QERGNVQ,-0.38202178,producible_prior,-2.9324007,-2.106055,-2.9324007,True,False,False,-0.769888015,2.5503787498840333,1.7240332239944456,False,point_median
PRIOR_0002107,TIDGAKH,0.39943552,producible_prior,-2.1509433,-1.3245977,-2.1509433,True,False,False,-0.769888015,2.5503787498840333,1.7240332239944456,False,point_median
PRIOR_0002108,ASSLSHR,-0.5149071,producible_prior,-3.065286,-2.2389402,-3.065286,True,False,False,-0.769888015,2.5503787498840333,1.7240332239944456,False,point_median
PRIOR_0002109,ETHNNDS,-0.6792327,producible_prior,-3.2296114,-2.403266,-3.2296114,True,False,False,-0.769888015,2.5503787498840333,1.7240332239944456,False,point_median
PRIOR_0002110,SHIQHTA,-0.42844796,producible_prior,-2.9788268,-2.152481,-2.9788268,True,False,False,-0.769888015,2.5503787498840333,1.7240332239944456,False,point_median
PRIOR_0002111,SYGGHDK,-0.23981237,producible_prior,-2.7901912,-1.9638456,-2.7901912,True,False,False,-0.769888015,2.5503787498840333,1.7240332239944456,False,point_median
PRIOR_0002112,MRSVAMR,0.44116974,producible_prior,-2.109209,-1.2828635,-2.109209,True,False,False,-0.769888015,2.5503787498840333,1.7240332239944456,False,point_median
PRIOR_0002113,VVPHTGH,0.058822393,producible_prior,-2.4915564,-1.6652108,-2.4915564,True,False,False,-0.769888015,2.5503787498840333,1.7240332239944456,False,point_median
PRIOR_0002114,NVNATDP,0.08602548,producible_prior,-2.4643533,-1.6380078,-2.4643533,True,False,False,-0.769888015,2.5503787498840333,1.7240332239944456,False,point_median
PRIOR_0002115,RKNSASC,0.2089858,producible_prior,-2.341393,-1.5150474,-2.341393,True,False,False,-0.769888015,2.5503787498840333,1.7240332239944456,False,point_median
PRIOR_0002116,HHMNTNS,-0.41717136,producible_prior,-2.9675503,-2.1412046,-2.9675503,True,False,False,-0.769888015,2.5503787498840333,1.7240332239944456,False,point_median
PRIOR_0002117,AAAVLLG,-0.6385101,producible_prior,-3.188889,-2.3625433,-3.188889,True,False,False,-0.769888015,2.5503787498840333,1.7240332239944456,False,point_median
PRIOR_0002118,GIGTVPG,0.38995075,producible_prior,-2.160428,-1.3340825,-2.160428,True,False,False,-0.769888015,2.5503787498840333,1.7240332239944456,False,point_median
PRIOR_0002119,GHKKYLS,0.53951764,producible_prior,-2.0108612,-1.1845156,-2.0108612,True,False,False,-0.769888015,2.5503787498840333,1.7240332239944456,False,point_median
PRIOR_0002120,EHGRNSS,0.46541166,producible_prior,-2.0849671,-1.2586216,-2.0849671,True,False,False,-0.769888015,2.5503787498840333,1.7240332239944456,False,point_median
PRIOR_0002121,KSGHLST,0.29920316,producible_prior,-2.2511756,-1.4248301,-2.2511756,True,False,False,-0.769888015,2.5503787498840333,1.7240332239944456,False,point_median
PRIOR_0002122,RVDPFKV,-0.41384864,producible_prior,-2.9642274,-2.1378818,-2.9642274,True,False,False,-0.769888015,2.5503787498840333,1.7240332239944456,False,point_median
PRIOR_0002123,TEARSEN,-0.32955873,producible_prior,-2.8799376,-2.053592,-2.8799376,True,False,False,-0.769888015,2.5503787498840333,1.7240332239944456,False,point_median
PRIOR_0002124,IRAWIRA,-0.58822787,producible_prior,-3.1386065,-2.312261,-3.1386065,True,False,False,-0.769888015,2.5503787498840333,1.7240332239944456,False,point_median
PRIOR_0002125,RPRAVIQ,0.098552704,producible_prior,-2.451826,-1.6254805,-2.451826,True,False,False,-0.769888015,2.5503787498840333,1.7240332239944456,False,point_median
PRIOR_0002126,TTINTHE,-0.48858857,producible_prior,-3.0389674,-2.2126217,-3.0389674,True,False,False,-0.769888015,2.5503787498840333,1.7240332239944456,False,point_median
PRIOR_0002127,ALKGVTP,0.9333112,producible_prior,-1.6170676,-0.790722,-1.6170676,True,False,False,-0.769888015,2.5503787498840333,1.7240332239944456,False,point_median
PRIOR_0002128,STRPPNT,0.1657381,producible_prior,-2.3846407,-1.5582951,-2.3846407,True,False,False,-0.769888015,2.5503787498840333,1.7240332239944456,False,point_median
PRIOR_0002129,NNDKHID,-0.12364626,producible_prior,-2.674025,-1.8476795,-2.674025,True,False,False,-0.769888015,2.5503787498840333,1.7240332239944456,False,point_median
PRIOR_0002130,QPNIKFI,-0.6234448,producible_prior,-3.1738236,-2.347478,-3.1738236,True,False,False,-0.769888015,2.5503787498840333,1.7240332239944456,False,point_median
PRIOR_0002131,QRPRNPF,0.7571049,producible_prior,-1.7932739,-0.96692836,-1.7932739,True,False,False,-0.769888015,2.5503787498840333,1.7240332239944456,False,point_median
PRIOR_0002132,EAAHQQM,-0.67374444,producible_prior,-3.2241232,-2.3977776,-3.2241232,True,False,False,-0.769888015,2.5503787498840333,1.7240332239944456,False,point_median
PRIOR_0002133,KFYATPA,-0.45431137,producible_prior,-3.0046902,-2.1783447,-3.0046902,True,False,False,-0.769888015,2.5503787498840333,1.7240332239944456,False,point_median
PRIOR_0002134,QAKKAFK,1.3154647,producible_prior,-1.2349141,-0.4085685,-1.2349141,True,True,False,-0.769888015,2.5503787498840333,1.7240332239944456,False,point_median
PRIOR_0002135,LKVNLGH,-0.1413362,producible_prior,-2.691715,-1.8653694,-2.691715,True,False,False,-0.769888015,2.5503787498840333,1.7240332239944456,False,point_median
PRIOR_0002136,REGQPVD,0.08358383,producible_prior,-2.466795,-1.6404494,-2.466795,True,False,False,-0.769888015,2.5503787498840333,1.7240332239944456,False,point_median
PRIOR_0002137,QNRFIGR,-0.2779038,producible_prior,-2.8282826,-2.001937,-2.8282826,True,False,False,-0.769888015,2.5503787498840333,1.7240332239944456,False,point_median
PRIOR_0002138,SMPAMQS,-0.23775005,producible_prior,-2.7881289,-1.9617833,-2.7881289,True,False,False,-0.769888015,2.5503787498840333,1.7240332239944456,False,point_median
PRIOR_0002139,KMHDTGH,0.033857107,producible_prior,-2.5165217,-1.6901761,-2.5165217,True,False,False,-0.769888015,2.5503787498840333,1.7240332239944456,False,point_median
PRIOR_0002140,IALRQRY,-0.566118,producible_prior,-3.1164968,-2.2901511,-3.1164968,True,False,False,-0.769888015,2.5503787498840333,1.7240332239944456,False,point_median
PRIOR_0002141,QWNSPKI,-0.6237297,producible_prior,-3.1741085,-2.347763,-3.1741085,True,False,False,-0.769888015,2.5503787498840333,1.7240332239944456,False,point_median
PRIOR_0002142,QINAKIM,0.035624266,producible_prior,-2.5147545,-1.688409,-2.5147545,True,False,False,-0.769888015,2.5503787498840333,1.7240332239944456,False,point_median
PRIOR_0002143,KITIREH,0.021790504,producible_prior,-2.5285883,-1.7022427,-2.5285883,True,False,False,-0.769888015,2.5503787498840333,1.7240332239944456,False,point_median
PRIOR_0002144,KPHMGRW,-0.42515945,producible_prior,-2.9755383,-2.1491928,-2.9755383,True,False,False,-0.769888015,2.5503787498840333,1.7240332239944456,False,point_median
PRIOR_0002145,KTPIRGW,-0.5024086,producible_prior,-3.0527873,-2.2264419,-3.0527873,True,False,False,-0.769888015,2.5503787498840333,1.7240332239944456,False,point_median
PRIOR_0002146,NHVDRNG,0.13166738,producible_prior,-2.4187114,-1.5923659,-2.4187114,True,False,False,-0.769888015,2.5503787498840333,1.7240332239944456,False,point_median
PRIOR_0002147,ENTGYKS,-0.41006827,producible_prior,-2.960447,-2.1341014,-2.960447,True,False,False,-0.769888015,2.5503787498840333,1.7240332239944456,False,point_median
PRIOR_0002148,RTRKQKI,2.7237425,producible_prior,0.17336369,0.99970925,0.17336369,True,True,True,-0.769888015,2.5503787498840333,1.7240332239944456,False,point_median
PRIOR_0002149,VYSRVSH,-0.47966206,producible_prior,-3.0300407,-2.2036953,-3.0300407,True,False,False,-0.769888015,2.5503787498840333,1.7240332239944456,False,point_median
PRIOR_0002150,GPIVEKR,-0.106705666,producible_prior,-2.6570845,-1.8307389,-2.6570845,True,False,False,-0.769888015,2.5503787498840333,1.7240332239944456,False,point_median
PRIOR_0002151,HHEFKQH,-0.68748534,producible_prior,-3.237864,-2.4115186,-3.237864,True,False,False,-0.769888015,2.5503787498840333,1.7240332239944456,False,point_median
PRIOR_0002152,FNKENNM,0.016786337,producible_prior,-2.5335925,-1.7072469,-2.5335925,True,False,False,-0.769888015,2.5503787498840333,1.7240332239944456,False,point_median
PRIOR_0002153,KQVEVHD,-0.689806,producible_prior,-3.2401848,-2.4138393,-3.2401848,True,False,False,-0.769888015,2.5503787498840333,1.7240332239944456,False,point_median
PRIOR_0002154,NWARPTR,-0.6764611,producible_prior,-3.22684,-2.4004943,-3.22684,True,False,False,-0.769888015,2.5503787498840333,1.7240332239944456,False,point_median
PRIOR_0002155,HRQSPTH,0.623523,producible_prior,-1.9268558,-1.1005102,-1.9268558,True,False,False,-0.769888015,2.5503787498840333,1.7240332239944456,False,point_median
PRIOR_0002156,DEHTPKR,-0.11753082,producible_prior,-2.6679096,-1.841564,-2.6679096,True,False,False,-0.769888015,2.5503787498840333,1.7240332239944456,False,point_median
PRIOR_0002157,SQRYQSG,0.19972992,producible_prior,-2.3506489,-1.5243033,-2.3506489,True,False,False,-0.769888015,2.5503787498840333,1.7240332239944456,False,point_median
PRIOR_0002158,IARPQPF,-0.1784532,producible_prior,-2.728832,-1.9024864,-2.728832,True,False,False,-0.769888015,2.5503787498840333,1.7240332239944456,False,point_median
PRIOR_0002159,SFSRADS,0.062134743,producible_prior,-2.488244,-1.6618985,-2.488244,True,False,False,-0.769888015,2.5503787498840333,1.7240332239944456,False,point_median
PRIOR_0002160,MQGTGAV,0.4434266,producible_prior,-2.1069522,-1.2806066,-2.1069522,True,False,False,-0.769888015,2.5503787498840333,1.7240332239944456,False,point_median
PRIOR_0002161,TKVRLLP,0.52431965,producible_prior,-2.0260592,-1.1997136,-2.0260592,True,False,False,-0.769888015,2.5503787498840333,1.7240332239944456,False,point_median
PRIOR_0002162,MPNYRRT,-0.27754593,producible_prior,-2.8279247,-2.0015793,-2.8279247,True,False,False,-0.769888015,2.5503787498840333,1.7240332239944456,False,point_median
PRIOR_0002163,TRHSIIM,-0.022664309,producible_prior,-2.573043,-1.7466975,-2.573043,True,False,False,-0.769888015,2.5503787498840333,1.7240332239944456,False,point_median
PRIOR_0002164,YGRAGKL,1.3718092,producible_prior,-1.1785696,-0.352224,-1.1785696,True,True,False,-0.769888015,2.5503787498840333,1.7240332239944456,False,point_median
PRIOR_0002165,QGKLKEY,0.34380627,producible_prior,-2.2065725,-1.380227,-2.2065725,True,False,False,-0.769888015,2.5503787498840333,1.7240332239944456,False,point_median
PRIOR_0002166,HHSVDPS,-0.5571828,producible_prior,-3.1075616,-2.2812161,-3.1075616,True,False,False,-0.769888015,2.5503787498840333,1.7240332239944456,False,point_median
PRIOR_0002167,RGPWIKH,-0.44110394,producible_prior,-2.9914827,-2.1651373,-2.9914827,True,False,False,-0.769888015,2.5503787498840333,1.7240332239944456,False,point_median
PRIOR_0002168,SISQYSK,-0.75471747,producible_prior,-3.3050961,-2.4787507,-3.3050961,True,False,False,-0.769888015,2.5503787498840333,1.7240332239944456,False,point_median
PRIOR_0002169,FKAHSIR,0.4949298,producible_prior,-2.055449,-1.2291034,-2.055449,True,False,False,-0.769888015,2.5503787498840333,1.7240332239944456,False,point_median
PRIOR_0002170,AKTVSMY,-0.43327332,producible_prior,-2.983652,-2.1573067,-2.983652,True,False,False,-0.769888015,2.5503787498840333,1.7240332239944456,False,point_median
PRIOR_0002171,MQPTSLG,0.26617336,producible_prior,-2.2842054,-1.4578599,-2.2842054,True,False,False,-0.769888015,2.5503787498840333,1.7240332239944456,False,point_median
PRIOR_0002172,KHFTTNE,-0.12520647,producible_prior,-2.6755853,-1.8492397,-2.6755853,True,False,False,-0.769888015,2.5503787498840333,1.7240332239944456,False,point_median
PRIOR_0002173,EGTGGRK,0.9852524,producible_prior,-1.5651264,-0.73878086,-1.5651264,True,True,False,-0.769888015,2.5503787498840333,1.7240332239944456,False,point_median
PRIOR_0002174,LRLRHNP,0.5100298,producible_prior,-2.040349,-1.2140034,-2.040349,True,False,False,-0.769888015,2.5503787498840333,1.7240332239944456,False,point_median
PRIOR_0002175,MRRKVMK,1.9732428,producible_prior,-0.57713604,0.24920952,-0.57713604,True,True,True,-0.769888015,2.5503787498840333,1.7240332239944456,False,point_median
PRIOR_0002176,PSSALVK,-0.4184084,producible_prior,-2.9687872,-2.1424417,-2.9687872,True,False,False,-0.769888015,2.5503787498840333,1.7240332239944456,False,point_median
PRIOR_0002177,EERKRIY,-0.37684226,producible_prior,-2.927221,-2.1008754,-2.927221,True,False,False,-0.769888015,2.5503787498840333,1.7240332239944456,False,point_median
PRIOR_0002178,DSMKKKH,0.86026573,producible_prior,-1.6901131,-0.8637675,-1.6901131,True,False,False,-0.769888015,2.5503787498840333,1.7240332239944456,False,point_median
PRIOR_0002179,VNVHHDA,-0.46908748,producible_prior,-3.0194664,-2.1931207,-3.0194664,True,False,False,-0.769888015,2.5503787498840333,1.7240332239944456,False,point_median
PRIOR_0002180,WVRPVQI,-0.54047143,producible_prior,-3.0908504,-2.2645047,-3.0908504,True,False,False,-0.769888015,2.5503787498840333,1.7240332239944456,False,point_median
PRIOR_0002181,PGSTTHG,0.6610408,producible_prior,-1.889338,-1.0629925,-1.889338,True,False,False,-0.769888015,2.5503787498840333,1.7240332239944456,False,point_median
PRIOR_0002182,NQRQSFA,0.2337606,producible_prior,-2.3166182,-1.4902726,-2.3166182,True,False,False,-0.769888015,2.5503787498840333,1.7240332239944456,False,point_median
PRIOR_0002183,PARMSLA,-0.22617602,producible_prior,-2.7765548,-1.9502093,-2.7765548,True,False,False,-0.769888015,2.5503787498840333,1.7240332239944456,False,point_median
PRIOR_0002184,RLHQQIK,0.5037658,producible_prior,-2.046613,-1.2202674,-2.046613,True,False,False,-0.769888015,2.5503787498840333,1.7240332239944456,False,point_median
PRIOR_0002185,DAGKMLA,0.13289452,producible_prior,-2.4174843,-1.5911387,-2.4174843,True,False,False,-0.769888015,2.5503787498840333,1.7240332239944456,False,point_median
PRIOR_0002186,GEQTMKP,0.34224367,producible_prior,-2.2081351,-1.3817896,-2.2081351,True,False,False,-0.769888015,2.5503787498840333,1.7240332239944456,False,point_median
PRIOR_0002187,RHVISEG,0.12894559,producible_prior,-2.4214332,-1.5950876,-2.4214332,True,False,False,-0.769888015,2.5503787498840333,1.7240332239944456,False,point_median
PRIOR_0002188,FPTNGPV,0.076982975,producible_prior,-2.4733958,-1.6470503,-2.4733958,True,False,False,-0.769888015,2.5503787498840333,1.7240332239944456,False,point_median
PRIOR_0002189,NAPHRFR,-0.013099194,producible_prior,-2.563478,-1.7371324,-2.563478,True,False,False,-0.769888015,2.5503787498840333,1.7240332239944456,False,point_median
PRIOR_0002190,NWNNRHP,-0.40222013,producible_prior,-2.952599,-2.1262534,-2.952599,True,False,False,-0.769888015,2.5503787498840333,1.7240332239944456,False,point_median
PRIOR_0002191,KKDGRII,1.3584943,producible_prior,-1.1918845,-0.36553895,-1.1918845,True,True,False,-0.769888015,2.5503787498840333,1.7240332239944456,False,point_median
PRIOR_0002192,FAMKVPV,-0.45100677,producible_prior,-3.0013857,-2.17504,-3.0013857,True,False,False,-0.769888015,2.5503787498840333,1.7240332239944456,False,point_median
PRIOR_0002193,KAFNSMS,-0.23431754,producible_prior,-2.7846963,-1.9583508,-2.7846963,True,False,False,-0.769888015,2.5503787498840333,1.7240332239944456,False,point_median
PRIOR_0002194,QYYTPKG,-0.5943378,producible_prior,-3.1447167,-2.318371,-3.1447167,True,False,False,-0.769888015,2.5503787498840333,1.7240332239944456,False,point_median
PRIOR_0002195,PDRPSKM,0.36418295,producible_prior,-2.1861959,-1.3598503,-2.1861959,True,False,False,-0.769888015,2.5503787498840333,1.7240332239944456,False,point_median
PRIOR_0002196,IMRAHEA,0.4266882,producible_prior,-2.1236906,-1.297345,-2.1236906,True,False,False,-0.769888015,2.5503787498840333,1.7240332239944456,False,point_median
PRIOR_0002197,AYKKPFI,-0.49920154,producible_prior,-3.0495803,-2.2232347,-3.0495803,True,False,False,-0.769888015,2.5503787498840333,1.7240332239944456,False,point_median
PRIOR_0002198,FGSTGAK,0.7018082,producible_prior,-1.8485706,-1.022225,-1.8485706,True,False,False,-0.769888015,2.5503787498840333,1.7240332239944456,False,point_median
PRIOR_0002199,DMRNQRF,-0.43004513,producible_prior,-2.980424,-2.1540785,-2.980424,True,False,False,-0.769888015,2.5503787498840333,1.7240332239944456,False,point_median
PRIOR_0002200,WPTLREP,-0.5573571,producible_prior,-3.1077359,-2.2813902,-3.1077359,True,False,False,-0.769888015,2.5503787498840333,1.7240332239944456,False,point_median
PRIOR_0002201,QQMKSIK,0.1793871,producible_prior,-2.3709917,-1.5446461,-2.3709917,True,False,False,-0.769888015,2.5503787498840333,1.7240332239944456,False,point_median
PRIOR_0002202,IMHAVNI,-0.7039794,producible_prior,-3.2543583,-2.4280126,-3.2543583,True,False,False,-0.769888015,2.5503787498840333,1.7240332239944456,False,point_median
PRIOR_0002203,VSGEVTH,-0.65437114,producible_prior,-3.20475,-2.3784044,-3.20475,True,False,False,-0.769888015,2.5503787498840333,1.7240332239944456,False,point_median
PRIOR_0002204,KDKRCQK,-0.19482136,producible_prior,-2.7452002,-1.9188546,-2.7452002,True,False,False,-0.769888015,2.5503787498840333,1.7240332239944456,False,point_median
PRIOR_0002205,TVGGTKF,0.7840755,producible_prior,-1.7663033,-0.93995774,-1.7663033,True,False,False,-0.769888015,2.5503787498840333,1.7240332239944456,False,point_median
PRIOR_0002206,GNKQPSE,1.2607546,producible_prior,-1.2896242,-0.46327865,-1.2896242,True,True,False,-0.769888015,2.5503787498840333,1.7240332239944456,False,point_median
PRIOR_0002207,WPKNDLH,-0.72387445,producible_prior,-3.2742534,-2.4479077,-3.2742534,True,False,False,-0.769888015,2.5503787498840333,1.7240332239944456,False,point_median
PRIOR_0002208,DQANRMT,-0.69768953,producible_prior,-3.2480683,-2.421723,-3.2480683,True,False,False,-0.769888015,2.5503787498840333,1.7240332239944456,False,point_median
PRIOR_0002209,MIHMSTS,-0.75078356,producible_prior,-3.3011622,-2.4748168,-3.3011622,True,False,False,-0.769888015,2.5503787498840333,1.7240332239944456,False,point_median
PRIOR_0002210,QTPANEP,0.3340559,producible_prior,-2.216323,-1.3899773,-2.216323,True,False,False,-0.769888015,2.5503787498840333,1.7240332239944456,False,point_median
PRIOR_0002211,FTRAARD,0.78806853,producible_prior,-1.7623103,-0.9359647,-1.7623103,True,False,False,-0.769888015,2.5503787498840333,1.7240332239944456,False,point_median
PRIOR_0002212,NTGQVGT,-0.11088467,producible_prior,-2.6612635,-1.8349179,-2.6612635,True,False,False,-0.769888015,2.5503787498840333,1.7240332239944456,False,point_median
PRIOR_0002213,AASEDTP,-0.7635093,producible_prior,-3.313888,-2.4875426,-3.313888,True,False,False,-0.769888015,2.5503787498840333,1.7240332239944456,False,point_median
PRIOR_0002214,PNSKFDE,-0.5914135,producible_prior,-3.1417923,-2.3154469,-3.1417923,True,False,False,-0.769888015,2.5503787498840333,1.7240332239944456,False,point_median
PRIOR_0002215,WDDGGRG,-0.05049324,producible_prior,-2.600872,-1.7745265,-2.600872,True,False,False,-0.769888015,2.5503787498840333,1.7240332239944456,False,point_median
PRIOR_0002216,DFRNNMK,-0.34961033,producible_prior,-2.8999891,-2.0736437,-2.8999891,True,False,False,-0.769888015,2.5503787498840333,1.7240332239944456,False,point_median
PRIOR_0002217,NMKNKDV,1.1088531,producible_prior,-1.4415257,-0.61518013,-1.4415257,True,True,False,-0.769888015,2.5503787498840333,1.7240332239944456,False,point_median
PRIOR_0002218,RHVHENL,-0.59766555,producible_prior,-3.1480443,-2.3216987,-3.1480443,True,False,False,-0.769888015,2.5503787498840333,1.7240332239944456,False,point_median
PRIOR_0002219,KEDPKMT,-0.21279383,producible_prior,-2.7631726,-1.9368271,-2.7631726,True,False,False,-0.769888015,2.5503787498840333,1.7240332239944456,False,point_median
PRIOR_0002220,GKFIHQA,-0.09348822,producible_prior,-2.643867,-1.8175215,-2.643867,True,False,False,-0.769888015,2.5503787498840333,1.7240332239944456,False,point_median
PRIOR_0002221,RASPDRR,0.75940704,producible_prior,-1.7909718,-0.9646262,-1.7909718,True,False,False,-0.769888015,2.5503787498840333,1.7240332239944456,False,point_median
PRIOR_0002222,LPDRLET,-0.756632,producible_prior,-3.3070107,-2.4806652,-3.3070107,True,False,False,-0.769888015,2.5503787498840333,1.7240332239944456,False,point_median
PRIOR_0002223,NERKHGA,1.4953947,producible_prior,-1.0549841,-0.22863853,-1.0549841,True,True,False,-0.769888015,2.5503787498840333,1.7240332239944456,False,point_median
PRIOR_0002224,EKKQQMM,0.6307168,producible_prior,-1.919662,-1.0933164,-1.919662,True,False,False,-0.769888015,2.5503787498840333,1.7240332239944456,False,point_median
PRIOR_0002225,KQKRMGD,1.8385105,producible_prior,-0.7118683,0.11447728,-0.7118683,True,True,True,-0.769888015,2.5503787498840333,1.7240332239944456,False,point_median
PRIOR_0002226,AQQAVRA,0.640954,producible_prior,-1.9094248,-1.0830792,-1.9094248,True,False,False,-0.769888015,2.5503787498840333,1.7240332239944456,False,point_median
PRIOR_0002227,IAHYRQT,-0.7156451,producible_prior,-3.2660239,-2.4396782,-3.2660239,True,False,False,-0.769888015,2.5503787498840333,1.7240332239944456,False,point_median
PRIOR_0002228,QSTNSNS,0.38129282,producible_prior,-2.169086,-1.3427404,-2.169086,True,False,False,-0.769888015,2.5503787498840333,1.7240332239944456,False,point_median
PRIOR_0002229,GIPGAHQ,-0.54915,producible_prior,-3.0995288,-2.2731833,-3.0995288,True,False,False,-0.769888015,2.5503787498840333,1.7240332239944456,False,point_median
PRIOR_0002230,IYPTNGV,-0.56353736,producible_prior,-3.1139162,-2.2875705,-3.1139162,True,False,False,-0.769888015,2.5503787498840333,1.7240332239944456,False,point_median
PRIOR_0002231,FNSGHDA,0.15767574,producible_prior,-2.392703,-1.5663575,-2.392703,True,False,False,-0.769888015,2.5503787498840333,1.7240332239944456,False,point_median
PRIOR_0002232,LHTFQKG,0.2303195,producible_prior,-2.3200593,-1.4937137,-2.3200593,True,False,False,-0.769888015,2.5503787498840333,1.7240332239944456,False,point_median
PRIOR_0002233,CRHIMRK,-0.33628368,producible_prior,-2.8866625,-2.060317,-2.8866625,True,False,False,-0.769888015,2.5503787498840333,1.7240332239944456,False,point_median
PRIOR_0002234,HIKNETF,-0.41052532,producible_prior,-2.9609041,-2.1345587,-2.9609041,True,False,False,-0.769888015,2.5503787498840333,1.7240332239944456,False,point_median
PRIOR_0002235,TYKKYPM,-0.26853263,producible_prior,-2.8189116,-1.9925659,-2.8189116,True,False,False,-0.769888015,2.5503787498840333,1.7240332239944456,False,point_median
PRIOR_0002236,HGKMRKE,1.8183923,producible_prior,-0.7319865,0.09435904,-0.7319865,True,True,True,-0.769888015,2.5503787498840333,1.7240332239944456,False,point_median
PRIOR_0002237,TYKRCKV,-0.70886016,producible_prior,-3.259239,-2.4328933,-3.259239,True,False,False,-0.769888015,2.5503787498840333,1.7240332239944456,False,point_median
PRIOR_0002238,KARWTED,-0.36579704,producible_prior,-2.9161758,-2.0898304,-2.9161758,True,False,False,-0.769888015,2.5503787498840333,1.7240332239944456,False,point_median
PRIOR_0002239,LLARKWG,-0.7235739,producible_prior,-3.2739527,-2.447607,-3.2739527,True,False,False,-0.769888015,2.5503787498840333,1.7240332239944456,False,point_median
PRIOR_0002240,DYHMKRS,-0.57991385,producible_prior,-3.1302927,-2.303947,-3.1302927,True,False,False,-0.769888015,2.5503787498840333,1.7240332239944456,False,point_median
PRIOR_0002241,FAKTDVK,0.24857616,producible_prior,-2.3018026,-1.4754571,-2.3018026,True,False,False,-0.769888015,2.5503787498840333,1.7240332239944456,False,point_median
PRIOR_0002242,MRNEKVQ,0.09852433,producible_prior,-2.4518545,-1.6255089,-2.4518545,True,False,False,-0.769888015,2.5503787498840333,1.7240332239944456,False,point_median
PRIOR_0002243,TVPSNTH,0.1420269,producible_prior,-2.408352,-1.5820063,-2.408352,True,False,False,-0.769888015,2.5503787498840333,1.7240332239944456,False,point_median
PRIOR_0002244,LGYTQKT,-0.42693388,producible_prior,-2.9773126,-2.1509671,-2.9773126,True,False,False,-0.769888015,2.5503787498840333,1.7240332239944456,False,point_median
PRIOR_0002245,WAGASKK,1.0322301,producible_prior,-1.5181487,-0.6918031,-1.5181487,True,True,False,-0.769888015,2.5503787498840333,1.7240332239944456,False,point_median
PRIOR_0002246,VRYATTE,-0.15002942,producible_prior,-2.7004082,-1.8740627,-2.7004082,True,False,False,-0.769888015,2.5503787498840333,1.7240332239944456,False,point_median
PRIOR_0002247,NKHEART,0.8616009,producible_prior,-1.6887779,-0.86243236,-1.6887779,True,False,False,-0.769888015,2.5503787498840333,1.7240332239944456,False,point_median
PRIOR_0002248,KGHNIDT,0.046399355,producible_prior,-2.5039794,-1.6776339,-2.5039794,True,False,False,-0.769888015,2.5503787498840333,1.7240332239944456,False,point_median
PRIOR_0002249,AVGQQRV,0.5575967,producible_prior,-1.9927821,-1.1664366,-1.9927821,True,False,False,-0.769888015,2.5503787498840333,1.7240332239944456,False,point_median
PRIOR_0002250,HFIGQSR,-0.74390304,producible_prior,-3.294282,-2.4679363,-3.294282,True,False,False,-0.769888015,2.5503787498840333,1.7240332239944456,False,point_median
PRIOR_0002251,QIHKSMT,0.17839098,producible_prior,-2.3719878,-1.5456423,-2.3719878,True,False,False,-0.769888015,2.5503787498840333,1.7240332239944456,False,point_median
PRIOR_0002252,LHKQASR,1.125989,producible_prior,-1.4243898,-0.5980443,-1.4243898,True,True,False,-0.769888015,2.5503787498840333,1.7240332239944456,False,point_median
PRIOR_0002253,WRGRVVR,0.73428106,producible_prior,-1.8160977,-0.9897522,-1.8160977,True,False,False,-0.769888015,2.5503787498840333,1.7240332239944456,False,point_median
PRIOR_0002254,QATEHKF,-0.43431795,producible_prior,-2.9846969,-2.1583512,-2.9846969,True,False,False,-0.769888015,2.5503787498840333,1.7240332239944456,False,point_median
PRIOR_0002255,ARGTHYV,-0.29504573,producible_prior,-2.8454247,-2.019079,-2.8454247,True,False,False,-0.769888015,2.5503787498840333,1.7240332239944456,False,point_median
PRIOR_0002256,AEQKTHH,0.13487601,producible_prior,-2.4155028,-1.5891572,-2.4155028,True,False,False,-0.769888015,2.5503787498840333,1.7240332239944456,False,point_median
PRIOR_0002257,WAAQPQR,-0.37681282,producible_prior,-2.9271917,-2.100846,-2.9271917,True,False,False,-0.769888015,2.5503787498840333,1.7240332239944456,False,point_median
PRIOR_0002258,SGTGNGN,0.22128415,producible_prior,-2.3290946,-1.5027491,-2.3290946,True,False,False,-0.769888015,2.5503787498840333,1.7240332239944456,False,point_median
PRIOR_0002259,VWHRKGS,0.40566278,producible_prior,-2.144716,-1.3183705,-2.144716,True,False,False,-0.769888015,2.5503787498840333,1.7240332239944456,False,point_median
PRIOR_0002260,RKRRWFT,-0.11739731,producible_prior,-2.667776,-1.8414305,-2.667776,True,False,False,-0.769888015,2.5503787498840333,1.7240332239944456,False,point_median
PRIOR_0002261,QRVYRSS,-0.15774703,producible_prior,-2.7081258,-1.8817803,-2.7081258,True,False,False,-0.769888015,2.5503787498840333,1.7240332239944456,False,point_median
PRIOR_0002262,PRAYPKG,0.44829512,producible_prior,-2.1020837,-1.2757381,-2.1020837,True,False,False,-0.769888015,2.5503787498840333,1.7240332239944456,False,point_median
PRIOR_0002263,SMARKQH,0.99324894,producible_prior,-1.5571299,-0.7307843,-1.5571299,True,True,False,-0.769888015,2.5503787498840333,1.7240332239944456,False,point_median
PRIOR_0002264,MIKHHRL,0.54845595,producible_prior,-2.0019228,-1.1755773,-2.0019228,True,False,False,-0.769888015,2.5503787498840333,1.7240332239944456,False,point_median
PRIOR_0002265,ERDNKQA,0.9894519,producible_prior,-1.5609269,-0.73458135,-1.5609269,True,True,False,-0.769888015,2.5503787498840333,1.7240332239944456,False,point_median
PRIOR_0002266,QASPNLP,-0.029402971,producible_prior,-2.5797818,-1.7534362,-2.5797818,True,False,False,-0.769888015,2.5503787498840333,1.7240332239944456,False,point_median
PRIOR_0002267,AMSQHKI,0.09473467,producible_prior,-2.4556441,-1.6292986,-2.4556441,True,False,False,-0.769888015,2.5503787498840333,1.7240332239944456,False,point_median
PRIOR_0002268,PGHGMHS,0.11052966,producible_prior,-2.4398491,-1.6135036,-2.4398491,True,False,False,-0.769888015,2.5503787498840333,1.7240332239944456,False,point_median
PRIOR_0002269,STYGIKR,-0.22937632,producible_prior,-2.779755,-1.9534096,-2.779755,True,False,False,-0.769888015,2.5503787498840333,1.7240332239944456,False,point_median
PRIOR_0002270,IASMNSP,-0.2472372,producible_prior,-2.797616,-1.9712704,-2.797616,True,False,False,-0.769888015,2.5503787498840333,1.7240332239944456,False,point_median
PRIOR_0002271,THLKVTF,-0.76379275,producible_prior,-3.3141716,-2.4878259,-3.3141716,True,False,False,-0.769888015,2.5503787498840333,1.7240332239944456,False,point_median
PRIOR_0002272,RMAQKDQ,-0.088418484,producible_prior,-2.6387973,-1.8124517,-2.6387973,True,False,False,-0.769888015,2.5503787498840333,1.7240332239944456,False,point_median
PRIOR_0002273,RYHRPSV,0.53615475,producible_prior,-2.014224,-1.1878785,-2.014224,True,False,False,-0.769888015,2.5503787498840333,1.7240332239944456,False,point_median
PRIOR_0002274,AARKLCP,-0.28291488,producible_prior,-2.8332937,-2.006948,-2.8332937,True,False,False,-0.769888015,2.5503787498840333,1.7240332239944456,False,point_median
PRIOR_0002275,TRGSQMK,1.3233621,producible_prior,-1.2270167,-0.40067112,-1.2270167,True,True,False,-0.769888015,2.5503787498840333,1.7240332239944456,False,point_median
PRIOR_0002276,KKGPIAN,0.8473306,producible_prior,-1.7030482,-0.87670267,-1.7030482,True,False,False,-0.769888015,2.5503787498840333,1.7240332239944456,False,point_median
PRIOR_0002277,PRNATLT,-0.019223213,producible_prior,-2.569602,-1.7432564,-2.569602,True,False,False,-0.769888015,2.5503787498840333,1.7240332239944456,False,point_median
PRIOR_0002278,HRRMRTY,0.37471986,producible_prior,-2.175659,-1.3493134,-2.175659,True,False,False,-0.769888015,2.5503787498840333,1.7240332239944456,False,point_median
PRIOR_0002279,NNQNNSQ,-0.45112884,producible_prior,-3.0015078,-2.175162,-3.0015078,True,False,False,-0.769888015,2.5503787498840333,1.7240332239944456,False,point_median
PRIOR_0002280,QNGDKKK,1.9261112,producible_prior,-0.6242676,0.20207798,-0.6242676,True,True,True,-0.769888015,2.5503787498840333,1.7240332239944456,False,point_median
PRIOR_0002281,AQRWPKP,-0.13743615,producible_prior,-2.687815,-1.8614694,-2.687815,True,False,False,-0.769888015,2.5503787498840333,1.7240332239944456,False,point_median
PRIOR_0002282,FMVKEKM,-0.2357173,producible_prior,-2.786096,-1.9597505,-2.786096,True,False,False,-0.769888015,2.5503787498840333,1.7240332239944456,False,point_median
PRIOR_0002283,IGKLNET,-0.010864735,producible_prior,-2.5612435,-1.734898,-2.5612435,True,False,False,-0.769888015,2.5503787498840333,1.7240332239944456,False,point_median
PRIOR_0002284,LNFKHSP,0.060198784,producible_prior,-2.49018,-1.6638345,-2.49018,True,False,False,-0.769888015,2.5503787498840333,1.7240332239944456,False,point_median
PRIOR_0002285,SGPEVET,-0.7054515,producible_prior,-3.2558303,-2.4294848,-3.2558303,True,False,False,-0.769888015,2.5503787498840333,1.7240332239944456,False,point_median
PRIOR_0002286,YTTVRFK,-0.5567379,producible_prior,-3.1071167,-2.2807713,-3.1071167,True,False,False,-0.769888015,2.5503787498840333,1.7240332239944456,False,point_median
PRIOR_0002287,LRSLNHF,-0.75323856,producible_prior,-3.3036175,-2.4772718,-3.3036175,True,False,False,-0.769888015,2.5503787498840333,1.7240332239944456,False,point_median
PRIOR_0002288,THPSIES,-0.011291504,producible_prior,-2.5616703,-1.7353247,-2.5616703,True,False,False,-0.769888015,2.5503787498840333,1.7240332239944456,False,point_median
PRIOR_0002289,KVHYSLP,-0.57785606,producible_prior,-3.1282349,-2.3018894,-3.1282349,True,False,False,-0.769888015,2.5503787498840333,1.7240332239944456,False,point_median
PRIOR_0002290,IGTIPRV,0.018770695,producible_prior,-2.531608,-1.7052625,-2.531608,True,False,False,-0.769888015,2.5503787498840333,1.7240332239944456,False,point_median
PRIOR_0002291,NFERVMP,-0.7322736,producible_prior,-3.2826524,-2.456307,-3.2826524,True,False,False,-0.769888015,2.5503787498840333,1.7240332239944456,False,point_median
PRIOR_0002292,WVRETQG,0.1989491,producible_prior,-2.3514297,-1.5250841,-2.3514297,True,False,False,-0.769888015,2.5503787498840333,1.7240332239944456,False,point_median
PRIOR_0002293,IRANSHM,0.48751283,producible_prior,-2.062866,-1.2365204,-2.062866,True,False,False,-0.769888015,2.5503787498840333,1.7240332239944456,False,point_median
PRIOR_0002294,ARTQETI,-0.014144659,producible_prior,-2.5645235,-1.7381779,-2.5645235,True,False,False,-0.769888015,2.5503787498840333,1.7240332239944456,False,point_median
PRIOR_0002295,NREMTGT,-0.5644661,producible_prior,-3.1148448,-2.2884994,-3.1148448,True,False,False,-0.769888015,2.5503787498840333,1.7240332239944456,False,point_median
PRIOR_0002296,SNKKWQM,0.13849926,producible_prior,-2.4118795,-1.585534,-2.4118795,True,False,False,-0.769888015,2.5503787498840333,1.7240332239944456,False,point_median
PRIOR_0002297,CSSGKDE,-0.14667487,producible_prior,-2.6970537,-1.8707081,-2.6970537,True,False,False,-0.769888015,2.5503787498840333,1.7240332239944456,False,point_median
PRIOR_0002298,RPLNTTK,0.5481372,producible_prior,-2.0022416,-1.175896,-2.0022416,True,False,False,-0.769888015,2.5503787498840333,1.7240332239944456,False,point_median
PRIOR_0002299,FRGQEES,0.3191166,producible_prior,-2.2312622,-1.4049166,-2.2312622,True,False,False,-0.769888015,2.5503787498840333,1.7240332239944456,False,point_median
PRIOR_0002300,GPDDDKA,-0.100023985,producible_prior,-2.6504028,-1.8240572,-2.6504028,True,False,False,-0.769888015,2.5503787498840333,1.7240332239944456,False,point_median
PRIOR_0002301,PGINTHK,-0.35123587,producible_prior,-2.9016147,-2.0752692,-2.9016147,True,False,False,-0.769888015,2.5503787498840333,1.7240332239944456,False,point_median
PRIOR_0002302,KVGNTAP,1.3138235,producible_prior,-1.2365553,-0.41020977,-1.2365553,True,True,False,-0.769888015,2.5503787498840333,1.7240332239944456,False,point_median
PRIOR_0002303,GGPIQEH,-0.3134899,producible_prior,-2.8638687,-2.0375233,-2.8638687,True,False,False,-0.769888015,2.5503787498840333,1.7240332239944456,False,point_median
PRIOR_0002304,QSHTIPL,-0.75510025,producible_prior,-3.305479,-2.4791336,-3.305479,True,False,False,-0.769888015,2.5503787498840333,1.7240332239944456,False,point_median
PRIOR_0002305,VNGSLIE,-0.44245446,producible_prior,-2.9928331,-2.1664877,-2.9928331,True,False,False,-0.769888015,2.5503787498840333,1.7240332239944456,False,point_median
PRIOR_0002306,TKHELET,-0.19208789,producible_prior,-2.7424667,-1.9161211,-2.7424667,True,False,False,-0.769888015,2.5503787498840333,1.7240332239944456,False,point_median
PRIOR_0002307,SAAIPDK,-0.5299804,producible_prior,-3.0803592,-2.2540135,-3.0803592,True,False,False,-0.769888015,2.5503787498840333,1.7240332239944456,False,point_median
PRIOR_0002308,HGQMAHE,-0.39666367,producible_prior,-2.9470425,-2.120697,-2.9470425,True,False,False,-0.769888015,2.5503787498840333,1.7240332239944456,False,point_median
PRIOR_0002309,WNQNNAL,-0.76339924,producible_prior,-3.313778,-2.4874325,-3.313778,True,False,False,-0.769888015,2.5503787498840333,1.7240332239944456,False,point_median
PRIOR_0002310,TNTAAVD,0.06510019,producible_prior,-2.4852786,-1.658933,-2.4852786,True,False,False,-0.769888015,2.5503787498840333,1.7240332239944456,False,point_median
PRIOR_0002311,KYKVFQK,0.025447845,producible_prior,-2.524931,-1.6985854,-2.524931,True,False,False,-0.769888015,2.5503787498840333,1.7240332239944456,False,point_median
PRIOR_0002312,ELNRLQE,-0.495234,producible_prior,-3.0456128,-2.2192674,-3.0456128,True,False,False,-0.769888015,2.5503787498840333,1.7240332239944456,False,point_median
PRIOR_0002313,GLQQSMT,-0.6071081,producible_prior,-3.157487,-2.3311415,-3.157487,True,False,False,-0.769888015,2.5503787498840333,1.7240332239944456,False,point_median
PRIOR_0002314,HHDHKKM,0.95602274,producible_prior,-1.5943561,-0.7680105,-1.5943561,True,True,False,-0.769888015,2.5503787498840333,1.7240332239944456,False,point_median
PRIOR_0002315,PGNPTNA,0.4757321,producible_prior,-2.0746467,-1.2483011,-2.0746467,True,False,False,-0.769888015,2.5503787498840333,1.7240332239944456,False,point_median
PRIOR_0002316,GVIQPKH,-0.2661488,producible_prior,-2.8165276,-1.990182,-2.8165276,True,False,False,-0.769888015,2.5503787498840333,1.7240332239944456,False,point_median
PRIOR_0002317,IKRHKSM,2.2620955,producible_prior,-0.28828335,0.5380622,-0.28828335,True,True,True,-0.769888015,2.5503787498840333,1.7240332239944456,False,point_median
PRIOR_0002318,YQRDRFD,-0.59240866,producible_prior,-3.1427875,-2.316442,-3.1427875,True,False,False,-0.769888015,2.5503787498840333,1.7240332239944456,False,point_median
PRIOR_0002319,RGTIVIP,-0.05149293,producible_prior,-2.6018717,-1.7755262,-2.6018717,True,False,False,-0.769888015,2.5503787498840333,1.7240332239944456,False,point_median
PRIOR_0002320,STTTTKP,1.1246073,producible_prior,-1.4257715,-0.5994259,-1.4257715,True,True,False,-0.769888015,2.5503787498840333,1.7240332239944456,False,point_median
PRIOR_0002321,RETPGRR,0.92259216,producible_prior,-1.6277866,-0.8014411,-1.6277866,True,False,False,-0.769888015,2.5503787498840333,1.7240332239944456,False,point_median
PRIOR_0002322,VGMKTEF,-0.5241728,producible_prior,-3.0745516,-2.2482061,-3.0745516,True,False,False,-0.769888015,2.5503787498840333,1.7240332239944456,False,point_median
PRIOR_0002323,KATDTEA,0.6141243,producible_prior,-1.9362545,-1.1099089,-1.9362545,True,False,False,-0.769888015,2.5503787498840333,1.7240332239944456,False,point_median
PRIOR_0002324,GGASWRE,-0.6411482,producible_prior,-3.191527,-2.3651814,-3.191527,True,False,False,-0.769888015,2.5503787498840333,1.7240332239944456,False,point_median
PRIOR_0002325,GHHQSNQ,-0.4091226,producible_prior,-2.9595013,-2.1331558,-2.9595013,True,False,False,-0.769888015,2.5503787498840333,1.7240332239944456,False,point_median
PRIOR_0002326,RNIDGIP,-0.44265127,producible_prior,-2.99303,-2.1666846,-2.99303,True,False,False,-0.769888015,2.5503787498840333,1.7240332239944456,False,point_median
PRIOR_0002327,TRPTHDN,0.049634457,producible_prior,-2.5007443,-1.6743988,-2.5007443,True,False,False,-0.769888015,2.5503787498840333,1.7240332239944456,False,point_median
PRIOR_0002328,VRAHLQH,0.15348816,producible_prior,-2.3968906,-1.5705451,-2.3968906,True,False,False,-0.769888015,2.5503787498840333,1.7240332239944456,False,point_median
PRIOR_0002329,WKVGISE,-0.15286613,producible_prior,-2.703245,-1.8768994,-2.703245,True,False,False,-0.769888015,2.5503787498840333,1.7240332239944456,False,point_median
PRIOR_0002330,QEPQRDD,-0.23200989,producible_prior,-2.7823887,-1.9560431,-2.7823887,True,False,False,-0.769888015,2.5503787498840333,1.7240332239944456,False,point_median
PRIOR_0002331,YPPAALM,-0.4819119,producible_prior,-3.0322907,-2.205945,-3.0322907,True,False,False,-0.769888015,2.5503787498840333,1.7240332239944456,False,point_median
PRIOR_0002332,SIKQNTS,0.9116714,producible_prior,-1.6387074,-0.81236184,-1.6387074,True,False,False,-0.769888015,2.5503787498840333,1.7240332239944456,False,point_median
PRIOR_0002333,AQDRKVT,0.35575628,producible_prior,-2.1946225,-1.368277,-2.1946225,True,False,False,-0.769888015,2.5503787498840333,1.7240332239944456,False,point_median
PRIOR_0002334,YKRNPCS,0.030921698,producible_prior,-2.519457,-1.6931115,-2.519457,True,False,False,-0.769888015,2.5503787498840333,1.7240332239944456,False,point_median
PRIOR_0002335,ERRSYKG,1.0603948,producible_prior,-1.489984,-0.6636385,-1.489984,True,True,False,-0.769888015,2.5503787498840333,1.7240332239944456,False,point_median
PRIOR_0002336,QNPSAQM,0.31010175,producible_prior,-2.240277,-1.4139315,-2.240277,True,False,False,-0.769888015,2.5503787498840333,1.7240332239944456,False,point_median
PRIOR_0002337,AQVDARR,-0.36282575,producible_prior,-2.9132047,-2.086859,-2.9132047,True,False,False,-0.769888015,2.5503787498840333,1.7240332239944456,False,point_median
PRIOR_0002338,EEENKKL,-0.40951252,producible_prior,-2.9598913,-2.1335459,-2.9598913,True,False,False,-0.769888015,2.5503787498840333,1.7240332239944456,False,point_median
PRIOR_0002339,RHQMHLS,-0.4398284,producible_prior,-2.9902072,-2.1638618,-2.9902072,True,False,False,-0.769888015,2.5503787498840333,1.7240332239944456,False,point_median
PRIOR_0002340,SKIEHMP,-0.46918488,producible_prior,-3.0195637,-2.1932182,-3.0195637,True,False,False,-0.769888015,2.5503787498840333,1.7240332239944456,False,point_median
PRIOR_0002341,QKPKGSW,0.89149714,producible_prior,-1.6588817,-0.8325361,-1.6588817,True,False,False,-0.769888015,2.5503787498840333,1.7240332239944456,False,point_median
PRIOR_0002342,ARGLTAE,0.4074185,producible_prior,-2.1429603,-1.3166147,-2.1429603,True,False,False,-0.769888015,2.5503787498840333,1.7240332239944456,False,point_median
PRIOR_0002343,RHVWGQG,-0.6021799,producible_prior,-3.1525588,-2.3262131,-3.1525588,True,False,False,-0.769888015,2.5503787498840333,1.7240332239944456,False,point_median
PRIOR_0002344,LSRPFKT,-0.22344303,producible_prior,-2.7738218,-1.9474763,-2.7738218,True,False,False,-0.769888015,2.5503787498840333,1.7240332239944456,False,point_median
PRIOR_0002345,TLGTAGA,0.74936604,producible_prior,-1.8010128,-0.9746672,-1.8010128,True,False,False,-0.769888015,2.5503787498840333,1.7240332239944456,False,point_median
PRIOR_0002346,ETNKEDH,-0.66603565,producible_prior,-3.2164145,-2.390069,-3.2164145,True,False,False,-0.769888015,2.5503787498840333,1.7240332239944456,False,point_median
PRIOR_0002347,RHNNTMI,0.39537406,producible_prior,-2.1550047,-1.3286592,-2.1550047,True,False,False,-0.769888015,2.5503787498840333,1.7240332239944456,False,point_median
PRIOR_0002348,QVVKGKT,0.95322704,producible_prior,-1.5971518,-0.7708062,-1.5971518,True,False,False,-0.769888015,2.5503787498840333,1.7240332239944456,False,point_median
PRIOR_0002349,VKSKPYY,-0.16163683,producible_prior,-2.7120156,-1.8856701,-2.7120156,True,False,False,-0.769888015,2.5503787498840333,1.7240332239944456,False,point_median
PRIOR_0002350,WHYKKQE,0.17343521,producible_prior,-2.3769436,-1.550598,-2.3769436,True,False,False,-0.769888015,2.5503787498840333,1.7240332239944456,False,point_median
PRIOR_0002351,FKPFVTA,-0.036612988,producible_prior,-2.5869918,-1.7606462,-2.5869918,True,False,False,-0.769888015,2.5503787498840333,1.7240332239944456,False,point_median
PRIOR_0002352,YGQEESV,-0.72144866,producible_prior,-3.2718275,-2.4454818,-3.2718275,True,False,False,-0.769888015,2.5503787498840333,1.7240332239944456,False,point_median
PRIOR_0002353,GPHGHNV,0.66903543,producible_prior,-1.8813434,-1.0549978,-1.8813434,True,False,False,-0.769888015,2.5503787498840333,1.7240332239944456,False,point_median
PRIOR_0002354,NGRGSGN,1.0009747,producible_prior,-1.5494041,-0.7230586,-1.5494041,True,True,False,-0.769888015,2.5503787498840333,1.7240332239944456,False,point_median
PRIOR_0002355,MQVVAKS,0.23042893,producible_prior,-2.3199499,-1.4936043,-2.3199499,True,False,False,-0.769888015,2.5503787498840333,1.7240332239944456,False,point_median
PRIOR_0002356,RPNQALQ,-0.206918,producible_prior,-2.7572968,-1.9309512,-2.7572968,True,False,False,-0.769888015,2.5503787498840333,1.7240332239944456,False,point_median
PRIOR_0002357,YAPPQAT,-0.34183693,producible_prior,-2.8922157,-2.0658703,-2.8922157,True,False,False,-0.769888015,2.5503787498840333,1.7240332239944456,False,point_median
PRIOR_0002358,TSGHRDN,0.1207037,producible_prior,-2.429675,-1.6033295,-2.429675,True,False,False,-0.769888015,2.5503787498840333,1.7240332239944456,False,point_median
PRIOR_0002359,RKEGVEL,0.65688896,producible_prior,-1.8934898,-1.0671443,-1.8934898,True,False,False,-0.769888015,2.5503787498840333,1.7240332239944456,False,point_median
PRIOR_0002360,DISHRTI,-0.42620158,producible_prior,-2.9765804,-2.1502347,-2.9765804,True,False,False,-0.769888015,2.5503787498840333,1.7240332239944456,False,point_median
PRIOR_0002361,RVQMQKG,1.1488528,producible_prior,-1.401526,-0.5751804,-1.401526,True,True,False,-0.769888015,2.5503787498840333,1.7240332239944456,False,point_median
PRIOR_0002362,AYKGVRR,0.7744086,producible_prior,-1.7759702,-0.94962466,-1.7759702,True,False,False,-0.769888015,2.5503787498840333,1.7240332239944456,False,point_median
PRIOR_0002363,IGKALPI,0.3793552,producible_prior,-2.1710236,-1.344678,-2.1710236,True,False,False,-0.769888015,2.5503787498840333,1.7240332239944456,False,point_median
PRIOR_0002364,HPRNESY,-0.20929408,producible_prior,-2.7596729,-1.9333273,-2.7596729,True,False,False,-0.769888015,2.5503787498840333,1.7240332239944456,False,point_median
PRIOR_0002365,RVPSNIY,-0.49096632,producible_prior,-3.0413451,-2.2149997,-3.0413451,True,False,False,-0.769888015,2.5503787498840333,1.7240332239944456,False,point_median
PRIOR_0002366,STPMKMD,-0.2795117,producible_prior,-2.8298905,-2.0035448,-2.8298905,True,False,False,-0.769888015,2.5503787498840333,1.7240332239944456,False,point_median
PRIOR_0002367,MYMVKRH,-0.7430892,producible_prior,-3.293468,-2.4671226,-3.293468,True,False,False,-0.769888015,2.5503787498840333,1.7240332239944456,False,point_median
PRIOR_0002368,PTSRMPV,-0.074314356,producible_prior,-2.6246932,-1.7983476,-2.6246932,True,False,False,-0.769888015,2.5503787498840333,1.7240332239944456,False,point_median
PRIOR_0002369,GCKRRRQ,-0.04872179,producible_prior,-2.5991006,-1.772755,-2.5991006,True,False,False,-0.769888015,2.5503787498840333,1.7240332239944456,False,point_median
PRIOR_0002370,VPHFIKT,-0.71194506,producible_prior,-3.2623239,-2.4359784,-3.2623239,True,False,False,-0.769888015,2.5503787498840333,1.7240332239944456,False,point_median
PRIOR_0002371,HRRLESQ,-0.42430925,producible_prior,-2.974688,-2.1483426,-2.974688,True,False,False,-0.769888015,2.5503787498840333,1.7240332239944456,False,point_median
PRIOR_0002372,AYDAKNG,0.023983955,producible_prior,-2.5263948,-1.7000493,-2.5263948,True,False,False,-0.769888015,2.5503787498840333,1.7240332239944456,False,point_median
PRIOR_0002373,QKKKTPI,2.5819097,producible_prior,0.031530857,0.8578764,0.031530857,True,True,True,-0.769888015,2.5503787498840333,1.7240332239944456,False,point_median
PRIOR_0002374,FIQAGHR,-0.2337482,producible_prior,-2.784127,-1.9577814,-2.784127,True,False,False,-0.769888015,2.5503787498840333,1.7240332239944456,False,point_median
PRIOR_0002375,QYVIKRM,-0.7672837,producible_prior,-3.3176625,-2.4913168,-3.3176625,True,False,False,-0.769888015,2.5503787498840333,1.7240332239944456,False,point_median
PRIOR_0002376,DKQNNNI,0.25597382,producible_prior,-2.294405,-1.4680594,-2.294405,True,False,False,-0.769888015,2.5503787498840333,1.7240332239944456,False,point_median
PRIOR_0002377,KHLPPIR,-0.65933585,producible_prior,-3.2097147,-2.383369,-3.2097147,True,False,False,-0.769888015,2.5503787498840333,1.7240332239944456,False,point_median
PRIOR_0002378,TPMQAIA,-0.42053747,producible_prior,-2.9709163,-2.1445708,-2.9709163,True,False,False,-0.769888015,2.5503787498840333,1.7240332239944456,False,point_median
PRIOR_0002379,YLATPAD,-0.66925955,producible_prior,-3.2196383,-2.393293,-3.2196383,True,False,False,-0.769888015,2.5503787498840333,1.7240332239944456,False,point_median
PRIOR_0002380,FVGHKPI,0.39873266,producible_prior,-2.1516461,-1.3253006,-2.1516461,True,False,False,-0.769888015,2.5503787498840333,1.7240332239944456,False,point_median
PRIOR_0002381,GDRKMEH,0.40705156,producible_prior,-2.1433272,-1.3169817,-2.1433272,True,False,False,-0.769888015,2.5503787498840333,1.7240332239944456,False,point_median
PRIOR_0002382,SVHLRQI,-0.26393723,producible_prior,-2.814316,-1.9879705,-2.814316,True,False,False,-0.769888015,2.5503787498840333,1.7240332239944456,False,point_median
PRIOR_0002383,GHHEPQH,-0.3642528,producible_prior,-2.9146316,-2.088286,-2.9146316,True,False,False,-0.769888015,2.5503787498840333,1.7240332239944456,False,point_median
PRIOR_0002384,GITKAND,0.5996063,producible_prior,-1.9507725,-1.124427,-1.9507725,True,False,False,-0.769888015,2.5503787498840333,1.7240332239944456,False,point_median
PRIOR_0002385,QAEQGRG,0.93088484,producible_prior,-1.619494,-0.7931484,-1.619494,True,False,False,-0.769888015,2.5503787498840333,1.7240332239944456,False,point_median
PRIOR_0002386,VKPSGAQ,0.5587692,producible_prior,-1.9916096,-1.165264,-1.9916096,True,False,False,-0.769888015,2.5503787498840333,1.7240332239944456,False,point_median
PRIOR_0002387,APSERRR,0.88735986,producible_prior,-1.663019,-0.8366734,-1.663019,True,False,False,-0.769888015,2.5503787498840333,1.7240332239944456,False,point_median
PRIOR_0002388,HHRTNGK,1.2506654,producible_prior,-1.2997134,-0.4733678,-1.2997134,True,True,False,-0.769888015,2.5503787498840333,1.7240332239944456,False,point_median
PRIOR_0002389,TLRSALP,0.5549755,producible_prior,-1.9954033,-1.1690577,-1.9954033,True,False,False,-0.769888015,2.5503787498840333,1.7240332239944456,False,point_median
PRIOR_0002390,GHRNRAV,1.4524007,producible_prior,-1.0979781,-0.27163255,-1.0979781,True,True,False,-0.769888015,2.5503787498840333,1.7240332239944456,False,point_median
PRIOR_0002391,HPEVGED,-0.5019903,producible_prior,-3.052369,-2.2260237,-3.052369,True,False,False,-0.769888015,2.5503787498840333,1.7240332239944456,False,point_median
PRIOR_0002392,QAPPQSQ,-0.5768044,producible_prior,-3.1271832,-2.3008375,-3.1271832,True,False,False,-0.769888015,2.5503787498840333,1.7240332239944456,False,point_median
PRIOR_0002393,TRRIKKP,2.8958144,producible_prior,0.34543562,1.1717812,0.34543562,True,True,True,-0.769888015,2.5503787498840333,1.7240332239944456,False,point_median
PRIOR_0002394,TARRNRT,1.7533541,producible_prior,-0.7970247,0.029320836,-0.7970247,True,True,False,-0.769888015,2.5503787498840333,1.7240332239944456,False,point_median
PRIOR_0002395,PDGRKMA,0.8661089,producible_prior,-1.6842699,-0.85792434,-1.6842699,True,False,False,-0.769888015,2.5503787498840333,1.7240332239944456,False,point_median
PRIOR_0002396,MASDQRK,0.5152836,producible_prior,-2.0350952,-1.2087497,-2.0350952,True,False,False,-0.769888015,2.5503787498840333,1.7240332239944456,False,point_median
PRIOR_0002397,AKHSHLG,1.035244,producible_prior,-1.5151348,-0.68878925,-1.5151348,True,True,False,-0.769888015,2.5503787498840333,1.7240332239944456,False,point_median
PRIOR_0002398,GESGDTS,-0.35894084,producible_prior,-2.9093196,-2.082974,-2.9093196,True,False,False,-0.769888015,2.5503787498840333,1.7240332239944456,False,point_median
PRIOR_0002399,PAQKTTI,0.5740757,producible_prior,-1.9763031,-1.1499575,-1.9763031,True,False,False,-0.769888015,2.5503787498840333,1.7240332239944456,False,point_median
PRIOR_0002400,KSISMQI,-0.5146048,producible_prior,-3.0649836,-2.238638,-3.0649836,True,False,False,-0.769888015,2.5503787498840333,1.7240332239944456,False,point_median
PRIOR_0002401,FYHRKST,0.15373993,producible_prior,-2.3966389,-1.5702933,-2.3966389,True,False,False,-0.769888015,2.5503787498840333,1.7240332239944456,False,point_median
PRIOR_0002402,NRALPSI,-0.2326181,producible_prior,-2.782997,-1.9566513,-2.782997,True,False,False,-0.769888015,2.5503787498840333,1.7240332239944456,False,point_median
PRIOR_0002403,LQTDERI,-0.74398243,producible_prior,-3.294361,-2.4680157,-3.294361,True,False,False,-0.769888015,2.5503787498840333,1.7240332239944456,False,point_median
PRIOR_0002404,QHDQENR,-0.6209364,producible_prior,-3.1713152,-2.3449697,-3.1713152,True,False,False,-0.769888015,2.5503787498840333,1.7240332239944456,False,point_median
PRIOR_0002405,SPRHFEG,0.2549808,producible_prior,-2.295398,-1.4690524,-2.295398,True,False,False,-0.769888015,2.5503787498840333,1.7240332239944456,False,point_median
PRIOR_0002406,KVNFVVA,-0.28635263,producible_prior,-2.8367314,-2.010386,-2.8367314,True,False,False,-0.769888015,2.5503787498840333,1.7240332239944456,False,point_median
PRIOR_0002407,IAKEYQM,-0.7652801,producible_prior,-3.315659,-2.4893134,-3.315659,True,False,False,-0.769888015,2.5503787498840333,1.7240332239944456,False,point_median
PRIOR_0002408,LQKPVIS,0.20983315,producible_prior,-2.3405457,-1.5142001,-2.3405457,True,False,False,-0.769888015,2.5503787498840333,1.7240332239944456,False,point_median
PRIOR_0002409,KTRQRAE,2.007259,producible_prior,-0.5431199,0.28322566,-0.5431199,True,True,True,-0.769888015,2.5503787498840333,1.7240332239944456,False,point_median
PRIOR_0002410,PRDYKVK,-0.1856699,producible_prior,-2.7360487,-1.9097031,-2.7360487,True,False,False,-0.769888015,2.5503787498840333,1.7240332239944456,False,point_median
PRIOR_0002411,NFRNQPT,-0.10706234,producible_prior,-2.6574411,-1.8310956,-2.6574411,True,False,False,-0.769888015,2.5503787498840333,1.7240332239944456,False,point_median
PRIOR_0002412,NHMKNSF,-0.5235169,producible_prior,-3.0738957,-2.24755,-3.0738957,True,False,False,-0.769888015,2.5503787498840333,1.7240332239944456,False,point_median
PRIOR_0002413,FIGFKVS,-0.52452433,producible_prior,-3.074903,-2.2485576,-3.074903,True,False,False,-0.769888015,2.5503787498840333,1.7240332239944456,False,point_median
PRIOR_0002414,KGKSYRM,1.1105883,producible_prior,-1.4397905,-0.6134449,-1.4397905,True,True,False,-0.769888015,2.5503787498840333,1.7240332239944456,False,point_median
PRIOR_0002415,DTLKERE,-0.49191594,producible_prior,-3.0422947,-2.215949,-3.0422947,True,False,False,-0.769888015,2.5503787498840333,1.7240332239944456,False,point_median
PRIOR_0002416,LGRSFDH,-0.74328065,producible_prior,-3.2936594,-2.4673138,-3.2936594,True,False,False,-0.769888015,2.5503787498840333,1.7240332239944456,False,point_median
PRIOR_0002417,RQIEVSV,-0.741513,producible_prior,-3.2918918,-2.4655461,-3.2918918,True,False,False,-0.769888015,2.5503787498840333,1.7240332239944456,False,point_median
PRIOR_0002418,IHKLKES,0.9906094,producible_prior,-1.5597694,-0.7334238,-1.5597694,True,True,False,-0.769888015,2.5503787498840333,1.7240332239944456,False,point_median
PRIOR_0002419,FPHTRMG,0.7008569,producible_prior,-1.8495219,-1.0231763,-1.8495219,True,False,False,-0.769888015,2.5503787498840333,1.7240332239944456,False,point_median
PRIOR_0002420,VKYPGNL,-0.49627674,producible_prior,-3.0466557,-2.22031,-3.0466557,True,False,False,-0.769888015,2.5503787498840333,1.7240332239944456,False,point_median
PRIOR_0002421,MGQMASK,-0.075517416,producible_prior,-2.6258962,-1.7995507,-2.6258962,True,False,False,-0.769888015,2.5503787498840333,1.7240332239944456,False,point_median
PRIOR_0002422,YIQIQRH,-0.6587076,producible_prior,-3.2090864,-2.382741,-3.2090864,True,False,False,-0.769888015,2.5503787498840333,1.7240332239944456,False,point_median
PRIOR_0002423,GKKPHKW,1.1595612,producible_prior,-1.3908176,-0.5644721,-1.3908176,True,True,False,-0.769888015,2.5503787498840333,1.7240332239944456,False,point_median
PRIOR_0002424,RSPIAHH,0.039122105,producible_prior,-2.5112567,-1.6849111,-2.5112567,True,False,False,-0.769888015,2.5503787498840333,1.7240332239944456,False,point_median
PRIOR_0002425,RNSHDLR,0.037303686,producible_prior,-2.513075,-1.6867296,-2.513075,True,False,False,-0.769888015,2.5503787498840333,1.7240332239944456,False,point_median
PRIOR_0002426,GFKAQKC,-0.40794218,producible_prior,-2.958321,-2.1319754,-2.958321,True,False,False,-0.769888015,2.5503787498840333,1.7240332239944456,False,point_median
PRIOR_0002427,GIFNSRS,-0.3326465,producible_prior,-2.8830252,-2.0566797,-2.8830252,True,False,False,-0.769888015,2.5503787498840333,1.7240332239944456,False,point_median
PRIOR_0002428,TGHQRYE,0.09725428,producible_prior,-2.4531245,-1.626779,-2.4531245,True,False,False,-0.769888015,2.5503787498840333,1.7240332239944456,False,point_median
PRIOR_0002429,DQQGMGR,-0.33056307,producible_prior,-2.8809419,-2.0545964,-2.8809419,True,False,False,-0.769888015,2.5503787498840333,1.7240332239944456,False,point_median
PRIOR_0002430,RHRQVYS,0.245085,producible_prior,-2.3052938,-1.4789482,-2.3052938,True,False,False,-0.769888015,2.5503787498840333,1.7240332239944456,False,point_median
PRIOR_0002431,KTTKLCG,-0.018120289,producible_prior,-2.568499,-1.7421535,-2.568499,True,False,False,-0.769888015,2.5503787498840333,1.7240332239944456,False,point_median
PRIOR_0002432,TFNTPQP,0.051925898,producible_prior,-2.498453,-1.6721073,-2.498453,True,False,False,-0.769888015,2.5503787498840333,1.7240332239944456,False,point_median
PRIOR_0002433,QTQSKPP,1.145097,producible_prior,-1.4052818,-0.5789362,-1.4052818,True,True,False,-0.769888015,2.5503787498840333,1.7240332239944456,False,point_median
PRIOR_0002434,AVARKFQ,-0.733322,producible_prior,-3.283701,-2.4573553,-3.283701,True,False,False,-0.769888015,2.5503787498840333,1.7240332239944456,False,point_median
PRIOR_0002435,TKFHKNI,0.7437446,producible_prior,-1.8066342,-0.9802886,-1.8066342,True,False,False,-0.769888015,2.5503787498840333,1.7240332239944456,False,point_median
PRIOR_0002436,AAAAQLH,-0.62538993,producible_prior,-3.1757689,-2.3494232,-3.1757689,True,False,False,-0.769888015,2.5503787498840333,1.7240332239944456,False,point_median
PRIOR_0002437,KEFTNNK,-0.38380444,producible_prior,-2.9341831,-2.1078377,-2.9341831,True,False,False,-0.769888015,2.5503787498840333,1.7240332239944456,False,point_median
PRIOR_0002438,IESHKNM,0.20303059,producible_prior,-2.3473482,-1.5210027,-2.3473482,True,False,False,-0.769888015,2.5503787498840333,1.7240332239944456,False,point_median
PRIOR_0002439,HASVSDM,-0.44611728,producible_prior,-2.9964962,-2.1701505,-2.9964962,True,False,False,-0.769888015,2.5503787498840333,1.7240332239944456,False,point_median
PRIOR_0002440,VKMQKLR,0.641927,producible_prior,-1.9084518,-1.0821062,-1.9084518,True,False,False,-0.769888015,2.5503787498840333,1.7240332239944456,False,point_median
PRIOR_0002441,HQHATAR,0.50676537,producible_prior,-2.0436134,-1.2172679,-2.0436134,True,False,False,-0.769888015,2.5503787498840333,1.7240332239944456,False,point_median
PRIOR_0002442,WEGTQEA,-0.5899867,producible_prior,-3.1403656,-2.31402,-3.1403656,True,False,False,-0.769888015,2.5503787498840333,1.7240332239944456,False,point_median
PRIOR_0002443,CMNKSKP,0.6579006,producible_prior,-1.8924782,-1.0661327,-1.8924782,True,False,False,-0.769888015,2.5503787498840333,1.7240332239944456,False,point_median
PRIOR_0002444,SHSFGQD,-0.5771631,producible_prior,-3.127542,-2.3011963,-3.127542,True,False,False,-0.769888015,2.5503787498840333,1.7240332239944456,False,point_median
PRIOR_0002445,DSHNPPP,-0.3112254,producible_prior,-2.8616042,-2.0352588,-2.8616042,True,False,False,-0.769888015,2.5503787498840333,1.7240332239944456,False,point_median
PRIOR_0002446,GDEATVR,-0.7684181,producible_prior,-3.3187969,-2.4924512,-3.3187969,True,False,False,-0.769888015,2.5503787498840333,1.7240332239944456,False,point_median
PRIOR_0002447,SGSAGMP,0.6080668,producible_prior,-1.942312,-1.1159664,-1.942312,True,False,False,-0.769888015,2.5503787498840333,1.7240332239944456,False,point_median
PRIOR_0002448,QERQNGD,0.312001,producible_prior,-2.2383778,-1.4120322,-2.2383778,True,False,False,-0.769888015,2.5503787498840333,1.7240332239944456,False,point_median
PRIOR_0002449,RREVVFE,-0.41210794,producible_prior,-2.9624867,-2.1361413,-2.9624867,True,False,False,-0.769888015,2.5503787498840333,1.7240332239944456,False,point_median
PRIOR_0002450,SRMNPSE,0.13075924,producible_prior,-2.4196196,-1.593274,-2.4196196,True,False,False,-0.769888015,2.5503787498840333,1.7240332239944456,False,point_median
PRIOR_0002451,DAANQGM,-0.59689295,producible_prior,-3.1472716,-2.3209262,-3.1472716,True,False,False,-0.769888015,2.5503787498840333,1.7240332239944456,False,point_median
PRIOR_0002452,EMKMNQP,-0.46075284,producible_prior,-3.0111318,-2.184786,-3.0111318,True,False,False,-0.769888015,2.5503787498840333,1.7240332239944456,False,point_median
PRIOR_0002453,NAKDKQW,0.10417819,producible_prior,-2.4462006,-1.619855,-2.4462006,True,False,False,-0.769888015,2.5503787498840333,1.7240332239944456,False,point_median
PRIOR_0002454,KRRIRWV,-0.16894126,producible_prior,-2.71932,-1.8929745,-2.71932,True,False,False,-0.769888015,2.5503787498840333,1.7240332239944456,False,point_median
PRIOR_0002455,FDKYKEV,-0.48833132,producible_prior,-3.03871,-2.2123647,-3.03871,True,False,False,-0.769888015,2.5503787498840333,1.7240332239944456,False,point_median
PRIOR_0002456,ITRAEGT,0.035671234,producible_prior,-2.5147076,-1.688362,-2.5147076,True,False,False,-0.769888015,2.5503787498840333,1.7240332239944456,False,point_median
PRIOR_0002457,KQSGLTT,0.37074423,producible_prior,-2.1796346,-1.353289,-2.1796346,True,False,False,-0.769888015,2.5503787498840333,1.7240332239944456,False,point_median
PRIOR_0002458,SFAYKVG,-0.55834305,producible_prior,-3.1087217,-2.2823763,-3.1087217,True,False,False,-0.769888015,2.5503787498840333,1.7240332239944456,False,point_median
PRIOR_0002459,YVRAEYK,-0.71738434,producible_prior,-3.2677631,-2.4414177,-3.2677631,True,False,False,-0.769888015,2.5503787498840333,1.7240332239944456,False,point_median
PRIOR_0002460,PANGTMD,-0.10651517,producible_prior,-2.656894,-1.8305484,-2.656894,True,False,False,-0.769888015,2.5503787498840333,1.7240332239944456,False,point_median
PRIOR_0002461,MGAPRIR,0.22432446,producible_prior,-2.3260543,-1.4997088,-2.3260543,True,False,False,-0.769888015,2.5503787498840333,1.7240332239944456,False,point_median
PRIOR_0002462,YWKRQKT,0.46412063,producible_prior,-2.0862582,-1.2599126,-2.0862582,True,False,False,-0.769888015,2.5503787498840333,1.7240332239944456,False,point_median
PRIOR_0002463,RMEIKLM,-0.64952016,producible_prior,-3.199899,-2.3735533,-3.199899,True,False,False,-0.769888015,2.5503787498840333,1.7240332239944456,False,point_median
PRIOR_0002464,ARRMVHD,0.11839557,producible_prior,-2.4319832,-1.6056377,-2.4319832,True,False,False,-0.769888015,2.5503787498840333,1.7240332239944456,False,point_median
PRIOR_0002465,GGNIMTV,-0.40369105,producible_prior,-2.9540699,-2.1277242,-2.9540699,True,False,False,-0.769888015,2.5503787498840333,1.7240332239944456,False,point_median
PRIOR_0002466,QPVGEDG,-0.16612148,producible_prior,-2.7165003,-1.8901547,-2.7165003,True,False,False,-0.769888015,2.5503787498840333,1.7240332239944456,False,point_median
PRIOR_0002467,CNEQKKQ,-0.70853424,producible_prior,-3.258913,-2.4325676,-3.258913,True,False,False,-0.769888015,2.5503787498840333,1.7240332239944456,False,point_median
PRIOR_0002468,ITDDVKH,-0.64562976,producible_prior,-3.1960087,-2.369663,-3.1960087,True,False,False,-0.769888015,2.5503787498840333,1.7240332239944456,False,point_median
PRIOR_0002469,NSRMKPI,0.47138214,producible_prior,-2.0789967,-1.2526511,-2.0789967,True,False,False,-0.769888015,2.5503787498840333,1.7240332239944456,False,point_median
PRIOR_0002470,LPTDEQK,-0.3373326,producible_prior,-2.8877115,-2.0613658,-2.8877115,True,False,False,-0.769888015,2.5503787498840333,1.7240332239944456,False,point_median
PRIOR_0002471,QEQGSRA,0.92404747,producible_prior,-1.6263313,-0.79998577,-1.6263313,True,False,False,-0.769888015,2.5503787498840333,1.7240332239944456,False,point_median
PRIOR_0002472,ARHDSTD,0.27381802,producible_prior,-2.2765608,-1.4502152,-2.2765608,True,False,False,-0.769888015,2.5503787498840333,1.7240332239944456,False,point_median
PRIOR_0002473,NHSKKFA,1.177067,producible_prior,-1.3733118,-0.5469662,-1.3733118,True,True,False,-0.769888015,2.5503787498840333,1.7240332239944456,False,point_median
PRIOR_0002474,DQRAVSN,-0.5519762,producible_prior,-3.102355,-2.2760096,-3.102355,True,False,False,-0.769888015,2.5503787498840333,1.7240332239944456,False,point_median
PRIOR_0002475,WHSTNLP,-0.66558635,producible_prior,-3.2159653,-2.3896196,-3.2159653,True,False,False,-0.769888015,2.5503787498840333,1.7240332239944456,False,point_median
PRIOR_0002476,MKTHSDY,-0.2000773,producible_prior,-2.750456,-1.9241105,-2.750456,True,False,False,-0.769888015,2.5503787498840333,1.7240332239944456,False,point_median
PRIOR_0002477,MPLSGEE,-0.54015446,producible_prior,-3.0905333,-2.2641878,-3.0905333,True,False,False,-0.769888015,2.5503787498840333,1.7240332239944456,False,point_median
PRIOR_0002478,KQKRKDQ,1.863235,producible_prior,-0.6871438,0.13920176,-0.6871438,True,True,True,-0.769888015,2.5503787498840333,1.7240332239944456,False,point_median
PRIOR_0002479,QVNNQHM,-0.19958901,producible_prior,-2.7499678,-1.9236223,-2.7499678,True,False,False,-0.769888015,2.5503787498840333,1.7240332239944456,False,point_median
PRIOR_0002480,KLAFRII,-0.73366773,producible_prior,-3.2840466,-2.457701,-3.2840466,True,False,False,-0.769888015,2.5503787498840333,1.7240332239944456,False,point_median
PRIOR_0002481,VSAKDTN,-0.43243504,producible_prior,-2.9828138,-2.1564684,-2.9828138,True,False,False,-0.769888015,2.5503787498840333,1.7240332239944456,False,point_median
PRIOR_0002482,SGRGFKE,1.052387,producible_prior,-1.4979918,-0.67164624,-1.4979918,True,True,False,-0.769888015,2.5503787498840333,1.7240332239944456,False,point_median
PRIOR_0002483,YPIQARI,-0.46485996,producible_prior,-3.0152388,-2.1888933,-3.0152388,True,False,False,-0.769888015,2.5503787498840333,1.7240332239944456,False,point_median
PRIOR_0002484,IGDSAHS,-0.035523653,producible_prior,-2.5859025,-1.7595569,-2.5859025,True,False,False,-0.769888015,2.5503787498840333,1.7240332239944456,False,point_median
PRIOR_0002485,KKTPGPP,1.931673,producible_prior,-0.61870575,0.20763981,-0.61870575,True,True,True,-0.769888015,2.5503787498840333,1.7240332239944456,False,point_median
PRIOR_0002486,MRPTHPM,0.3499055,producible_prior,-2.2004733,-1.3741277,-2.2004733,True,False,False,-0.769888015,2.5503787498840333,1.7240332239944456,False,point_median
PRIOR_0002487,GFVKGPM,-0.16112518,producible_prior,-2.711504,-1.8851584,-2.711504,True,False,False,-0.769888015,2.5503787498840333,1.7240332239944456,False,point_median
PRIOR_0002488,KPQYTNE,-0.079735756,producible_prior,-2.6301146,-1.803769,-2.6301146,True,False,False,-0.769888015,2.5503787498840333,1.7240332239944456,False,point_median
PRIOR_0002489,DNSHIQP,-0.360821,producible_prior,-2.9111998,-2.0848541,-2.9111998,True,False,False,-0.769888015,2.5503787498840333,1.7240332239944456,False,point_median
PRIOR_0002490,WRPGYHG,-0.07454109,producible_prior,-2.62492,-1.7985743,-2.62492,True,False,False,-0.769888015,2.5503787498840333,1.7240332239944456,False,point_median
PRIOR_0002491,HCSRKTP,-0.08133578,producible_prior,-2.6317146,-1.805369,-2.6317146,True,False,False,-0.769888015,2.5503787498840333,1.7240332239944456,False,point_median
PRIOR_0002492,FISSSIP,-0.47626698,producible_prior,-3.0266457,-2.2003002,-3.0266457,True,False,False,-0.769888015,2.5503787498840333,1.7240332239944456,False,point_median
PRIOR_0002493,IQFSRRK,0.4136653,producible_prior,-2.1367135,-1.310368,-2.1367135,True,False,False,-0.769888015,2.5503787498840333,1.7240332239944456,False,point_median
PRIOR_0002494,LRDHSTM,0.09878063,producible_prior,-2.4515982,-1.6252526,-2.4515982,True,False,False,-0.769888015,2.5503787498840333,1.7240332239944456,False,point_median
PRIOR_0002495,VQMKTPQ,-0.7595992,producible_prior,-3.309978,-2.4836326,-3.309978,True,False,False,-0.769888015,2.5503787498840333,1.7240332239944456,False,point_median
PRIOR_0002496,RVVEHTE,-0.46324205,producible_prior,-3.0136209,-2.1872754,-3.0136209,True,False,False,-0.769888015,2.5503787498840333,1.7240332239944456,False,point_median
PRIOR_0002497,AHKYTDA,-0.26507545,producible_prior,-2.8154542,-1.9891087,-2.8154542,True,False,False,-0.769888015,2.5503787498840333,1.7240332239944456,False,point_median
PRIOR_0002498,QAEEHAA,-0.5297333,producible_prior,-3.080112,-2.2537665,-3.080112,True,False,False,-0.769888015,2.5503787498840333,1.7240332239944456,False,point_median
PRIOR_0002499,GPKVAII,0.4523766,producible_prior,-2.0980022,-1.2716566,-2.0980022,True,False,False,-0.769888015,2.5503787498840333,1.7240332239944456,False,point_median
PRIOR_0002500,HYGRHKL,0.32343602,producible_prior,-2.2269428,-1.4005972,-2.2269428,True,False,False,-0.769888015,2.5503787498840333,1.7240332239944456,False,point_median
PRIOR_0002501,PNIQHNK,-0.65324163,producible_prior,-3.2036204,-2.377275,-3.2036204,True,False,False,-0.769888015,2.5503787498840333,1.7240332239944456,False,point_median
PRIOR_0002502,GPSRNAR,1.2672267,producible_prior,-1.2831521,-0.45680654,-1.2831521,True,True,False,-0.769888015,2.5503787498840333,1.7240332239944456,False,point_median
PRIOR_0002503,YRMDTPS,-0.5096201,producible_prior,-3.059999,-2.2336533,-3.059999,True,False,False,-0.769888015,2.5503787498840333,1.7240332239944456,False,point_median
PRIOR_0002504,SYKTAPP,0.4295442,producible_prior,-2.1208346,-1.294489,-2.1208346,True,False,False,-0.769888015,2.5503787498840333,1.7240332239944456,False,point_median
PRIOR_0002505,NDQAKLM,-0.33419538,producible_prior,-2.8845742,-2.0582285,-2.8845742,True,False,False,-0.769888015,2.5503787498840333,1.7240332239944456,False,point_median
PRIOR_0002506,FNPKEIN,-0.611266,producible_prior,-3.161645,-2.3352993,-3.161645,True,False,False,-0.769888015,2.5503787498840333,1.7240332239944456,False,point_median
PRIOR_0002507,HDSTTGL,-0.6023171,producible_prior,-3.152696,-2.3263502,-3.152696,True,False,False,-0.769888015,2.5503787498840333,1.7240332239944456,False,point_median
PRIOR_0002508,YRRESNQ,0.051301003,producible_prior,-2.4990778,-1.6727322,-2.4990778,True,False,False,-0.769888015,2.5503787498840333,1.7240332239944456,False,point_median
PRIOR_0002509,PKLMQRK,-0.060004234,producible_prior,-2.610383,-1.7840375,-2.610383,True,False,False,-0.769888015,2.5503787498840333,1.7240332239944456,False,point_median
PRIOR_0002510,KMHKWPM,-0.6804129,producible_prior,-3.2307916,-2.4044461,-3.2307916,True,False,False,-0.769888015,2.5503787498840333,1.7240332239944456,False,point_median
PRIOR_0002511,KLMGLPS,-0.40815568,producible_prior,-2.9585345,-2.1321888,-2.9585345,True,False,False,-0.769888015,2.5503787498840333,1.7240332239944456,False,point_median
PRIOR_0002512,GATPPGE,0.18420458,producible_prior,-2.3661742,-1.5398287,-2.3661742,True,False,False,-0.769888015,2.5503787498840333,1.7240332239944456,False,point_median
PRIOR_0002513,YSDIRSK,-0.23989964,producible_prior,-2.7902784,-1.9639329,-2.7902784,True,False,False,-0.769888015,2.5503787498840333,1.7240332239944456,False,point_median
PRIOR_0002514,YQKVSSE,0.8551092,producible_prior,-1.6952696,-0.868924,-1.6952696,True,False,False,-0.769888015,2.5503787498840333,1.7240332239944456,False,point_median
PRIOR_0002515,LWKQSPH,-0.62527037,producible_prior,-3.1756492,-2.3493037,-3.1756492,True,False,False,-0.769888015,2.5503787498840333,1.7240332239944456,False,point_median
PRIOR_0002516,VFDSAVK,-0.73680806,producible_prior,-3.2871869,-2.4608412,-3.2871869,True,False,False,-0.769888015,2.5503787498840333,1.7240332239944456,False,point_median
PRIOR_0002517,LQLSHGP,-0.5868186,producible_prior,-3.1371975,-2.3108518,-3.1371975,True,False,False,-0.769888015,2.5503787498840333,1.7240332239944456,False,point_median
PRIOR_0002518,TAGRTFQ,-0.6191249,producible_prior,-3.1695037,-2.3431582,-3.1695037,True,False,False,-0.769888015,2.5503787498840333,1.7240332239944456,False,point_median
PRIOR_0002519,GPDTTTP,0.24509001,producible_prior,-2.3052888,-1.4789432,-2.3052888,True,False,False,-0.769888015,2.5503787498840333,1.7240332239944456,False,point_median
PRIOR_0002520,QGNSVNF,-0.4068451,producible_prior,-2.957224,-2.1308784,-2.957224,True,False,False,-0.769888015,2.5503787498840333,1.7240332239944456,False,point_median
PRIOR_0002521,APQPYKM,-0.6022866,producible_prior,-3.1526654,-2.3263197,-3.1526654,True,False,False,-0.769888015,2.5503787498840333,1.7240332239944456,False,point_median
PRIOR_0002522,LSTPTQS,0.12054539,producible_prior,-2.4298334,-1.6034878,-2.4298334,True,False,False,-0.769888015,2.5503787498840333,1.7240332239944456,False,point_median
PRIOR_0002523,QMHGNKI,0.7003994,producible_prior,-1.8499794,-1.0236338,-1.8499794,True,False,False,-0.769888015,2.5503787498840333,1.7240332239944456,False,point_median
PRIOR_0002524,CSTEKSV,-0.7578887,producible_prior,-3.3082676,-2.481922,-3.3082676,True,False,False,-0.769888015,2.5503787498840333,1.7240332239944456,False,point_median
PRIOR_0002525,NLPKLMD,-0.20582747,producible_prior,-2.7562063,-1.9298607,-2.7562063,True,False,False,-0.769888015,2.5503787498840333,1.7240332239944456,False,point_median
PRIOR_0002526,GRKHKSS,2.9125166,producible_prior,0.3621378,1.1884834,0.3621378,True,True,True,-0.769888015,2.5503787498840333,1.7240332239944456,False,point_median
PRIOR_0002527,SGHNRHW,-0.46202922,producible_prior,-3.012408,-2.1860623,-3.012408,True,False,False,-0.769888015,2.5503787498840333,1.7240332239944456,False,point_median
PRIOR_0002528,SMPQSNM,-0.2913742,producible_prior,-2.841753,-2.0154076,-2.841753,True,False,False,-0.769888015,2.5503787498840333,1.7240332239944456,False,point_median
PRIOR_0002529,QLHVNKA,0.9264598,producible_prior,-1.623919,-0.79757345,-1.623919,True,False,False,-0.769888015,2.5503787498840333,1.7240332239944456,False,point_median
PRIOR_0002530,HYGKTIA,0.37263823,producible_prior,-2.1777406,-1.351395,-2.1777406,True,False,False,-0.769888015,2.5503787498840333,1.7240332239944456,False,point_median
PRIOR_0002531,RVARYNF,-0.7452581,producible_prior,-3.295637,-2.4692912,-3.295637,True,False,False,-0.769888015,2.5503787498840333,1.7240332239944456,False,point_median
PRIOR_0002532,HGDGRIF,-0.5125252,producible_prior,-3.062904,-2.2365584,-3.062904,True,False,False,-0.769888015,2.5503787498840333,1.7240332239944456,False,point_median
PRIOR_0002533,QRPGTNM,1.0967166,producible_prior,-1.4536622,-0.6273166,-1.4536622,True,True,False,-0.769888015,2.5503787498840333,1.7240332239944456,False,point_median
PRIOR_0002534,HLYGSKP,0.17832899,producible_prior,-2.3720498,-1.5457042,-2.3720498,True,False,False,-0.769888015,2.5503787498840333,1.7240332239944456,False,point_median
PRIOR_0002535,TGTHRHF,0.17338991,producible_prior,-2.376989,-1.5506433,-2.376989,True,False,False,-0.769888015,2.5503787498840333,1.7240332239944456,False,point_median
PRIOR_0002536,NNEARPR,0.3303349,producible_prior,-2.220044,-1.3936983,-2.220044,True,False,False,-0.769888015,2.5503787498840333,1.7240332239944456,False,point_median
PRIOR_0002537,ALNSHAL,-0.63698125,producible_prior,-3.18736,-2.3610144,-3.18736,True,False,False,-0.769888015,2.5503787498840333,1.7240332239944456,False,point_median
PRIOR_0002538,FHDPDKA,-0.3909197,producible_prior,-2.9412985,-2.114953,-2.9412985,True,False,False,-0.769888015,2.5503787498840333,1.7240332239944456,False,point_median
PRIOR_0002539,MIKMAVG,0.17532253,producible_prior,-2.3750563,-1.5487107,-2.3750563,True,False,False,-0.769888015,2.5503787498840333,1.7240332239944456,False,point_median
PRIOR_0002540,GYGTADV,-0.70322883,producible_prior,-3.2536077,-2.427262,-3.2536077,True,False,False,-0.769888015,2.5503787498840333,1.7240332239944456,False,point_median
PRIOR_0002541,ARGPLNI,0.04160142,producible_prior,-2.5087774,-1.6824318,-2.5087774,True,False,False,-0.769888015,2.5503787498840333,1.7240332239944456,False,point_median
PRIOR_0002542,PIRKLNY,-0.36867094,producible_prior,-2.9190497,-2.0927043,-2.9190497,True,False,False,-0.769888015,2.5503787498840333,1.7240332239944456,False,point_median
PRIOR_0002543,YPRFNNH,-0.43732798,producible_prior,-2.9877067,-2.1613612,-2.9877067,True,False,False,-0.769888015,2.5503787498840333,1.7240332239944456,False,point_median
PRIOR_0002544,VDRGDVM,-0.68150806,producible_prior,-3.2318869,-2.4055414,-3.2318869,True,False,False,-0.769888015,2.5503787498840333,1.7240332239944456,False,point_median
PRIOR_0002545,TNKMNNV,0.4909315,producible_prior,-2.0594473,-1.2331017,-2.0594473,True,False,False,-0.769888015,2.5503787498840333,1.7240332239944456,False,point_median
PRIOR_0002546,IHNASNA,0.63216233,producible_prior,-1.9182165,-1.0918709,-1.9182165,True,False,False,-0.769888015,2.5503787498840333,1.7240332239944456,False,point_median
PRIOR_0002547,QTGVTEG,0.6056919,producible_prior,-1.9446869,-1.1183413,-1.9446869,True,False,False,-0.769888015,2.5503787498840333,1.7240332239944456,False,point_median
PRIOR_0002548,NHNISLS,-0.53458333,producible_prior,-3.0849621,-2.2586164,-3.0849621,True,False,False,-0.769888015,2.5503787498840333,1.7240332239944456,False,point_median
PRIOR_0002549,HRKQQIY,0.44534826,producible_prior,-2.1050305,-1.278685,-2.1050305,True,False,False,-0.769888015,2.5503787498840333,1.7240332239944456,False,point_median
PRIOR_0002550,YKAGKDS,1.6637468,producible_prior,-0.88663197,-0.060286403,-0.88663197,True,True,False,-0.769888015,2.5503787498840333,1.7240332239944456,False,point_median
PRIOR_0002551,DWQRQKS,-0.3591807,producible_prior,-2.9095595,-2.0832138,-2.9095595,True,False,False,-0.769888015,2.5503787498840333,1.7240332239944456,False,point_median
PRIOR_0002552,STGLTTT,-0.6243615,producible_prior,-3.1747403,-2.3483949,-3.1747403,True,False,False,-0.769888015,2.5503787498840333,1.7240332239944456,False,point_median
PRIOR_0002553,YNFAKTG,0.30832767,producible_prior,-2.2420511,-1.4157056,-2.2420511,True,False,False,-0.769888015,2.5503787498840333,1.7240332239944456,False,point_median
PRIOR_0002554,KTPQLGM,0.19108701,producible_prior,-2.3592918,-1.5329462,-2.3592918,True,False,False,-0.769888015,2.5503787498840333,1.7240332239944456,False,point_median
PRIOR_0002555,APKLGIT,-0.24338698,producible_prior,-2.7937658,-1.9674202,-2.7937658,True,False,False,-0.769888015,2.5503787498840333,1.7240332239944456,False,point_median
PRIOR_0002556,EAHQTPK,-0.02494955,producible_prior,-2.5753284,-1.7489828,-2.5753284,True,False,False,-0.769888015,2.5503787498840333,1.7240332239944456,False,point_median
PRIOR_0002557,TNQHVME,-0.086108685,producible_prior,-2.6364875,-1.8101419,-2.6364875,True,False,False,-0.769888015,2.5503787498840333,1.7240332239944456,False,point_median
PRIOR_0002558,AENEVQK,-0.6501775,producible_prior,-3.2005563,-2.3742108,-3.2005563,True,False,False,-0.769888015,2.5503787498840333,1.7240332239944456,False,point_median
PRIOR_0002559,FLRMKPI,-0.13879848,producible_prior,-2.6891773,-1.8628317,-2.6891773,True,False,False,-0.769888015,2.5503787498840333,1.7240332239944456,False,point_median
PRIOR_0002560,YEHQQVA,-0.30206037,producible_prior,-2.8524392,-2.0260935,-2.8524392,True,False,False,-0.769888015,2.5503787498840333,1.7240332239944456,False,point_median
PRIOR_0002561,VDNSRMH,-0.3935151,producible_prior,-2.943894,-2.1175485,-2.943894,True,False,False,-0.769888015,2.5503787498840333,1.7240332239944456,False,point_median
PRIOR_0002562,ALHNMQE,-0.36912215,producible_prior,-2.9195008,-2.0931554,-2.9195008,True,False,False,-0.769888015,2.5503787498840333,1.7240332239944456,False,point_median
PRIOR_0002563,CLSKMEG,-0.40961146,producible_prior,-2.9599903,-2.1336446,-2.9599903,True,False,False,-0.769888015,2.5503787498840333,1.7240332239944456,False,point_median
PRIOR_0002564,TKTSPMA,1.1146543,producible_prior,-1.4357245,-0.60937893,-1.4357245,True,True,False,-0.769888015,2.5503787498840333,1.7240332239944456,False,point_median
PRIOR_0002565,KRSNVAE,1.5399072,producible_prior,-1.0104716,-0.18412602,-1.0104716,True,True,False,-0.769888015,2.5503787498840333,1.7240332239944456,False,point_median
PRIOR_0002566,DSNTNMP,-0.52829385,producible_prior,-3.0786726,-2.252327,-3.0786726,True,False,False,-0.769888015,2.5503787498840333,1.7240332239944456,False,point_median
PRIOR_0002567,TSQRYTG,0.2567935,producible_prior,-2.2935853,-1.4672397,-2.2935853,True,False,False,-0.769888015,2.5503787498840333,1.7240332239944456,False,point_median
PRIOR_0002568,TQYGRSA,0.4245777,producible_prior,-2.125801,-1.2994555,-2.125801,True,False,False,-0.769888015,2.5503787498840333,1.7240332239944456,False,point_median
PRIOR_0002569,IWKTKKN,0.5642121,producible_prior,-1.9861667,-1.1598212,-1.9861667,True,False,False,-0.769888015,2.5503787498840333,1.7240332239944456,False,point_median
PRIOR_0002570,YDAPASA,-0.4026811,producible_prior,-2.95306,-2.1267142,-2.95306,True,False,False,-0.769888015,2.5503787498840333,1.7240332239944456,False,point_median
PRIOR_0002571,VRKTEEA,1.4175675,producible_prior,-1.1328113,-0.30646574,-1.1328113,True,True,False,-0.769888015,2.5503787498840333,1.7240332239944456,False,point_median
PRIOR_0002572,GGKMPVL,-0.13806725,producible_prior,-2.688446,-1.8621005,-2.688446,True,False,False,-0.769888015,2.5503787498840333,1.7240332239944456,False,point_median
PRIOR_0002573,HRENVET,-0.33683515,producible_prior,-2.887214,-2.0608683,-2.887214,True,False,False,-0.769888015,2.5503787498840333,1.7240332239944456,False,point_median
PRIOR_0002574,KWRKLAN,-0.110506535,producible_prior,-2.6608853,-1.8345398,-2.6608853,True,False,False,-0.769888015,2.5503787498840333,1.7240332239944456,False,point_median
PRIOR_0002575,NNPEVVD,-0.70120656,producible_prior,-3.2515855,-2.4252398,-3.2515855,True,False,False,-0.769888015,2.5503787498840333,1.7240332239944456,False,point_median
PRIOR_0002576,PKDQSLN,-0.6464226,producible_prior,-3.1968014,-2.3704557,-3.1968014,True,False,False,-0.769888015,2.5503787498840333,1.7240332239944456,False,point_median
PRIOR_0002577,SRRYNHE,0.30692673,producible_prior,-2.243452,-1.4171065,-2.243452,True,False,False,-0.769888015,2.5503787498840333,1.7240332239944456,False,point_median
PRIOR_0002578,MQSPKTL,0.2987764,producible_prior,-2.2516024,-1.4252568,-2.2516024,True,False,False,-0.769888015,2.5503787498840333,1.7240332239944456,False,point_median
PRIOR_0002579,FSIDRVG,-0.70678365,producible_prior,-3.2571626,-2.430817,-3.2571626,True,False,False,-0.769888015,2.5503787498840333,1.7240332239944456,False,point_median
PRIOR_0002580,YKSSMLD,-0.0071675777,producible_prior,-2.5575464,-1.7312008,-2.5575464,True,False,False,-0.769888015,2.5503787498840333,1.7240332239944456,False,point_median
PRIOR_0002581,NNQSGSA,0.9548936,producible_prior,-1.5954852,-0.76913965,-1.5954852,True,True,False,-0.769888015,2.5503787498840333,1.7240332239944456,False,point_median
PRIOR_0002582,GQKVKAK,2.13588,producible_prior,-0.4144988,0.41184676,-0.4144988,True,True,True,-0.769888015,2.5503787498840333,1.7240332239944456,False,point_median
PRIOR_0002583,KQPVMEA,0.52438927,producible_prior,-2.0259895,-1.199644,-2.0259895,True,False,False,-0.769888015,2.5503787498840333,1.7240332239944456,False,point_median
PRIOR_0002584,NIGVKVV,0.47013474,producible_prior,-2.080244,-1.2538985,-2.080244,True,False,False,-0.769888015,2.5503787498840333,1.7240332239944456,False,point_median
PRIOR_0002585,QAKQEEQ,-0.3018136,producible_prior,-2.8521924,-2.025847,-2.8521924,True,False,False,-0.769888015,2.5503787498840333,1.7240332239944456,False,point_median
PRIOR_0002586,TASVEHP,-0.02193427,producible_prior,-2.572313,-1.7459675,-2.572313,True,False,False,-0.769888015,2.5503787498840333,1.7240332239944456,False,point_median
PRIOR_0002587,NRHAHML,0.056784153,producible_prior,-2.4935946,-1.6672491,-2.4935946,True,False,False,-0.769888015,2.5503787498840333,1.7240332239944456,False,point_median
PRIOR_0002588,KNSGRRR,2.4458613,producible_prior,-0.10451746,0.7218281,-0.10451746,True,True,True,-0.769888015,2.5503787498840333,1.7240332239944456,False,point_median
PRIOR_0002589,GTQKRSA,1.9522433,producible_prior,-0.5981355,0.22821009,-0.5981355,True,True,True,-0.769888015,2.5503787498840333,1.7240332239944456,False,point_median
PRIOR_0002590,GRDKHVQ,0.17187381,producible_prior,-2.378505,-1.5521594,-2.378505,True,False,False,-0.769888015,2.5503787498840333,1.7240332239944456,False,point_median
PRIOR_0002591,KNIMREK,0.010632277,producible_prior,-2.5397465,-1.713401,-2.5397465,True,False,False,-0.769888015,2.5503787498840333,1.7240332239944456,False,point_median
PRIOR_0002592,NVDSIRM,-0.67613626,producible_prior,-3.226515,-2.4001694,-3.226515,True,False,False,-0.769888015,2.5503787498840333,1.7240332239944456,False,point_median
PRIOR_0002593,TTVRANM,0.014692068,producible_prior,-2.5356867,-1.7093412,-2.5356867,True,False,False,-0.769888015,2.5503787498840333,1.7240332239944456,False,point_median
PRIOR_0002594,YKEPGDG,0.5515895,producible_prior,-1.9987893,-1.1724437,-1.9987893,True,False,False,-0.769888015,2.5503787498840333,1.7240332239944456,False,point_median
PRIOR_0002595,GMSSETV,-0.4254179,producible_prior,-2.9757967,-2.1494513,-2.9757967,True,False,False,-0.769888015,2.5503787498840333,1.7240332239944456,False,point_median
PRIOR_0002596,LGPQPYP,-0.61261916,producible_prior,-3.162998,-2.3366523,-3.162998,True,False,False,-0.769888015,2.5503787498840333,1.7240332239944456,False,point_median
PRIOR_0002597,LMVDKAE,-0.5300156,producible_prior,-3.0803943,-2.2540488,-3.0803943,True,False,False,-0.769888015,2.5503787498840333,1.7240332239944456,False,point_median
PRIOR_0002598,RPENVTL,-0.19536495,producible_prior,-2.7457438,-1.9193982,-2.7457438,True,False,False,-0.769888015,2.5503787498840333,1.7240332239944456,False,point_median
PRIOR_0002599,SQDHGID,-0.6656915,producible_prior,-3.2160702,-2.3897247,-3.2160702,True,False,False,-0.769888015,2.5503787498840333,1.7240332239944456,False,point_median
PRIOR_0002600,SWPSHKT,-0.6996139,producible_prior,-3.2499928,-2.4236472,-3.2499928,True,False,False,-0.769888015,2.5503787498840333,1.7240332239944456,False,point_median
PRIOR_0002601,FIRDTGE,-0.097788334,producible_prior,-2.6481671,-1.8218216,-2.6481671,True,False,False,-0.769888015,2.5503787498840333,1.7240332239944456,False,point_median
PRIOR_0002602,MCKHKKF,-0.16172743,producible_prior,-2.7121062,-1.8857607,-2.7121062,True,False,False,-0.769888015,2.5503787498840333,1.7240332239944456,False,point_median
PRIOR_0002603,PTEGSRA,0.50254273,producible_prior,-2.047836,-1.2214905,-2.047836,True,False,False,-0.769888015,2.5503787498840333,1.7240332239944456,False,point_median
PRIOR_0002604,IQAAAQR,0.30966997,producible_prior,-2.2407088,-1.4143633,-2.2407088,True,False,False,-0.769888015,2.5503787498840333,1.7240332239944456,False,point_median
PRIOR_0002605,FVNRITP,0.103654146,producible_prior,-2.4467247,-1.6203791,-2.4467247,True,False,False,-0.769888015,2.5503787498840333,1.7240332239944456,False,point_median
PRIOR_0002606,KRTLTDT,0.1372447,producible_prior,-2.413134,-1.5867885,-2.413134,True,False,False,-0.769888015,2.5503787498840333,1.7240332239944456,False,point_median
PRIOR_0002607,AGVQRLS,-0.10377169,producible_prior,-2.6541505,-1.8278049,-2.6541505,True,False,False,-0.769888015,2.5503787498840333,1.7240332239944456,False,point_median
PRIOR_0002608,HNKASAI,1.0268297,producible_prior,-1.5235491,-0.6972035,-1.5235491,True,True,False,-0.769888015,2.5503787498840333,1.7240332239944456,False,point_median
PRIOR_0002609,NSRTPKG,1.9417872,producible_prior,-0.60859156,0.217754,-0.60859156,True,True,True,-0.769888015,2.5503787498840333,1.7240332239944456,False,point_median
PRIOR_0002610,ARPQREY,0.31525207,producible_prior,-2.2351267,-1.4087812,-2.2351267,True,False,False,-0.769888015,2.5503787498840333,1.7240332239944456,False,point_median
PRIOR_0002611,DASDGGH,-0.6996441,producible_prior,-3.250023,-2.4236774,-3.250023,True,False,False,-0.769888015,2.5503787498840333,1.7240332239944456,False,point_median
PRIOR_0002612,TKYIAIP,-0.61912453,producible_prior,-3.1695032,-2.3431578,-3.1695032,True,False,False,-0.769888015,2.5503787498840333,1.7240332239944456,False,point_median
PRIOR_0002613,PAVQQEA,-0.42583477,producible_prior,-2.9762135,-2.149868,-2.9762135,True,False,False,-0.769888015,2.5503787498840333,1.7240332239944456,False,point_median
PRIOR_0002614,MRRFNMS,0.17880702,producible_prior,-2.3715718,-1.5452262,-2.3715718,True,False,False,-0.769888015,2.5503787498840333,1.7240332239944456,False,point_median
PRIOR_0002615,KQKQRYP,1.3628359,producible_prior,-1.1875429,-0.36119735,-1.1875429,True,True,False,-0.769888015,2.5503787498840333,1.7240332239944456,False,point_median
PRIOR_0002616,SESLGHG,-0.33080697,producible_prior,-2.8811858,-2.05484,-2.8811858,True,False,False,-0.769888015,2.5503787498840333,1.7240332239944456,False,point_median
PRIOR_0002617,TVPEKGF,-0.09492731,producible_prior,-2.645306,-1.8189605,-2.645306,True,False,False,-0.769888015,2.5503787498840333,1.7240332239944456,False,point_median
PRIOR_0002618,GMGRSGF,0.14268398,producible_prior,-2.4076948,-1.5813493,-2.4076948,True,False,False,-0.769888015,2.5503787498840333,1.7240332239944456,False,point_median
PRIOR_0002619,WTTHRGF,-0.73031235,producible_prior,-3.2806911,-2.4543457,-3.2806911,True,False,False,-0.769888015,2.5503787498840333,1.7240332239944456,False,point_median
PRIOR_0002620,QRRWSHD,-0.2877152,producible_prior,-2.838094,-2.0117483,-2.838094,True,False,False,-0.769888015,2.5503787498840333,1.7240332239944456,False,point_median
PRIOR_0002621,QVHSGED,0.07431221,producible_prior,-2.4760666,-1.649721,-2.4760666,True,False,False,-0.769888015,2.5503787498840333,1.7240332239944456,False,point_median
PRIOR_0002622,NAMVPAG,-0.3528,producible_prior,-2.9031787,-2.0768332,-2.9031787,True,False,False,-0.769888015,2.5503787498840333,1.7240332239944456,False,point_median
PRIOR_0002623,RARIAML,0.1570983,producible_prior,-2.3932805,-1.566935,-2.3932805,True,False,False,-0.769888015,2.5503787498840333,1.7240332239944456,False,point_median
PRIOR_0002624,KAKAVFD,0.39344501,producible_prior,-2.1569338,-1.3305882,-2.1569338,True,False,False,-0.769888015,2.5503787498840333,1.7240332239944456,False,point_median
PRIOR_0002625,VKNHKPV,1.8356957,producible_prior,-0.71468306,0.11166251,-0.71468306,True,True,True,-0.769888015,2.5503787498840333,1.7240332239944456,False,point_median
PRIOR_0002626,STHSSRE,0.9173808,producible_prior,-1.632998,-0.8066524,-1.632998,True,False,False,-0.769888015,2.5503787498840333,1.7240332239944456,False,point_median
PRIOR_0002627,DRMKTHS,0.37319326,producible_prior,-2.1771855,-1.35084,-2.1771855,True,False,False,-0.769888015,2.5503787498840333,1.7240332239944456,False,point_median
PRIOR_0002628,DISKQRV,0.58039093,producible_prior,-1.9699879,-1.1436423,-1.9699879,True,False,False,-0.769888015,2.5503787498840333,1.7240332239944456,False,point_median
PRIOR_0002629,KPRGIRD,1.8308411,producible_prior,-0.71953773,0.10680783,-0.71953773,True,True,True,-0.769888015,2.5503787498840333,1.7240332239944456,False,point_median
PRIOR_0002630,FGRAHEK,0.78968334,producible_prior,-1.7606955,-0.9343499,-1.7606955,True,False,False,-0.769888015,2.5503787498840333,1.7240332239944456,False,point_median
PRIOR_0002631,GNIVQSV,-0.6156043,producible_prior,-3.1659832,-2.3396375,-3.1659832,True,False,False,-0.769888015,2.5503787498840333,1.7240332239944456,False,point_median
PRIOR_0002632,FGYRRQM,-0.15775394,producible_prior,-2.7081327,-1.8817872,-2.7081327,True,False,False,-0.769888015,2.5503787498840333,1.7240332239944456,False,point_median
PRIOR_0002633,AERVRTK,0.8295975,producible_prior,-1.7207813,-0.89443576,-1.7207813,True,False,False,-0.769888015,2.5503787498840333,1.7240332239944456,False,point_median
PRIOR_0002634,QKNDQRF,0.44936848,producible_prior,-2.1010103,-1.2746648,-2.1010103,True,False,False,-0.769888015,2.5503787498840333,1.7240332239944456,False,point_median
PRIOR_0002635,QGSKLFH,-0.41560793,producible_prior,-2.9659867,-2.1396413,-2.9659867,True,False,False,-0.769888015,2.5503787498840333,1.7240332239944456,False,point_median
PRIOR_0002636,NHDTAGM,-0.49648905,producible_prior,-3.0468678,-2.2205224,-3.0468678,True,False,False,-0.769888015,2.5503787498840333,1.7240332239944456,False,point_median
PRIOR_0002637,KWKNMSS,0.20014548,producible_prior,-2.3502333,-1.5238878,-2.3502333,True,False,False,-0.769888015,2.5503787498840333,1.7240332239944456,False,point_median
PRIOR_0002638,NNFTNAR,-0.63464653,producible_prior,-3.1850252,-2.3586798,-3.1850252,True,False,False,-0.769888015,2.5503787498840333,1.7240332239944456,False,point_median
PRIOR_0002639,IHSEPRP,0.24739671,producible_prior,-2.302982,-1.4766365,-2.302982,True,False,False,-0.769888015,2.5503787498840333,1.7240332239944456,False,point_median
PRIOR_0002640,HLMNGTP,-0.45466042,producible_prior,-3.0050392,-2.1786938,-3.0050392,True,False,False,-0.769888015,2.5503787498840333,1.7240332239944456,False,point_median
PRIOR_0002641,GGKNRTV,1.9185214,producible_prior,-0.6318574,0.19448817,-0.6318574,True,True,True,-0.769888015,2.5503787498840333,1.7240332239944456,False,point_median
PRIOR_0002642,TRMNNHQ,-0.6765593,producible_prior,-3.2269382,-2.4005926,-3.2269382,True,False,False,-0.769888015,2.5503787498840333,1.7240332239944456,False,point_median
PRIOR_0002643,QVKDKYH,-0.0881989,producible_prior,-2.6385777,-1.8122321,-2.6385777,True,False,False,-0.769888015,2.5503787498840333,1.7240332239944456,False,point_median
PRIOR_0002644,RTVWQRA,-0.6501193,producible_prior,-3.200498,-2.3741527,-3.200498,True,False,False,-0.769888015,2.5503787498840333,1.7240332239944456,False,point_median
PRIOR_0002645,QHMKNIR,-0.13019562,producible_prior,-2.6805744,-1.8542289,-2.6805744,True,False,False,-0.769888015,2.5503787498840333,1.7240332239944456,False,point_median
PRIOR_0002646,GREKQPA,1.5789027,producible_prior,-0.9714761,-0.14513052,-0.9714761,True,True,False,-0.769888015,2.5503787498840333,1.7240332239944456,False,point_median
PRIOR_0002647,TIDNNPS,-0.36260164,producible_prior,-2.9129806,-2.0866349,-2.9129806,True,False,False,-0.769888015,2.5503787498840333,1.7240332239944456,False,point_median
PRIOR_0002648,AKHEAMY,-0.66562676,producible_prior,-3.2160056,-2.38966,-3.2160056,True,False,False,-0.769888015,2.5503787498840333,1.7240332239944456,False,point_median
PRIOR_0002649,DQRRIVE,0.15109468,producible_prior,-2.3992841,-1.5729386,-2.3992841,True,False,False,-0.769888015,2.5503787498840333,1.7240332239944456,False,point_median
PRIOR_0002650,SNTQEKF,-0.19997072,producible_prior,-2.7503495,-1.924004,-2.7503495,True,False,False,-0.769888015,2.5503787498840333,1.7240332239944456,False,point_median
PRIOR_0002651,YAGNHHP,0.3100779,producible_prior,-2.240301,-1.4139553,-2.240301,True,False,False,-0.769888015,2.5503787498840333,1.7240332239944456,False,point_median
PRIOR_0002652,MFGNHAR,-0.22082043,producible_prior,-2.7711992,-1.9448537,-2.7711992,True,False,False,-0.769888015,2.5503787498840333,1.7240332239944456,False,point_median
PRIOR_0002653,HEARNAG,0.7095926,producible_prior,-1.8407862,-1.0144407,-1.8407862,True,False,False,-0.769888015,2.5503787498840333,1.7240332239944456,False,point_median
PRIOR_0002654,NVHETRQ,-0.6840662,producible_prior,-3.234445,-2.4080994,-3.234445,True,False,False,-0.769888015,2.5503787498840333,1.7240332239944456,False,point_median
PRIOR_0002655,WKPVQGG,0.9785633,producible_prior,-1.5718155,-0.7454699,-1.5718155,True,True,False,-0.769888015,2.5503787498840333,1.7240332239944456,False,point_median
PRIOR_0002656,PTTVKPE,0.32013464,producible_prior,-2.2302442,-1.4038986,-2.2302442,True,False,False,-0.769888015,2.5503787498840333,1.7240332239944456,False,point_median
PRIOR_0002657,DHRATHV,0.13399363,producible_prior,-2.4163852,-1.5900396,-2.4163852,True,False,False,-0.769888015,2.5503787498840333,1.7240332239944456,False,point_median
PRIOR_0002658,LTPTMAS,-0.20347953,producible_prior,-2.7538583,-1.9275128,-2.7538583,True,False,False,-0.769888015,2.5503787498840333,1.7240332239944456,False,point_median
PRIOR_0002659,DPPQKKG,1.8722029,producible_prior,-0.6781759,0.14816964,-0.6781759,True,True,True,-0.769888015,2.5503787498840333,1.7240332239944456,False,point_median
PRIOR_0002660,FYRDREP,-0.28643835,producible_prior,-2.8368173,-2.0104716,-2.8368173,True,False,False,-0.769888015,2.5503787498840333,1.7240332239944456,False,point_median
PRIOR_0002661,QHIGPVE,-0.6035675,producible_prior,-3.1539464,-2.3276007,-3.1539464,True,False,False,-0.769888015,2.5503787498840333,1.7240332239944456,False,point_median
PRIOR_0002662,DKHGDPL,-0.33720422,producible_prior,-2.887583,-2.0612373,-2.887583,True,False,False,-0.769888015,2.5503787498840333,1.7240332239944456,False,point_median
PRIOR_0002663,VSRNILE,-0.11787009,producible_prior,-2.668249,-1.8419033,-2.668249,True,False,False,-0.769888015,2.5503787498840333,1.7240332239944456,False,point_median
PRIOR_0002664,RPLDKRE,0.9001179,producible_prior,-1.6502609,-0.82391536,-1.6502609,True,False,False,-0.769888015,2.5503787498840333,1.7240332239944456,False,point_median
PRIOR_0002665,MRKRICF,-0.5887518,producible_prior,-3.1391306,-2.3127851,-3.1391306,True,False,False,-0.769888015,2.5503787498840333,1.7240332239944456,False,point_median
PRIOR_0002666,QGVTSVS,-0.08310652,producible_prior,-2.6334853,-1.8071398,-2.6334853,True,False,False,-0.769888015,2.5503787498840333,1.7240332239944456,False,point_median
PRIOR_0002667,GRSSMHY,-0.23703456,producible_prior,-2.7874134,-1.9610678,-2.7874134,True,False,False,-0.769888015,2.5503787498840333,1.7240332239944456,False,point_median
PRIOR_0002668,ATAKQVG,1.0516806,producible_prior,-1.4986982,-0.6723527,-1.4986982,True,True,False,-0.769888015,2.5503787498840333,1.7240332239944456,False,point_median
PRIOR_0002669,QAAGVMH,-0.3203318,producible_prior,-2.8707106,-2.044365,-2.8707106,True,False,False,-0.769888015,2.5503787498840333,1.7240332239944456,False,point_median
PRIOR_0002670,HAVKKPR,1.3713274,producible_prior,-1.1790514,-0.35270584,-1.1790514,True,True,False,-0.769888015,2.5503787498840333,1.7240332239944456,False,point_median
PRIOR_0002671,KMAHIHV,-0.17105198,producible_prior,-2.7214308,-1.8950852,-2.7214308,True,False,False,-0.769888015,2.5503787498840333,1.7240332239944456,False,point_median
PRIOR_0002672,MLTNKME,0.21786642,producible_prior,-2.3325124,-1.5061668,-2.3325124,True,False,False,-0.769888015,2.5503787498840333,1.7240332239944456,False,point_median
PRIOR_0002673,SKGIYMR,-0.56315136,producible_prior,-3.1135302,-2.2871847,-3.1135302,True,False,False,-0.769888015,2.5503787498840333,1.7240332239944456,False,point_median
PRIOR_0002674,QMPNLHE,-0.60714924,producible_prior,-3.157528,-2.3311825,-3.157528,True,False,False,-0.769888015,2.5503787498840333,1.7240332239944456,False,point_median
PRIOR_0002675,NMNAGHG,0.53445745,producible_prior,-2.0159214,-1.1895758,-2.0159214,True,False,False,-0.769888015,2.5503787498840333,1.7240332239944456,False,point_median
PRIOR_0002676,QAGATTQ,-0.25880742,producible_prior,-2.8091862,-1.9828407,-2.8091862,True,False,False,-0.769888015,2.5503787498840333,1.7240332239944456,False,point_median
PRIOR_0002677,GAGRSIR,0.9220104,producible_prior,-1.6283684,-0.8020228,-1.6283684,True,False,False,-0.769888015,2.5503787498840333,1.7240332239944456,False,point_median
PRIOR_0002678,RQYSSAA,0.23968649,producible_prior,-2.3106923,-1.4843467,-2.3106923,True,False,False,-0.769888015,2.5503787498840333,1.7240332239944456,False,point_median
PRIOR_0002679,EANKPGI,0.19834757,producible_prior,-2.3520312,-1.5256857,-2.3520312,True,False,False,-0.769888015,2.5503787498840333,1.7240332239944456,False,point_median
PRIOR_0002680,PGKRKGS,2.5939388,producible_prior,0.043560028,0.8699056,0.043560028,True,True,True,-0.769888015,2.5503787498840333,1.7240332239944456,False,point_median
PRIOR_0002681,SAMKNLS,-0.050664425,producible_prior,-2.6010432,-1.7746977,-2.6010432,True,False,False,-0.769888015,2.5503787498840333,1.7240332239944456,False,point_median
PRIOR_0002682,VHDPEGK,-0.5480628,producible_prior,-3.0984416,-2.2720962,-3.0984416,True,False,False,-0.769888015,2.5503787498840333,1.7240332239944456,False,point_median
PRIOR_0002683,GTRIGES,0.47412443,producible_prior,-2.0762544,-1.2499088,-2.0762544,True,False,False,-0.769888015,2.5503787498840333,1.7240332239944456,False,point_median
PRIOR_0002684,CGKNPNA,0.41888094,producible_prior,-2.1314979,-1.3051523,-2.1314979,True,False,False,-0.769888015,2.5503787498840333,1.7240332239944456,False,point_median
PRIOR_0002685,NLNGHRE,0.7185893,producible_prior,-1.8317895,-1.0054439,-1.8317895,True,False,False,-0.769888015,2.5503787498840333,1.7240332239944456,False,point_median
PRIOR_0002686,AAHFQAS,-0.6611049,producible_prior,-3.2114837,-2.385138,-3.2114837,True,False,False,-0.769888015,2.5503787498840333,1.7240332239944456,False,point_median
PRIOR_0002687,MQGHRRM,0.99836946,producible_prior,-1.5520093,-0.7256638,-1.5520093,True,True,False,-0.769888015,2.5503787498840333,1.7240332239944456,False,point_median
PRIOR_0002688,WEAERSG,-0.49902463,producible_prior,-3.0494034,-2.2230577,-3.0494034,True,False,False,-0.769888015,2.5503787498840333,1.7240332239944456,False,point_median
PRIOR_0002689,ARTNMTQ,-0.53567266,producible_prior,-3.0860515,-2.259706,-3.0860515,True,False,False,-0.769888015,2.5503787498840333,1.7240332239944456,False,point_median
PRIOR_0002690,MADAQPE,-0.39028215,producible_prior,-2.940661,-2.1143155,-2.940661,True,False,False,-0.769888015,2.5503787498840333,1.7240332239944456,False,point_median
PRIOR_0002691,SEPHASA,0.2796018,producible_prior,-2.270777,-1.4444314,-2.270777,True,False,False,-0.769888015,2.5503787498840333,1.7240332239944456,False,point_median
PRIOR_0002692,YANKNLA,0.84345055,producible_prior,-1.7069283,-0.8805827,-1.7069283,True,False,False,-0.769888015,2.5503787498840333,1.7240332239944456,False,point_median
PRIOR_0002693,KWAKVNR,0.13267231,producible_prior,-2.4177065,-1.5913609,-2.4177065,True,False,False,-0.769888015,2.5503787498840333,1.7240332239944456,False,point_median
PRIOR_0002694,QGGPSVV,0.3909557,producible_prior,-2.159423,-1.3330775,-2.159423,True,False,False,-0.769888015,2.5503787498840333,1.7240332239944456,False,point_median
PRIOR_0002695,GGLDAKG,0.4294963,producible_prior,-2.1208825,-1.294537,-2.1208825,True,False,False,-0.769888015,2.5503787498840333,1.7240332239944456,False,point_median
PRIOR_0002696,HKTNWIG,-0.5532105,producible_prior,-3.1035893,-2.2772436,-3.1035893,True,False,False,-0.769888015,2.5503787498840333,1.7240332239944456,False,point_median
PRIOR_0002697,IGHEIVE,-0.6902746,producible_prior,-3.2406535,-2.4143078,-3.2406535,True,False,False,-0.769888015,2.5503787498840333,1.7240332239944456,False,point_median
PRIOR_0002698,CATRTSR,-0.1369729,producible_prior,-2.6873517,-1.8610061,-2.6873517,True,False,False,-0.769888015,2.5503787498840333,1.7240332239944456,False,point_median
PRIOR_0002699,TQEHNQP,0.18680072,producible_prior,-2.363578,-1.5372325,-2.363578,True,False,False,-0.769888015,2.5503787498840333,1.7240332239944456,False,point_median
PRIOR_0002700,ISAKTGH,0.8072808,producible_prior,-1.743098,-0.91675246,-1.743098,True,False,False,-0.769888015,2.5503787498840333,1.7240332239944456,False,point_median
PRIOR_0002701,NLHVVAG,0.09746194,producible_prior,-2.4529169,-1.6265713,-2.4529169,True,False,False,-0.769888015,2.5503787498840333,1.7240332239944456,False,point_median
PRIOR_0002702,KRFMMGA,-0.24188232,producible_prior,-2.7922611,-1.9659156,-2.7922611,True,False,False,-0.769888015,2.5503787498840333,1.7240332239944456,False,point_median
PRIOR_0002703,FMPSRNV,0.057991505,producible_prior,-2.4923873,-1.6660417,-2.4923873,True,False,False,-0.769888015,2.5503787498840333,1.7240332239944456,False,point_median
PRIOR_0002704,FFPQNNK,-0.2992643,producible_prior,-2.8496432,-2.0232975,-2.8496432,True,False,False,-0.769888015,2.5503787498840333,1.7240332239944456,False,point_median
PRIOR_0002705,MGGSKQH,1.2683105,producible_prior,-1.2820683,-0.4557227,-1.2820683,True,True,False,-0.769888015,2.5503787498840333,1.7240332239944456,False,point_median
PRIOR_0002706,GPLQTEE,-0.48400116,producible_prior,-3.03438,-2.2080345,-3.03438,True,False,False,-0.769888015,2.5503787498840333,1.7240332239944456,False,point_median
PRIOR_0002707,HRFRDQD,-0.32731748,producible_prior,-2.8776963,-2.0513506,-2.8776963,True,False,False,-0.769888015,2.5503787498840333,1.7240332239944456,False,point_median
PRIOR_0002708,GGKSKTI,1.9963593,producible_prior,-0.55401945,0.2723261,-0.55401945,True,True,True,-0.769888015,2.5503787498840333,1.7240332239944456,False,point_median
PRIOR_0002709,EAEGRHD,-0.44875336,producible_prior,-2.9991322,-2.1727867,-2.9991322,True,False,False,-0.769888015,2.5503787498840333,1.7240332239944456,False,point_median
PRIOR_0002710,IQEAMKT,-0.4184847,producible_prior,-2.9688635,-2.142518,-2.9688635,True,False,False,-0.769888015,2.5503787498840333,1.7240332239944456,False,point_median
PRIOR_0002711,LKFTTKW,-0.7115965,producible_prior,-3.2619753,-2.4356298,-3.2619753,True,False,False,-0.769888015,2.5503787498840333,1.7240332239944456,False,point_median
PRIOR_0002712,TQHQLES,-0.14108133,producible_prior,-2.6914601,-1.8651146,-2.6914601,True,False,False,-0.769888015,2.5503787498840333,1.7240332239944456,False,point_median
PRIOR_0002713,IKWKEAA,-0.3081764,producible_prior,-2.8585553,-2.0322096,-2.8585553,True,False,False,-0.769888015,2.5503787498840333,1.7240332239944456,False,point_median
PRIOR_0002714,SHRGHEK,1.1918902,producible_prior,-1.3584886,-0.532143,-1.3584886,True,True,False,-0.769888015,2.5503787498840333,1.7240332239944456,False,point_median
PRIOR_0002715,IKYTMNK,-0.18161583,producible_prior,-2.7319946,-1.9056491,-2.7319946,True,False,False,-0.769888015,2.5503787498840333,1.7240332239944456,False,point_median
PRIOR_0002716,RVPKLAH,0.8874545,producible_prior,-1.6629243,-0.8365787,-1.6629243,True,False,False,-0.769888015,2.5503787498840333,1.7240332239944456,False,point_median
PRIOR_0002717,SQNSPPN,-0.405151,producible_prior,-2.9555297,-2.1291842,-2.9555297,True,False,False,-0.769888015,2.5503787498840333,1.7240332239944456,False,point_median
PRIOR_0002718,QPFRMTG,-0.04427004,producible_prior,-2.5946488,-1.7683033,-2.5946488,True,False,False,-0.769888015,2.5503787498840333,1.7240332239944456,False,point_median
PRIOR_0002719,HRIGMSV,-0.040849924,producible_prior,-2.5912287,-1.7648832,-2.5912287,True,False,False,-0.769888015,2.5503787498840333,1.7240332239944456,False,point_median
PRIOR_0002720,TPASPPV,0.2554345,producible_prior,-2.2949443,-1.4685987,-2.2949443,True,False,False,-0.769888015,2.5503787498840333,1.7240332239944456,False,point_median
PRIOR_0002721,SGFHKDN,-0.7503507,producible_prior,-3.3007295,-2.4743838,-3.3007295,True,False,False,-0.769888015,2.5503787498840333,1.7240332239944456,False,point_median
PRIOR_0002722,MRSNIMT,-0.28552794,producible_prior,-2.8359067,-2.009561,-2.8359067,True,False,False,-0.769888015,2.5503787498840333,1.7240332239944456,False,point_median
PRIOR_0002723,KGIRMSR,0.5961189,producible_prior,-1.9542599,-1.1279143,-1.9542599,True,False,False,-0.769888015,2.5503787498840333,1.7240332239944456,False,point_median
PRIOR_0002724,HQAYKVE,-0.4760573,producible_prior,-3.026436,-2.2000904,-3.026436,True,False,False,-0.769888015,2.5503787498840333,1.7240332239944456,False,point_median
PRIOR_0002725,AFKQEGI,-0.24455404,producible_prior,-2.7949328,-1.9685873,-2.7949328,True,False,False,-0.769888015,2.5503787498840333,1.7240332239944456,False,point_median
PRIOR_0002726,WRHNPLL,-0.6787498,producible_prior,-3.2291286,-2.402783,-3.2291286,True,False,False,-0.769888015,2.5503787498840333,1.7240332239944456,False,point_median
PRIOR_0002727,VNTHLVD,-0.70403075,producible_prior,-3.2544096,-2.4280639,-3.2544096,True,False,False,-0.769888015,2.5503787498840333,1.7240332239944456,False,point_median
PRIOR_0002728,VGQTQTG,0.8174491,producible_prior,-1.7329297,-0.90658414,-1.7329297,True,False,False,-0.769888015,2.5503787498840333,1.7240332239944456,False,point_median
PRIOR_0002729,QWQGANR,-0.70952654,producible_prior,-3.2599053,-2.43356,-3.2599053,True,False,False,-0.769888015,2.5503787498840333,1.7240332239944456,False,point_median
PRIOR_0002730,KKTFAAS,0.90299845,producible_prior,-1.6473804,-0.8210348,-1.6473804,True,False,False,-0.769888015,2.5503787498840333,1.7240332239944456,False,point_median
PRIOR_0002731,HGDQIHP,-0.42352676,producible_prior,-2.9739056,-2.1475601,-2.9739056,True,False,False,-0.769888015,2.5503787498840333,1.7240332239944456,False,point_median
PRIOR_0002732,HEKPSSH,0.35569143,producible_prior,-2.1946874,-1.3683418,-2.1946874,True,False,False,-0.769888015,2.5503787498840333,1.7240332239944456,False,point_median
PRIOR_0002733,TAIAERH,-0.57661784,producible_prior,-3.1269965,-2.300651,-3.1269965,True,False,False,-0.769888015,2.5503787498840333,1.7240332239944456,False,point_median
PRIOR_0002734,RGFAHAD,-0.25171256,producible_prior,-2.8020914,-1.9757458,-2.8020914,True,False,False,-0.769888015,2.5503787498840333,1.7240332239944456,False,point_median
PRIOR_0002735,YIRKDRF,0.16675639,producible_prior,-2.3836224,-1.5572768,-2.3836224,True,False,False,-0.769888015,2.5503787498840333,1.7240332239944456,False,point_median
PRIOR_0002736,QGVPKFS,-0.36786628,producible_prior,-2.918245,-2.0918994,-2.918245,True,False,False,-0.769888015,2.5503787498840333,1.7240332239944456,False,point_median
PRIOR_0002737,VGKKMFR,0.7182772,producible_prior,-1.8321016,-1.005756,-1.8321016,True,False,False,-0.769888015,2.5503787498840333,1.7240332239944456,False,point_median
PRIOR_0002738,SHQISSR,-0.100399256,producible_prior,-2.650778,-1.8244325,-2.650778,True,False,False,-0.769888015,2.5503787498840333,1.7240332239944456,False,point_median
PRIOR_0002739,KNDFETG,-0.468014,producible_prior,-3.0183928,-2.192047,-3.0183928,True,False,False,-0.769888015,2.5503787498840333,1.7240332239944456,False,point_median
PRIOR_0002740,THGQPQE,0.5884335,producible_prior,-1.9619453,-1.1355997,-1.9619453,True,False,False,-0.769888015,2.5503787498840333,1.7240332239944456,False,point_median
PRIOR_0002741,GSAREFE,-0.6630583,producible_prior,-3.213437,-2.3870916,-3.213437,True,False,False,-0.769888015,2.5503787498840333,1.7240332239944456,False,point_median
PRIOR_0002742,RSGIADI,-0.1603303,producible_prior,-2.710709,-1.8843635,-2.710709,True,False,False,-0.769888015,2.5503787498840333,1.7240332239944456,False,point_median
PRIOR_0002743,WAGQLAV,-0.7247417,producible_prior,-3.2751205,-2.4487748,-3.2751205,True,False,False,-0.769888015,2.5503787498840333,1.7240332239944456,False,point_median
PRIOR_0002744,NMQSKYD,-0.6068597,producible_prior,-3.1572385,-2.330893,-3.1572385,True,False,False,-0.769888015,2.5503787498840333,1.7240332239944456,False,point_median
PRIOR_0002745,YRDPRTP,0.75284624,producible_prior,-1.7975326,-0.971187,-1.7975326,True,False,False,-0.769888015,2.5503787498840333,1.7240332239944456,False,point_median
PRIOR_0002746,ENKRVKQ,0.6967938,producible_prior,-1.853585,-1.0272394,-1.853585,True,False,False,-0.769888015,2.5503787498840333,1.7240332239944456,False,point_median
PRIOR_0002747,SQERQHY,-0.73471165,producible_prior,-3.2850904,-2.458745,-3.2850904,True,False,False,-0.769888015,2.5503787498840333,1.7240332239944456,False,point_median
PRIOR_0002748,QNMSPEP,-0.52100205,producible_prior,-3.0713809,-2.2450352,-3.0713809,True,False,False,-0.769888015,2.5503787498840333,1.7240332239944456,False,point_median
PRIOR_0002749,AVSMHRM,-0.76183033,producible_prior,-3.3122091,-2.4858637,-3.3122091,True,False,False,-0.769888015,2.5503787498840333,1.7240332239944456,False,point_median
PRIOR_0002750,SRTRAKK,2.5544362,producible_prior,0.0040574074,0.830403,0.0040574074,True,True,True,-0.769888015,2.5503787498840333,1.7240332239944456,False,point_median
PRIOR_0002751,GHKEIPY,-0.7491317,producible_prior,-3.2995105,-2.473165,-3.2995105,True,False,False,-0.769888015,2.5503787498840333,1.7240332239944456,False,point_median
PRIOR_0002752,NSGVDKP,0.5278461,producible_prior,-2.0225327,-1.1961871,-2.0225327,True,False,False,-0.769888015,2.5503787498840333,1.7240332239944456,False,point_median
PRIOR_0002753,GHPPSGI,0.16952324,producible_prior,-2.3808556,-1.55451,-2.3808556,True,False,False,-0.769888015,2.5503787498840333,1.7240332239944456,False,point_median
PRIOR_0002754,KFYKPEH,-0.48675334,producible_prior,-3.0371323,-2.2107866,-3.0371323,True,False,False,-0.769888015,2.5503787498840333,1.7240332239944456,False,point_median
PRIOR_0002755,CERKFKP,-0.15209436,producible_prior,-2.7024732,-1.8761276,-2.7024732,True,False,False,-0.769888015,2.5503787498840333,1.7240332239944456,False,point_median
PRIOR_0002756,LIAGVSL,-0.69018054,producible_prior,-3.2405593,-2.4142137,-3.2405593,True,False,False,-0.769888015,2.5503787498840333,1.7240332239944456,False,point_median
PRIOR_0002757,YFGQIHA,-0.60620975,producible_prior,-3.1565886,-2.330243,-3.1565886,True,False,False,-0.769888015,2.5503787498840333,1.7240332239944456,False,point_median
PRIOR_0002758,YFKISAT,-0.5309831,producible_prior,-3.0813618,-2.2550163,-3.0813618,True,False,False,-0.769888015,2.5503787498840333,1.7240332239944456,False,point_median
PRIOR_0002759,QPNIIGS,-0.32389212,producible_prior,-2.874271,-2.0479255,-2.874271,True,False,False,-0.769888015,2.5503787498840333,1.7240332239944456,False,point_median
PRIOR_0002760,KAMRTKI,1.2269506,producible_prior,-1.3234282,-0.4970826,-1.3234282,True,True,False,-0.769888015,2.5503787498840333,1.7240332239944456,False,point_median
PRIOR_0002761,GGVTHSA,0.24271083,producible_prior,-2.307668,-1.4813224,-2.307668,True,False,False,-0.769888015,2.5503787498840333,1.7240332239944456,False,point_median
PRIOR_0002762,ERNAPEL,-0.4253291,producible_prior,-2.975708,-2.1493623,-2.975708,True,False,False,-0.769888015,2.5503787498840333,1.7240332239944456,False,point_median
PRIOR_0002763,GSSTQSK,0.7282758,producible_prior,-1.822103,-0.99575746,-1.822103,True,False,False,-0.769888015,2.5503787498840333,1.7240332239944456,False,point_median
PRIOR_0002764,MPNAQRV,0.77291584,producible_prior,-1.777463,-0.9511174,-1.777463,True,False,False,-0.769888015,2.5503787498840333,1.7240332239944456,False,point_median
PRIOR_0002765,YFNNKIH,-0.34647632,producible_prior,-2.896855,-2.0705094,-2.896855,True,False,False,-0.769888015,2.5503787498840333,1.7240332239944456,False,point_median
PRIOR_0002766,ETKMPRP,0.107059,producible_prior,-2.4433198,-1.6169742,-2.4433198,True,False,False,-0.769888015,2.5503787498840333,1.7240332239944456,False,point_median
PRIOR_0002767,DKPETEL,-0.4732195,producible_prior,-3.0235982,-2.1972528,-3.0235982,True,False,False,-0.769888015,2.5503787498840333,1.7240332239944456,False,point_median
PRIOR_0002768,KSTMSMP,-0.06248045,producible_prior,-2.6128592,-1.7865137,-2.6128592,True,False,False,-0.769888015,2.5503787498840333,1.7240332239944456,False,point_median
PRIOR_0002769,LPLRGAS,0.22645426,producible_prior,-2.3239245,-1.497579,-2.3239245,True,False,False,-0.769888015,2.5503787498840333,1.7240332239944456,False,point_median
PRIOR_0002770,RRGLSII,0.40418983,producible_prior,-2.146189,-1.3198434,-2.146189,True,False,False,-0.769888015,2.5503787498840333,1.7240332239944456,False,point_median
PRIOR_0002771,HNPQENG,0.44326496,producible_prior,-2.1071138,-1.2807683,-2.1071138,True,False,False,-0.769888015,2.5503787498840333,1.7240332239944456,False,point_median
PRIOR_0002772,HDDTNAS,-0.7442384,producible_prior,-3.2946172,-2.4682717,-3.2946172,True,False,False,-0.769888015,2.5503787498840333,1.7240332239944456,False,point_median
PRIOR_0002773,FRGLVTE,-0.13781118,producible_prior,-2.68819,-1.8618444,-2.68819,True,False,False,-0.769888015,2.5503787498840333,1.7240332239944456,False,point_median
PRIOR_0002774,TIVRASV,0.08117914,producible_prior,-2.4691997,-1.6428541,-2.4691997,True,False,False,-0.769888015,2.5503787498840333,1.7240332239944456,False,point_median
PRIOR_0002775,VREDPKA,0.7607231,producible_prior,-1.7896557,-0.9633101,-1.7896557,True,False,False,-0.769888015,2.5503787498840333,1.7240332239944456,False,point_median
PRIOR_0002776,DPGKFTI,-0.6455395,producible_prior,-3.1959183,-2.3695726,-3.1959183,True,False,False,-0.769888015,2.5503787498840333,1.7240332239944456,False,point_median
PRIOR_0002777,IPKKASQ,1.209511,producible_prior,-1.3408678,-0.5145222,-1.3408678,True,True,False,-0.769888015,2.5503787498840333,1.7240332239944456,False,point_median
PRIOR_0002778,IHPHKSC,-0.71905017,producible_prior,-3.269429,-2.4430833,-3.269429,True,False,False,-0.769888015,2.5503787498840333,1.7240332239944456,False,point_median
PRIOR_0002779,QVNGGFM,-0.6788461,producible_prior,-3.229225,-2.4028792,-3.229225,True,False,False,-0.769888015,2.5503787498840333,1.7240332239944456,False,point_median
PRIOR_0002780,FQAGGAI,0.017274857,producible_prior,-2.533104,-1.7067584,-2.533104,True,False,False,-0.769888015,2.5503787498840333,1.7240332239944456,False,point_median
PRIOR_0002781,KSIPQVE,-0.28956032,producible_prior,-2.839939,-2.0135937,-2.839939,True,False,False,-0.769888015,2.5503787498840333,1.7240332239944456,False,point_median
PRIOR_0002782,HNGLSMV,-0.537966,producible_prior,-3.0883448,-2.2619991,-3.0883448,True,False,False,-0.769888015,2.5503787498840333,1.7240332239944456,False,point_median
PRIOR_0002783,WGLPNAG,-0.7550832,producible_prior,-3.305462,-2.4791164,-3.305462,True,False,False,-0.769888015,2.5503787498840333,1.7240332239944456,False,point_median
PRIOR_0002784,LKQTHTE,0.86913276,producible_prior,-1.681246,-0.8549005,-1.681246,True,False,False,-0.769888015,2.5503787498840333,1.7240332239944456,False,point_median
PRIOR_0002785,FLIQSKV,-0.46430755,producible_prior,-3.0146863,-2.1883407,-3.0146863,True,False,False,-0.769888015,2.5503787498840333,1.7240332239944456,False,point_median
PRIOR_0002786,GNGIKIG,0.8892176,producible_prior,-1.6611612,-0.8348156,-1.6611612,True,False,False,-0.769888015,2.5503787498840333,1.7240332239944456,False,point_median
PRIOR_0002787,MIITSGP,-0.692765,producible_prior,-3.2431438,-2.416798,-3.2431438,True,False,False,-0.769888015,2.5503787498840333,1.7240332239944456,False,point_median
PRIOR_0002788,KQIEIKV,-0.22534657,producible_prior,-2.7757254,-1.9493798,-2.7757254,True,False,False,-0.769888015,2.5503787498840333,1.7240332239944456,False,point_median
PRIOR_0002789,KSKDRKI,2.2056031,producible_prior,-0.34477568,0.4815699,-0.34477568,True,True,True,-0.769888015,2.5503787498840333,1.7240332239944456,False,point_median
PRIOR_0002790,DKKILEQ,-0.7540537,producible_prior,-3.3044324,-2.478087,-3.3044324,True,False,False,-0.769888015,2.5503787498840333,1.7240332239944456,False,point_median
PRIOR_0002791,TGGQMKF,0.37791395,producible_prior,-2.1724648,-1.3461193,-2.1724648,True,False,False,-0.769888015,2.5503787498840333,1.7240332239944456,False,point_median
PRIOR_0002792,MCGRSGG,-0.3518269,producible_prior,-2.9022057,-2.07586,-2.9022057,True,False,False,-0.769888015,2.5503787498840333,1.7240332239944456,False,point_median
PRIOR_0002793,FRLKKNQ,0.39862156,producible_prior,-2.1517572,-1.3254117,-2.1517572,True,False,False,-0.769888015,2.5503787498840333,1.7240332239944456,False,point_median
PRIOR_0002794,ERMTKQL,-0.21310759,producible_prior,-2.7634864,-1.9371408,-2.7634864,True,False,False,-0.769888015,2.5503787498840333,1.7240332239944456,False,point_median
PRIOR_0002795,RENRITS,0.6516204,producible_prior,-1.8987584,-1.0724128,-1.8987584,True,False,False,-0.769888015,2.5503787498840333,1.7240332239944456,False,point_median
PRIOR_0002796,NEHVAHH,-0.69954944,producible_prior,-3.2499282,-2.4235826,-3.2499282,True,False,False,-0.769888015,2.5503787498840333,1.7240332239944456,False,point_median
PRIOR_0002797,HKDTDAT,-0.4019282,producible_prior,-2.952307,-2.1259613,-2.952307,True,False,False,-0.769888015,2.5503787498840333,1.7240332239944456,False,point_median
PRIOR_0002798,TVRRIGV,0.9941063,producible_prior,-1.5562725,-0.72992694,-1.5562725,True,True,False,-0.769888015,2.5503787498840333,1.7240332239944456,False,point_median
PRIOR_0002799,YRSHKGM,1.4028959,producible_prior,-1.1474829,-0.3211373,-1.1474829,True,True,False,-0.769888015,2.5503787498840333,1.7240332239944456,False,point_median
PRIOR_0002800,VPDRKAP,1.361289,producible_prior,-1.1890898,-0.3627442,-1.1890898,True,True,False,-0.769888015,2.5503787498840333,1.7240332239944456,False,point_median
PRIOR_0002801,NYDKAVV,-0.5046694,producible_prior,-3.0550482,-2.2287025,-3.0550482,True,False,False,-0.769888015,2.5503787498840333,1.7240332239944456,False,point_median
PRIOR_0002802,ARKVKTE,2.2821279,producible_prior,-0.26825094,0.5580946,-0.26825094,True,True,True,-0.769888015,2.5503787498840333,1.7240332239944456,False,point_median
PRIOR_0002803,KNLSHPH,-0.28971243,producible_prior,-2.8400912,-2.0137458,-2.8400912,True,False,False,-0.769888015,2.5503787498840333,1.7240332239944456,False,point_median
PRIOR_0002804,QMGKIPF,-0.4256631,producible_prior,-2.9760418,-2.1496964,-2.9760418,True,False,False,-0.769888015,2.5503787498840333,1.7240332239944456,False,point_median
PRIOR_0002805,AEIGSSS,-0.7049421,producible_prior,-3.255321,-2.4289753,-3.255321,True,False,False,-0.769888015,2.5503787498840333,1.7240332239944456,False,point_median
PRIOR_0002806,NAGGPDI,0.027961493,producible_prior,-2.5224173,-1.6960717,-2.5224173,True,False,False,-0.769888015,2.5503787498840333,1.7240332239944456,False,point_median
PRIOR_0002807,VKYVGSD,-0.17254138,producible_prior,-2.7229202,-1.8965746,-2.7229202,True,False,False,-0.769888015,2.5503787498840333,1.7240332239944456,False,point_median
PRIOR_0002808,QPAQKEN,0.33112955,producible_prior,-2.2192492,-1.3929037,-2.2192492,True,False,False,-0.769888015,2.5503787498840333,1.7240332239944456,False,point_median
PRIOR_0002809,RETTLVR,-0.3440163,producible_prior,-2.894395,-2.0680494,-2.894395,True,False,False,-0.769888015,2.5503787498840333,1.7240332239944456,False,point_median
PRIOR_0002810,MMKRTQQ,0.43603086,producible_prior,-2.114348,-1.2880024,-2.114348,True,False,False,-0.769888015,2.5503787498840333,1.7240332239944456,False,point_median
PRIOR_0002811,SQSSRMA,0.8191259,producible_prior,-1.7312529,-0.90490735,-1.7312529,True,False,False,-0.769888015,2.5503787498840333,1.7240332239944456,False,point_median
PRIOR_0002812,WPGSSKR,0.96780705,producible_prior,-1.5825717,-0.7562262,-1.5825717,True,True,False,-0.769888015,2.5503787498840333,1.7240332239944456,False,point_median
PRIOR_0002813,AKAQMYE,-0.5780468,producible_prior,-3.1284256,-2.3020802,-3.1284256,True,False,False,-0.769888015,2.5503787498840333,1.7240332239944456,False,point_median
PRIOR_0002814,RLPGVEV,0.5007701,producible_prior,-2.0496087,-1.2232631,-2.0496087,True,False,False,-0.769888015,2.5503787498840333,1.7240332239944456,False,point_median
PRIOR_0002815,YHRSRFY,-0.7542099,producible_prior,-3.3045888,-2.478243,-3.3045888,True,False,False,-0.769888015,2.5503787498840333,1.7240332239944456,False,point_median
PRIOR_0002816,LIPISHK,-0.4143598,producible_prior,-2.9647386,-2.138393,-2.9647386,True,False,False,-0.769888015,2.5503787498840333,1.7240332239944456,False,point_median
PRIOR_0002817,LHQDQVR,-0.5321951,producible_prior,-3.082574,-2.2562284,-3.082574,True,False,False,-0.769888015,2.5503787498840333,1.7240332239944456,False,point_median
PRIOR_0002818,TSINHMG,-0.45914507,producible_prior,-3.0095239,-2.1831784,-3.0095239,True,False,False,-0.769888015,2.5503787498840333,1.7240332239944456,False,point_median
PRIOR_0002819,AADLKSR,-0.15165663,producible_prior,-2.7020354,-1.8756899,-2.7020354,True,False,False,-0.769888015,2.5503787498840333,1.7240332239944456,False,point_median
PRIOR_0002820,IILPQAG,-0.73879063,producible_prior,-3.2891693,-2.4628239,-3.2891693,True,False,False,-0.769888015,2.5503787498840333,1.7240332239944456,False,point_median
PRIOR_0002821,VTRMKPV,0.5638108,producible_prior,-1.986568,-1.1602224,-1.986568,True,False,False,-0.769888015,2.5503787498840333,1.7240332239944456,False,point_median
PRIOR_0002822,GRKDRCL,-0.13527226,producible_prior,-2.685651,-1.8593055,-2.685651,True,False,False,-0.769888015,2.5503787498840333,1.7240332239944456,False,point_median
PRIOR_0002823,HGNDPQI,-0.26459205,producible_prior,-2.814971,-1.9886253,-2.814971,True,False,False,-0.769888015,2.5503787498840333,1.7240332239944456,False,point_median
PRIOR_0002824,IREPDGM,-0.71611905,producible_prior,-3.2664979,-2.4401522,-3.2664979,True,False,False,-0.769888015,2.5503787498840333,1.7240332239944456,False,point_median
PRIOR_0002825,HGASLTT,-0.46479487,producible_prior,-3.0151737,-2.188828,-3.0151737,True,False,False,-0.769888015,2.5503787498840333,1.7240332239944456,False,point_median
PRIOR_0002826,VHQQNKQ,-0.010727167,producible_prior,-2.561106,-1.7347604,-2.561106,True,False,False,-0.769888015,2.5503787498840333,1.7240332239944456,False,point_median
PRIOR_0002827,YRHRTPF,0.5644455,producible_prior,-1.9859333,-1.1595877,-1.9859333,True,False,False,-0.769888015,2.5503787498840333,1.7240332239944456,False,point_median
PRIOR_0002828,QMKHRGS,1.4794185,producible_prior,-1.0709603,-0.24461472,-1.0709603,True,True,False,-0.769888015,2.5503787498840333,1.7240332239944456,False,point_median
PRIOR_0002829,GIMIKPA,-0.37178254,producible_prior,-2.9221613,-2.0958157,-2.9221613,True,False,False,-0.769888015,2.5503787498840333,1.7240332239944456,False,point_median
PRIOR_0002830,HPGPNEL,-0.18796158,producible_prior,-2.7383404,-1.9119948,-2.7383404,True,False,False,-0.769888015,2.5503787498840333,1.7240332239944456,False,point_median
PRIOR_0002831,RSIRSVF,-0.33724487,producible_prior,-2.8876238,-2.061278,-2.8876238,True,False,False,-0.769888015,2.5503787498840333,1.7240332239944456,False,point_median
PRIOR_0002832,LESRNQA,0.6478143,producible_prior,-1.9025645,-1.076219,-1.9025645,True,False,False,-0.769888015,2.5503787498840333,1.7240332239944456,False,point_median
PRIOR_0002833,MSQPKEE,0.53894234,producible_prior,-2.0114365,-1.1850909,-2.0114365,True,False,False,-0.769888015,2.5503787498840333,1.7240332239944456,False,point_median
PRIOR_0002834,TGYKTFV,-0.7017698,producible_prior,-3.2521486,-2.4258032,-3.2521486,True,False,False,-0.769888015,2.5503787498840333,1.7240332239944456,False,point_median
PRIOR_0002835,PPVKESL,-0.5054461,producible_prior,-3.0558248,-2.2294793,-3.0558248,True,False,False,-0.769888015,2.5503787498840333,1.7240332239944456,False,point_median
PRIOR_0002836,SAQKRCE,0.07512689,producible_prior,-2.475252,-1.6489064,-2.475252,True,False,False,-0.769888015,2.5503787498840333,1.7240332239944456,False,point_median
PRIOR_0002837,CNKTAKD,0.6269908,producible_prior,-1.923388,-1.0970424,-1.923388,True,False,False,-0.769888015,2.5503787498840333,1.7240332239944456,False,point_median
PRIOR_0002838,RMKYEPM,-0.70601106,producible_prior,-3.2563899,-2.4300442,-3.2563899,True,False,False,-0.769888015,2.5503787498840333,1.7240332239944456,False,point_median
PRIOR_0002839,FIYPKTA,-0.61017966,producible_prior,-3.1605585,-2.3342128,-3.1605585,True,False,False,-0.769888015,2.5503787498840333,1.7240332239944456,False,point_median
PRIOR_0002840,DAALKAH,-0.59540284,producible_prior,-3.1457815,-2.319436,-3.1457815,True,False,False,-0.769888015,2.5503787498840333,1.7240332239944456,False,point_median
PRIOR_0002841,DKPHHQL,0.14362931,producible_prior,-2.4067495,-1.5804039,-2.4067495,True,False,False,-0.769888015,2.5503787498840333,1.7240332239944456,False,point_median
PRIOR_0002842,HAATKRL,0.95352507,producible_prior,-1.5968537,-0.77050817,-1.5968537,True,False,False,-0.769888015,2.5503787498840333,1.7240332239944456,False,point_median
PRIOR_0002843,RSVQMKL,0.13184619,producible_prior,-2.4185326,-1.592187,-2.4185326,True,False,False,-0.769888015,2.5503787498840333,1.7240332239944456,False,point_median
PRIOR_0002844,EQKPRFI,-0.59506166,producible_prior,-3.1454406,-2.319095,-3.1454406,True,False,False,-0.769888015,2.5503787498840333,1.7240332239944456,False,point_median
PRIOR_0002845,EPDKKIF,-0.45945764,producible_prior,-3.0098364,-2.1834908,-3.0098364,True,False,False,-0.769888015,2.5503787498840333,1.7240332239944456,False,point_median
PRIOR_0002846,VHEHGNV,-0.25899196,producible_prior,-2.8093708,-1.9830252,-2.8093708,True,False,False,-0.769888015,2.5503787498840333,1.7240332239944456,False,point_median
PRIOR_0002847,VSGSHMI,-0.3980006,producible_prior,-2.9483795,-2.1220338,-2.9483795,True,False,False,-0.769888015,2.5503787498840333,1.7240332239944456,False,point_median
PRIOR_0002848,SNAMTTS,-0.34720445,producible_prior,-2.8975832,-2.0712376,-2.8975832,True,False,False,-0.769888015,2.5503787498840333,1.7240332239944456,False,point_median
PRIOR_0002849,FLRKSSR,1.3129106,producible_prior,-1.2374682,-0.41112268,-1.2374682,True,True,False,-0.769888015,2.5503787498840333,1.7240332239944456,False,point_median
PRIOR_0002850,FGHQKAA,1.3050337,producible_prior,-1.2453451,-0.41899955,-1.2453451,True,True,False,-0.769888015,2.5503787498840333,1.7240332239944456,False,point_median
PRIOR_0002851,TSNQSSP,0.7857461,producible_prior,-1.7646327,-0.93828714,-1.7646327,True,False,False,-0.769888015,2.5503787498840333,1.7240332239944456,False,point_median
PRIOR_0002852,RRKFSRH,1.7847204,producible_prior,-0.7656584,0.060687184,-0.7656584,True,True,True,-0.769888015,2.5503787498840333,1.7240332239944456,False,point_median
PRIOR_0002853,TVKEHAK,0.7954993,producible_prior,-1.7548795,-0.9285339,-1.7548795,True,False,False,-0.769888015,2.5503787498840333,1.7240332239944456,False,point_median
PRIOR_0002854,QWRNGIE,-0.67065597,producible_prior,-3.2210348,-2.394689,-3.2210348,True,False,False,-0.769888015,2.5503787498840333,1.7240332239944456,False,point_median
PRIOR_0002855,QFNQQNK,0.05888796,producible_prior,-2.4914908,-1.6651453,-2.4914908,True,False,False,-0.769888015,2.5503787498840333,1.7240332239944456,False,point_median
PRIOR_0002856,YIGHSKA,1.116539,producible_prior,-1.4338398,-0.60749424,-1.4338398,True,True,False,-0.769888015,2.5503787498840333,1.7240332239944456,False,point_median
PRIOR_0002857,TGGSSHL,0.40407515,producible_prior,-2.1463037,-1.3199581,-2.1463037,True,False,False,-0.769888015,2.5503787498840333,1.7240332239944456,False,point_median
PRIOR_0002858,MKPHTCV,-0.41439056,producible_prior,-2.9647694,-2.138424,-2.9647694,True,False,False,-0.769888015,2.5503787498840333,1.7240332239944456,False,point_median
PRIOR_0002859,NIFSKRA,0.47993565,producible_prior,-2.0704432,-1.2440976,-2.0704432,True,False,False,-0.769888015,2.5503787498840333,1.7240332239944456,False,point_median
PRIOR_0002860,YKLSQIM,-0.7029364,producible_prior,-3.2533152,-2.4269695,-3.2533152,True,False,False,-0.769888015,2.5503787498840333,1.7240332239944456,False,point_median
PRIOR_0002861,TKSQHAF,0.4702649,producible_prior,-2.080114,-1.2537683,-2.080114,True,False,False,-0.769888015,2.5503787498840333,1.7240332239944456,False,point_median
PRIOR_0002862,RANRFAV,0.37969708,producible_prior,-2.1706817,-1.3443362,-2.1706817,True,False,False,-0.769888015,2.5503787498840333,1.7240332239944456,False,point_median
PRIOR_0002863,HKASIMK,0.6036179,producible_prior,-1.9467609,-1.1204153,-1.9467609,True,False,False,-0.769888015,2.5503787498840333,1.7240332239944456,False,point_median
PRIOR_0002864,VAGVRIH,0.024169207,producible_prior,-2.5262096,-1.699864,-2.5262096,True,False,False,-0.769888015,2.5503787498840333,1.7240332239944456,False,point_median
PRIOR_0002865,KGNPLHL,-0.033889294,producible_prior,-2.584268,-1.7579225,-2.584268,True,False,False,-0.769888015,2.5503787498840333,1.7240332239944456,False,point_median
PRIOR_0002866,GRSTDRY,0.013883352,producible_prior,-2.5364954,-1.7101499,-2.5364954,True,False,False,-0.769888015,2.5503787498840333,1.7240332239944456,False,point_median
PRIOR_0002867,AGVSHHH,-0.6370671,producible_prior,-3.1874459,-2.3611002,-3.1874459,True,False,False,-0.769888015,2.5503787498840333,1.7240332239944456,False,point_median
PRIOR_0002868,TKTYDRH,-0.41838145,producible_prior,-2.9687603,-2.1424146,-2.9687603,True,False,False,-0.769888015,2.5503787498840333,1.7240332239944456,False,point_median
PRIOR_0002869,TDNPHNG,0.09132004,producible_prior,-2.4590588,-1.6327132,-2.4590588,True,False,False,-0.769888015,2.5503787498840333,1.7240332239944456,False,point_median
PRIOR_0002870,LEQFVKA,-0.5975692,producible_prior,-3.147948,-2.3216023,-3.147948,True,False,False,-0.769888015,2.5503787498840333,1.7240332239944456,False,point_median
PRIOR_0002871,SELSRDA,-0.6670046,producible_prior,-3.2173834,-2.391038,-3.2173834,True,False,False,-0.769888015,2.5503787498840333,1.7240332239944456,False,point_median
PRIOR_0002872,VAPMSRN,-0.5332686,producible_prior,-3.0836473,-2.2573018,-3.0836473,True,False,False,-0.769888015,2.5503787498840333,1.7240332239944456,False,point_median
PRIOR_0002873,YNANDSS,-0.44182575,producible_prior,-2.9922047,-2.165859,-2.9922047,True,False,False,-0.769888015,2.5503787498840333,1.7240332239944456,False,point_median
PRIOR_0002874,PNVPSTG,-0.114142895,producible_prior,-2.6645217,-1.8381761,-2.6645217,True,False,False,-0.769888015,2.5503787498840333,1.7240332239944456,False,point_median
PRIOR_0002875,AFNGKGM,0.4670074,producible_prior,-2.0833714,-1.2570258,-2.0833714,True,False,False,-0.769888015,2.5503787498840333,1.7240332239944456,False,point_median
PRIOR_0002876,HLPNSKQ,0.048342466,producible_prior,-2.5020363,-1.6756908,-2.5020363,True,False,False,-0.769888015,2.5503787498840333,1.7240332239944456,False,point_median
PRIOR_0002877,MHSTSAL,-0.2505164,producible_prior,-2.8008952,-1.9745497,-2.8008952,True,False,False,-0.769888015,2.5503787498840333,1.7240332239944456,False,point_median
PRIOR_0002878,IPSKHEH,0.6744034,producible_prior,-1.8759754,-1.0496298,-1.8759754,True,False,False,-0.769888015,2.5503787498840333,1.7240332239944456,False,point_median
PRIOR_0002879,INLIKQK,-0.043669462,producible_prior,-2.5940483,-1.7677027,-2.5940483,True,False,False,-0.769888015,2.5503787498840333,1.7240332239944456,False,point_median
PRIOR_0002880,TGKPREC,-0.15383601,producible_prior,-2.7042148,-1.8778692,-2.7042148,True,False,False,-0.769888015,2.5503787498840333,1.7240332239944456,False,point_median
PRIOR_0002881,IARRLNQ,-0.011856794,producible_prior,-2.5622356,-1.73589,-2.5622356,True,False,False,-0.769888015,2.5503787498840333,1.7240332239944456,False,point_median
PRIOR_0002882,MHIKGMA,0.20396996,producible_prior,-2.3464088,-1.5200633,-2.3464088,True,False,False,-0.769888015,2.5503787498840333,1.7240332239944456,False,point_median
PRIOR_0002883,RHLNASL,-0.42286062,producible_prior,-2.9732394,-2.146894,-2.9732394,True,False,False,-0.769888015,2.5503787498840333,1.7240332239944456,False,point_median
PRIOR_0002884,RQTGMYD,-0.6227906,producible_prior,-3.1731694,-2.3468237,-3.1731694,True,False,False,-0.769888015,2.5503787498840333,1.7240332239944456,False,point_median
PRIOR_0002885,NQKSDAF,-0.2726071,producible_prior,-2.822986,-1.9966403,-2.822986,True,False,False,-0.769888015,2.5503787498840333,1.7240332239944456,False,point_median
PRIOR_0002886,IAQRQMI,0.08926201,producible_prior,-2.4611168,-1.6347712,-2.4611168,True,False,False,-0.769888015,2.5503787498840333,1.7240332239944456,False,point_median
PRIOR_0002887,EHQRPGD,-0.13802719,producible_prior,-2.688406,-1.8620604,-2.688406,True,False,False,-0.769888015,2.5503787498840333,1.7240332239944456,False,point_median
PRIOR_0002888,EGTRHTN,-0.4914112,producible_prior,-3.04179,-2.2154446,-3.04179,True,False,False,-0.769888015,2.5503787498840333,1.7240332239944456,False,point_median
PRIOR_0002889,KMYNRNK,0.24453354,producible_prior,-2.3058453,-1.4794997,-2.3058453,True,False,False,-0.769888015,2.5503787498840333,1.7240332239944456,False,point_median
PRIOR_0002890,LSKMSNA,0.54295945,producible_prior,-2.0074193,-1.1810738,-2.0074193,True,False,False,-0.769888015,2.5503787498840333,1.7240332239944456,False,point_median
PRIOR_0002891,MGPQTHT,0.014149189,producible_prior,-2.5362296,-1.709884,-2.5362296,True,False,False,-0.769888015,2.5503787498840333,1.7240332239944456,False,point_median
PRIOR_0002892,SNNAPKD,0.90595865,producible_prior,-1.6444201,-0.8180746,-1.6444201,True,False,False,-0.769888015,2.5503787498840333,1.7240332239944456,False,point_median
PRIOR_0002893,HVVKAPS,0.39536238,producible_prior,-2.1550164,-1.3286709,-2.1550164,True,False,False,-0.769888015,2.5503787498840333,1.7240332239944456,False,point_median
PRIOR_0002894,ARGMVVS,-0.08984852,producible_prior,-2.6402273,-1.8138818,-2.6402273,True,False,False,-0.769888015,2.5503787498840333,1.7240332239944456,False,point_median
PRIOR_0002895,NRKPLFE,0.13467455,producible_prior,-2.4157043,-1.5893587,-2.4157043,True,False,False,-0.769888015,2.5503787498840333,1.7240332239944456,False,point_median
PRIOR_0002896,KYNNKGQ,0.22606254,producible_prior,-2.3243163,-1.4979707,-2.3243163,True,False,False,-0.769888015,2.5503787498840333,1.7240332239944456,False,point_median
PRIOR_0002897,PDNKDPP,-0.27436566,producible_prior,-2.8247445,-1.9983989,-2.8247445,True,False,False,-0.769888015,2.5503787498840333,1.7240332239944456,False,point_median
PRIOR_0002898,NIYGKAL,-0.5780926,producible_prior,-3.1284714,-2.302126,-3.1284714,True,False,False,-0.769888015,2.5503787498840333,1.7240332239944456,False,point_median
PRIOR_0002899,IDNHRAP,0.41712213,producible_prior,-2.1332567,-1.3069111,-2.1332567,True,False,False,-0.769888015,2.5503787498840333,1.7240332239944456,False,point_median
PRIOR_0002900,RKFSKDQ,0.3039074,producible_prior,-2.2464714,-1.4201258,-2.2464714,True,False,False,-0.769888015,2.5503787498840333,1.7240332239944456,False,point_median
PRIOR_0002901,IANNRSH,0.65650225,producible_prior,-1.8938766,-1.067531,-1.8938766,True,False,False,-0.769888015,2.5503787498840333,1.7240332239944456,False,point_median
PRIOR_0002902,AVGAQQD,0.08738446,producible_prior,-2.4629943,-1.6366488,-2.4629943,True,False,False,-0.769888015,2.5503787498840333,1.7240332239944456,False,point_median
PRIOR_0002903,YENGRLN,-0.6859324,producible_prior,-3.2363112,-2.4099655,-3.2363112,True,False,False,-0.769888015,2.5503787498840333,1.7240332239944456,False,point_median
PRIOR_0002904,HVMGAES,-0.5108092,producible_prior,-3.061188,-2.2348423,-3.061188,True,False,False,-0.769888015,2.5503787498840333,1.7240332239944456,False,point_median
PRIOR_0002905,SHDNMNA,-0.34139442,producible_prior,-2.8917732,-2.0654278,-2.8917732,True,False,False,-0.769888015,2.5503787498840333,1.7240332239944456,False,point_median
PRIOR_0002906,EKTISPH,-0.4141935,producible_prior,-2.9645724,-2.1382267,-2.9645724,True,False,False,-0.769888015,2.5503787498840333,1.7240332239944456,False,point_median
PRIOR_0002907,RSRQVHA,1.4403796,producible_prior,-1.1099992,-0.28365362,-1.1099992,True,True,False,-0.769888015,2.5503787498840333,1.7240332239944456,False,point_median
PRIOR_0002908,NHAKQYH,-0.37752628,producible_prior,-2.927905,-2.1015596,-2.927905,True,False,False,-0.769888015,2.5503787498840333,1.7240332239944456,False,point_median
PRIOR_0002909,ESKQSSH,0.2830174,producible_prior,-2.2673614,-1.4410158,-2.2673614,True,False,False,-0.769888015,2.5503787498840333,1.7240332239944456,False,point_median
PRIOR_0002910,VDRPHED,-0.4300636,producible_prior,-2.9804425,-2.1540968,-2.9804425,True,False,False,-0.769888015,2.5503787498840333,1.7240332239944456,False,point_median
PRIOR_0002911,KSHIETP,0.13347912,producible_prior,-2.4168997,-1.5905541,-2.4168997,True,False,False,-0.769888015,2.5503787498840333,1.7240332239944456,False,point_median
PRIOR_0002912,VGPEKEA,0.89024067,producible_prior,-1.6601381,-0.83379257,-1.6601381,True,False,False,-0.769888015,2.5503787498840333,1.7240332239944456,False,point_median
PRIOR_0002913,NQTKVKF,0.7091553,producible_prior,-1.8412235,-1.0148779,-1.8412235,True,False,False,-0.769888015,2.5503787498840333,1.7240332239944456,False,point_median
PRIOR_0002914,KQRVFMP,0.018924236,producible_prior,-2.5314546,-1.705109,-2.5314546,True,False,False,-0.769888015,2.5503787498840333,1.7240332239944456,False,point_median
PRIOR_0002915,LTDQGMV,-0.7248175,producible_prior,-3.2751963,-2.4488506,-3.2751963,True,False,False,-0.769888015,2.5503787498840333,1.7240332239944456,False,point_median
PRIOR_0002916,PDAKGRF,-0.019876957,producible_prior,-2.5702558,-1.7439102,-2.5702558,True,False,False,-0.769888015,2.5503787498840333,1.7240332239944456,False,point_median
PRIOR_0002917,INGRVNT,0.40290713,producible_prior,-2.1474717,-1.3211261,-2.1474717,True,False,False,-0.769888015,2.5503787498840333,1.7240332239944456,False,point_median
PRIOR_0002918,GCSAKAS,-0.57682574,producible_prior,-3.1272044,-2.300859,-3.1272044,True,False,False,-0.769888015,2.5503787498840333,1.7240332239944456,False,point_median
PRIOR_0002919,HRNAACH,-0.7359717,producible_prior,-3.2863505,-2.4600048,-3.2863505,True,False,False,-0.769888015,2.5503787498840333,1.7240332239944456,False,point_median
PRIOR_0002920,PKKQNMS,1.4623847,producible_prior,-1.0879941,-0.26164854,-1.0879941,True,True,False,-0.769888015,2.5503787498840333,1.7240332239944456,False,point_median
PRIOR_0002921,HNIGRKG,1.5090232,producible_prior,-1.0413556,-0.21501005,-1.0413556,True,True,False,-0.769888015,2.5503787498840333,1.7240332239944456,False,point_median
PRIOR_0002922,HIHSQDH,-0.5774641,producible_prior,-3.127843,-2.3014975,-3.127843,True,False,False,-0.769888015,2.5503787498840333,1.7240332239944456,False,point_median
PRIOR_0002923,HKQAMLD,0.07866526,producible_prior,-2.4717135,-1.645368,-2.4717135,True,False,False,-0.769888015,2.5503787498840333,1.7240332239944456,False,point_median
PRIOR_0002924,ITGGRKK,2.1695914,producible_prior,-0.38078737,0.4455582,-0.38078737,True,True,True,-0.769888015,2.5503787498840333,1.7240332239944456,False,point_median
PRIOR_0002925,IESPKEM,-0.14314413,producible_prior,-2.693523,-1.8671774,-2.693523,True,False,False,-0.769888015,2.5503787498840333,1.7240332239944456,False,point_median
PRIOR_0002926,DMTGQTP,-0.37826645,producible_prior,-2.9286451,-2.1022997,-2.9286451,True,False,False,-0.769888015,2.5503787498840333,1.7240332239944456,False,point_median
PRIOR_0002927,MAVETKI,-0.3694446,producible_prior,-2.9198234,-2.0934777,-2.9198234,True,False,False,-0.769888015,2.5503787498840333,1.7240332239944456,False,point_median
PRIOR_0002928,EMDNRNG,-0.35727787,producible_prior,-2.9076567,-2.0813112,-2.9076567,True,False,False,-0.769888015,2.5503787498840333,1.7240332239944456,False,point_median
PRIOR_0002929,SHKKDNH,1.0208755,producible_prior,-1.5295033,-0.7031578,-1.5295033,True,True,False,-0.769888015,2.5503787498840333,1.7240332239944456,False,point_median
PRIOR_0002930,ITTGKKH,1.6111462,producible_prior,-0.9392326,-0.112887025,-0.9392326,True,True,False,-0.769888015,2.5503787498840333,1.7240332239944456,False,point_median
PRIOR_0002931,IDEGQNV,-0.7473954,producible_prior,-3.2977743,-2.4714286,-3.2977743,True,False,False,-0.769888015,2.5503787498840333,1.7240332239944456,False,point_median
PRIOR_0002932,RCKRSVT,-0.08439922,producible_prior,-2.634778,-1.8084325,-2.634778,True,False,False,-0.769888015,2.5503787498840333,1.7240332239944456,False,point_median
PRIOR_0002933,TGVTGDH,-0.3701707,producible_prior,-2.9205494,-2.094204,-2.9205494,True,False,False,-0.769888015,2.5503787498840333,1.7240332239944456,False,point_median
PRIOR_0002934,KLVPVSR,-0.1631267,producible_prior,-2.7135055,-1.88716,-2.7135055,True,False,False,-0.769888015,2.5503787498840333,1.7240332239944456,False,point_median
PRIOR_0002935,SAKIQNN,-0.009607315,producible_prior,-2.559986,-1.7336406,-2.559986,True,False,False,-0.769888015,2.5503787498840333,1.7240332239944456,False,point_median
PRIOR_0002936,QAGQFNS,-0.527426,producible_prior,-3.0778048,-2.2514591,-3.0778048,True,False,False,-0.769888015,2.5503787498840333,1.7240332239944456,False,point_median
PRIOR_0002937,GHQYTEA,-0.68846023,producible_prior,-3.2388391,-2.4124935,-3.2388391,True,False,False,-0.769888015,2.5503787498840333,1.7240332239944456,False,point_median
PRIOR_0002938,CMHDKKE,-0.17417383,producible_prior,-2.7245526,-1.8982071,-2.7245526,True,False,False,-0.769888015,2.5503787498840333,1.7240332239944456,False,point_median
PRIOR_0002939,TTAPGVM,-0.23704934,producible_prior,-2.7874281,-1.9610826,-2.7874281,True,False,False,-0.769888015,2.5503787498840333,1.7240332239944456,False,point_median
PRIOR_0002940,ESKIGSL,-0.4308226,producible_prior,-2.9812014,-2.1548557,-2.9812014,True,False,False,-0.769888015,2.5503787498840333,1.7240332239944456,False,point_median
PRIOR_0002941,KGIWGRS,-0.6063336,producible_prior,-3.1567125,-2.3303668,-3.1567125,True,False,False,-0.769888015,2.5503787498840333,1.7240332239944456,False,point_median
PRIOR_0002942,RNNGMPL,0.36954117,producible_prior,-2.1808376,-1.3544921,-2.1808376,True,False,False,-0.769888015,2.5503787498840333,1.7240332239944456,False,point_median
PRIOR_0002943,RIGHANK,1.1370625,producible_prior,-1.4133162,-0.5869707,-1.4133162,True,True,False,-0.769888015,2.5503787498840333,1.7240332239944456,False,point_median
PRIOR_0002944,LTSWTKS,-0.65887797,producible_prior,-3.2092566,-2.3829112,-3.2092566,True,False,False,-0.769888015,2.5503787498840333,1.7240332239944456,False,point_median
PRIOR_0002945,RSDNTPK,0.69386435,producible_prior,-1.8565145,-1.0301689,-1.8565145,True,False,False,-0.769888015,2.5503787498840333,1.7240332239944456,False,point_median
PRIOR_0002946,PPVGTHM,-0.518564,producible_prior,-3.0689428,-2.242597,-3.0689428,True,False,False,-0.769888015,2.5503787498840333,1.7240332239944456,False,point_median
PRIOR_0002947,WHEIKKP,0.1707704,producible_prior,-2.3796084,-1.5532628,-2.3796084,True,False,False,-0.769888015,2.5503787498840333,1.7240332239944456,False,point_median
PRIOR_0002948,VTGVLER,-0.4845165,producible_prior,-3.0348954,-2.2085497,-3.0348954,True,False,False,-0.769888015,2.5503787498840333,1.7240332239944456,False,point_median
PRIOR_0002949,FYAHRKT,-0.11508703,producible_prior,-2.6654658,-1.8391203,-2.6654658,True,False,False,-0.769888015,2.5503787498840333,1.7240332239944456,False,point_median
PRIOR_0002950,MGTQHLM,-0.66982603,producible_prior,-3.2202048,-2.3938594,-3.2202048,True,False,False,-0.769888015,2.5503787498840333,1.7240332239944456,False,point_median
PRIOR_0002951,KLATIVI,-0.43966603,producible_prior,-2.9900448,-2.1636992,-2.9900448,True,False,False,-0.769888015,2.5503787498840333,1.7240332239944456,False,point_median
PRIOR_0002952,QPKFHRM,0.31017184,producible_prior,-2.240207,-1.4138614,-2.240207,True,False,False,-0.769888015,2.5503787498840333,1.7240332239944456,False,point_median
PRIOR_0002953,VINMRRG,0.5758245,producible_prior,-1.9745543,-1.1482087,-1.9745543,True,False,False,-0.769888015,2.5503787498840333,1.7240332239944456,False,point_median
PRIOR_0002954,MDNRTGN,-0.2527504,producible_prior,-2.8031292,-1.9767836,-2.8031292,True,False,False,-0.769888015,2.5503787498840333,1.7240332239944456,False,point_median
PRIOR_0002955,SVVKRVS,0.77525544,producible_prior,-1.7751234,-0.9487778,-1.7751234,True,False,False,-0.769888015,2.5503787498840333,1.7240332239944456,False,point_median
PRIOR_0002956,TYKGPPK,0.84297013,producible_prior,-1.7074087,-0.8810631,-1.7074087,True,False,False,-0.769888015,2.5503787498840333,1.7240332239944456,False,point_median
PRIOR_0002957,QQETESR,-0.5945517,producible_prior,-3.1449304,-2.318585,-3.1449304,True,False,False,-0.769888015,2.5503787498840333,1.7240332239944456,False,point_median
PRIOR_0002958,IKPAREF,0.7121177,producible_prior,-1.8382611,-1.0119156,-1.8382611,True,False,False,-0.769888015,2.5503787498840333,1.7240332239944456,False,point_median
PRIOR_0002959,IIAPMQE,-0.7052841,producible_prior,-3.255663,-2.4293175,-3.255663,True,False,False,-0.769888015,2.5503787498840333,1.7240332239944456,False,point_median
PRIOR_0002960,NPSESNK,0.35980916,producible_prior,-2.1905696,-1.3642241,-2.1905696,True,False,False,-0.769888015,2.5503787498840333,1.7240332239944456,False,point_median
PRIOR_0002961,EPRSFKK,0.31093144,producible_prior,-2.2394474,-1.4131018,-2.2394474,True,False,False,-0.769888015,2.5503787498840333,1.7240332239944456,False,point_median
PRIOR_0002962,RETTKAL,0.5865629,producible_prior,-1.9638159,-1.1374704,-1.9638159,True,False,False,-0.769888015,2.5503787498840333,1.7240332239944456,False,point_median
PRIOR_0002963,PTNTIRS,0.04378867,producible_prior,-2.5065901,-1.6802446,-2.5065901,True,False,False,-0.769888015,2.5503787498840333,1.7240332239944456,False,point_median
PRIOR_0002964,VDKVHPR,0.14856362,producible_prior,-2.4018152,-1.5754696,-2.4018152,True,False,False,-0.769888015,2.5503787498840333,1.7240332239944456,False,point_median
PRIOR_0002965,KHSLNDD,-0.33108044,producible_prior,-2.8814592,-2.0551138,-2.8814592,True,False,False,-0.769888015,2.5503787498840333,1.7240332239944456,False,point_median
PRIOR_0002966,HLNSILA,-0.52586484,producible_prior,-3.0762436,-2.249898,-3.0762436,True,False,False,-0.769888015,2.5503787498840333,1.7240332239944456,False,point_median
PRIOR_0002967,KKYHEEL,-0.33106875,producible_prior,-2.8814476,-2.0551019,-2.8814476,True,False,False,-0.769888015,2.5503787498840333,1.7240332239944456,False,point_median
PRIOR_0002968,SRLMVRR,-0.39075172,producible_prior,-2.9411306,-2.114785,-2.9411306,True,False,False,-0.769888015,2.5503787498840333,1.7240332239944456,False,point_median
PRIOR_0002969,IRPRSRA,2.4003305,producible_prior,-0.15004826,0.6762973,-0.15004826,True,True,True,-0.769888015,2.5503787498840333,1.7240332239944456,False,point_median
PRIOR_0002970,IDPMLKG,-0.40169048,producible_prior,-2.9520693,-2.1257238,-2.9520693,True,False,False,-0.769888015,2.5503787498840333,1.7240332239944456,False,point_median
PRIOR_0002971,SDGGTQL,-0.09762359,producible_prior,-2.6480024,-1.8216568,-2.6480024,True,False,False,-0.769888015,2.5503787498840333,1.7240332239944456,False,point_median
PRIOR_0002972,ALVKPVS,-0.13186312,producible_prior,-2.682242,-1.8558964,-2.682242,True,False,False,-0.769888015,2.5503787498840333,1.7240332239944456,False,point_median
PRIOR_0002973,HVKRENV,0.9860873,producible_prior,-1.5642915,-0.7379459,-1.5642915,True,True,False,-0.769888015,2.5503787498840333,1.7240332239944456,False,point_median
PRIOR_0002974,YKRMEAN,-0.24035406,producible_prior,-2.7907329,-1.9643873,-2.7907329,True,False,False,-0.769888015,2.5503787498840333,1.7240332239944456,False,point_median
PRIOR_0002975,LKHDAHS,0.6131489,producible_prior,-1.9372299,-1.1108843,-1.9372299,True,False,False,-0.769888015,2.5503787498840333,1.7240332239944456,False,point_median
PRIOR_0002976,RDSVARP,0.8764348,producible_prior,-1.673944,-0.84759843,-1.673944,True,False,False,-0.769888015,2.5503787498840333,1.7240332239944456,False,point_median
PRIOR_0002977,WGPVKKL,0.7529826,producible_prior,-1.7973962,-0.9710506,-1.7973962,True,False,False,-0.769888015,2.5503787498840333,1.7240332239944456,False,point_median
PRIOR_0002978,AMKHFLK,-0.6978929,producible_prior,-3.2482717,-2.421926,-3.2482717,True,False,False,-0.769888015,2.5503787498840333,1.7240332239944456,False,point_median
PRIOR_0002979,TTKEQQT,0.41414857,producible_prior,-2.1362302,-1.3098847,-2.1362302,True,False,False,-0.769888015,2.5503787498840333,1.7240332239944456,False,point_median
PRIOR_0002980,RSDKKRM,2.0977058,producible_prior,-0.45267296,0.3736726,-0.45267296,True,True,True,-0.769888015,2.5503787498840333,1.7240332239944456,False,point_median
PRIOR_0002981,KDVKRRF,0.7862513,producible_prior,-1.7641275,-0.93778193,-1.7641275,True,False,False,-0.769888015,2.5503787498840333,1.7240332239944456,False,point_median
PRIOR_0002982,KEAFKKL,0.36946487,producible_prior,-2.180914,-1.3545684,-2.180914,True,False,False,-0.769888015,2.5503787498840333,1.7240332239944456,False,point_median
PRIOR_0002983,HGSTDDA,-0.22438526,producible_prior,-2.774764,-1.9484185,-2.774764,True,False,False,-0.769888015,2.5503787498840333,1.7240332239944456,False,point_median
PRIOR_0002984,YKAAQTH,0.62463856,producible_prior,-1.9257402,-1.0993947,-1.9257402,True,False,False,-0.769888015,2.5503787498840333,1.7240332239944456,False,point_median
PRIOR_0002985,SLQHSKS,0.9551449,producible_prior,-1.5952339,-0.76888835,-1.5952339,True,True,False,-0.769888015,2.5503787498840333,1.7240332239944456,False,point_median
PRIOR_0002986,RMFVKTH,-0.25346947,producible_prior,-2.8038483,-1.9775027,-2.8038483,True,False,False,-0.769888015,2.5503787498840333,1.7240332239944456,False,point_median
PRIOR_0002987,GWHTTGS,-0.6852032,producible_prior,-3.2355819,-2.4092364,-3.2355819,True,False,False,-0.769888015,2.5503787498840333,1.7240332239944456,False,point_median
PRIOR_0002988,IRTTGGW,-0.3859706,producible_prior,-2.9363494,-2.110004,-2.9363494,True,False,False,-0.769888015,2.5503787498840333,1.7240332239944456,False,point_median
PRIOR_0002989,IMQIGRN,-0.7635014,producible_prior,-3.3138802,-2.4875345,-3.3138802,True,False,False,-0.769888015,2.5503787498840333,1.7240332239944456,False,point_median
PRIOR_0002990,KIGSHQR,0.9525554,producible_prior,-1.5978234,-0.7714778,-1.5978234,True,False,False,-0.769888015,2.5503787498840333,1.7240332239944456,False,point_median
PRIOR_0002991,SLEGRDI,-0.44933927,producible_prior,-2.9997182,-2.1733725,-2.9997182,True,False,False,-0.769888015,2.5503787498840333,1.7240332239944456,False,point_median
PRIOR_0002992,GQTGMTQ,-0.7476007,producible_prior,-3.2979794,-2.471634,-3.2979794,True,False,False,-0.769888015,2.5503787498840333,1.7240332239944456,False,point_median
PRIOR_0002993,NQQIRPT,-0.30919456,producible_prior,-2.8595734,-2.033228,-2.8595734,True,False,False,-0.769888015,2.5503787498840333,1.7240332239944456,False,point_median
PRIOR_0002994,WVMKEKS,-0.17836833,producible_prior,-2.7287471,-1.9024016,-2.7287471,True,False,False,-0.769888015,2.5503787498840333,1.7240332239944456,False,point_median
PRIOR_0002995,MKMAVRM,0.11178827,producible_prior,-2.4385905,-1.612245,-2.4385905,True,False,False,-0.769888015,2.5503787498840333,1.7240332239944456,False,point_median
PRIOR_0002996,FVTASVV,-0.5018618,producible_prior,-3.0522406,-2.225895,-3.0522406,True,False,False,-0.769888015,2.5503787498840333,1.7240332239944456,False,point_median
PRIOR_0002997,VIGGGIP,0.28051496,producible_prior,-2.2698638,-1.4435183,-2.2698638,True,False,False,-0.769888015,2.5503787498840333,1.7240332239944456,False,point_median
PRIOR_0002998,IWKVQAV,-0.5883908,producible_prior,-3.1387696,-2.3124242,-3.1387696,True,False,False,-0.769888015,2.5503787498840333,1.7240332239944456,False,point_median
PRIOR_0002999,LLQENSS,-0.54556644,producible_prior,-3.0959454,-2.2695997,-3.0959454,True,False,False,-0.769888015,2.5503787498840333,1.7240332239944456,False,point_median
PRIOR_0003000,AAKNMGQ,-0.12471509,producible_prior,-2.675094,-1.8487483,-2.675094,True,False,False,-0.769888015,2.5503787498840333,1.7240332239944456,False,point_median
PRIOR_0003001,MPGHKGT,1.0389886,producible_prior,-1.5113902,-0.68504465,-1.5113902,True,True,False,-0.769888015,2.5503787498840333,1.7240332239944456,False,point_median
PRIOR_0003002,MVIRKDL,-0.4262582,producible_prior,-2.976637,-2.1502914,-2.976637,True,False,False,-0.769888015,2.5503787498840333,1.7240332239944456,False,point_median
PRIOR_0003003,ILTPNSE,-0.2786188,producible_prior,-2.8289976,-2.0026522,-2.8289976,True,False,False,-0.769888015,2.5503787498840333,1.7240332239944456,False,point_median
PRIOR_0003004,KGWRNGD,-0.47386348,producible_prior,-3.0242424,-2.1978967,-3.0242424,True,False,False,-0.769888015,2.5503787498840333,1.7240332239944456,False,point_median
PRIOR_0003005,VNHHMRD,0.21617866,producible_prior,-2.3342001,-1.5078546,-2.3342001,True,False,False,-0.769888015,2.5503787498840333,1.7240332239944456,False,point_median
PRIOR_0003006,TRFNVAD,-0.3412428,producible_prior,-2.8916216,-2.0652761,-2.8916216,True,False,False,-0.769888015,2.5503787498840333,1.7240332239944456,False,point_median
PRIOR_0003007,SIQTSDR,-0.28086913,producible_prior,-2.8312478,-2.0049024,-2.8312478,True,False,False,-0.769888015,2.5503787498840333,1.7240332239944456,False,point_median
PRIOR_0003008,NYPTVPP,-0.63576174,producible_prior,-3.1861405,-2.359795,-3.1861405,True,False,False,-0.769888015,2.5503787498840333,1.7240332239944456,False,point_median
PRIOR_0003009,SMKQYRA,0.40347815,producible_prior,-2.1469007,-1.3205551,-2.1469007,True,False,False,-0.769888015,2.5503787498840333,1.7240332239944456,False,point_median
PRIOR_0003010,AEDRPNE,-0.4725684,producible_prior,-3.0229473,-2.1966016,-3.0229473,True,False,False,-0.769888015,2.5503787498840333,1.7240332239944456,False,point_median
PRIOR_0003011,VVKSNQV,0.9637625,producible_prior,-1.5866163,-0.7602707,-1.5866163,True,True,False,-0.769888015,2.5503787498840333,1.7240332239944456,False,point_median
PRIOR_0003012,ATDESKK,0.17199898,producible_prior,-2.3783798,-1.5520343,-2.3783798,True,False,False,-0.769888015,2.5503787498840333,1.7240332239944456,False,point_median
PRIOR_0003013,GFRHHTN,-0.30756187,producible_prior,-2.8579407,-2.0315952,-2.8579407,True,False,False,-0.769888015,2.5503787498840333,1.7240332239944456,False,point_median
PRIOR_0003014,IRRGFCK,-0.6130192,producible_prior,-3.163398,-2.3370523,-3.163398,True,False,False,-0.769888015,2.5503787498840333,1.7240332239944456,False,point_median
PRIOR_0003015,SYHKRQD,0.7376778,producible_prior,-1.812701,-0.9863554,-1.812701,True,False,False,-0.769888015,2.5503787498840333,1.7240332239944456,False,point_median
PRIOR_0003016,TNTTGSS,0.7398565,producible_prior,-1.8105223,-0.98417675,-1.8105223,True,False,False,-0.769888015,2.5503787498840333,1.7240332239944456,False,point_median
PRIOR_0003017,TWFGSRG,-0.70772994,producible_prior,-3.2581086,-2.4317632,-3.2581086,True,False,False,-0.769888015,2.5503787498840333,1.7240332239944456,False,point_median
PRIOR_0003018,MRSVYVS,-0.52845776,producible_prior,-3.0788364,-2.252491,-3.0788364,True,False,False,-0.769888015,2.5503787498840333,1.7240332239944456,False,point_median
PRIOR_0003019,VKMPKKQ,0.7338159,producible_prior,-1.8165629,-0.9902173,-1.8165629,True,False,False,-0.769888015,2.5503787498840333,1.7240332239944456,False,point_median
PRIOR_0003020,NTRWAKP,0.10214448,producible_prior,-2.4482343,-1.6218888,-2.4482343,True,False,False,-0.769888015,2.5503787498840333,1.7240332239944456,False,point_median
PRIOR_0003021,IPRITGS,0.6588383,producible_prior,-1.8915405,-1.065195,-1.8915405,True,False,False,-0.769888015,2.5503787498840333,1.7240332239944456,False,point_median
PRIOR_0003022,IPQKHQL,0.6167679,producible_prior,-1.9336109,-1.1072654,-1.9336109,True,False,False,-0.769888015,2.5503787498840333,1.7240332239944456,False,point_median
PRIOR_0003023,QGMVPVA,-0.5480186,producible_prior,-3.0983973,-2.2720518,-3.0983973,True,False,False,-0.769888015,2.5503787498840333,1.7240332239944456,False,point_median
PRIOR_0003024,RPVAMRK,0.86655617,producible_prior,-1.6838226,-0.85747707,-1.6838226,True,False,False,-0.769888015,2.5503787498840333,1.7240332239944456,False,point_median
PRIOR_0003025,LYNKVPD,-0.3241384,producible_prior,-2.8745172,-2.0481715,-2.8745172,True,False,False,-0.769888015,2.5503787498840333,1.7240332239944456,False,point_median
PRIOR_0003026,KDASEGL,-0.5000136,producible_prior,-3.0503924,-2.2240467,-3.0503924,True,False,False,-0.769888015,2.5503787498840333,1.7240332239944456,False,point_median
PRIOR_0003027,NRGSHKT,1.4961071,producible_prior,-1.0542717,-0.22792614,-1.0542717,True,True,False,-0.769888015,2.5503787498840333,1.7240332239944456,False,point_median
PRIOR_0003028,QLMKQDE,-0.3993889,producible_prior,-2.9497676,-2.1234221,-2.9497676,True,False,False,-0.769888015,2.5503787498840333,1.7240332239944456,False,point_median
PRIOR_0003029,HPTNVMT,-0.62416196,producible_prior,-3.1745408,-2.348195,-3.1745408,True,False,False,-0.769888015,2.5503787498840333,1.7240332239944456,False,point_median
PRIOR_0003030,RPNQKYF,0.004823208,producible_prior,-2.5455556,-1.71921,-2.5455556,True,False,False,-0.769888015,2.5503787498840333,1.7240332239944456,False,point_median
PRIOR_0003031,VDQQSHS,-0.35393846,producible_prior,-2.9043174,-2.0779717,-2.9043174,True,False,False,-0.769888015,2.5503787498840333,1.7240332239944456,False,point_median
PRIOR_0003032,LANQAMI,-0.40399444,producible_prior,-2.9543734,-2.1280277,-2.9543734,True,False,False,-0.769888015,2.5503787498840333,1.7240332239944456,False,point_median
PRIOR_0003033,EARNQVM,-0.24283099,producible_prior,-2.7932098,-1.9668642,-2.7932098,True,False,False,-0.769888015,2.5503787498840333,1.7240332239944456,False,point_median
PRIOR_0003034,NPGSTFS,-0.17085505,producible_prior,-2.7212338,-1.8948883,-2.7212338,True,False,False,-0.769888015,2.5503787498840333,1.7240332239944456,False,point_median
PRIOR_0003035,ITVKNQY,-0.42994273,producible_prior,-2.9803214,-2.153976,-2.9803214,True,False,False,-0.769888015,2.5503787498840333,1.7240332239944456,False,point_median
PRIOR_0003036,KLISTGH,-0.20929193,producible_prior,-2.7596707,-1.9333252,-2.7596707,True,False,False,-0.769888015,2.5503787498840333,1.7240332239944456,False,point_median
PRIOR_0003037,CKHNKHT,0.43441606,producible_prior,-2.1159627,-1.2896172,-2.1159627,True,False,False,-0.769888015,2.5503787498840333,1.7240332239944456,False,point_median
PRIOR_0003038,HTPARGW,-0.59165597,producible_prior,-3.1420348,-2.315689,-3.1420348,True,False,False,-0.769888015,2.5503787498840333,1.7240332239944456,False,point_median
PRIOR_0003039,IRIGAPS,0.37406516,producible_prior,-2.1763136,-1.3499681,-2.1763136,True,False,False,-0.769888015,2.5503787498840333,1.7240332239944456,False,point_median
PRIOR_0003040,MQRRPHP,1.2575979,producible_prior,-1.2927809,-0.4664353,-1.2927809,True,True,False,-0.769888015,2.5503787498840333,1.7240332239944456,False,point_median
PRIOR_0003041,FHQHNSR,0.05692625,producible_prior,-2.4934525,-1.667107,-2.4934525,True,False,False,-0.769888015,2.5503787498840333,1.7240332239944456,False,point_median
PRIOR_0003042,MSGLRMG,0.15845633,producible_prior,-2.3919225,-1.5655769,-2.3919225,True,False,False,-0.769888015,2.5503787498840333,1.7240332239944456,False,point_median
PRIOR_0003043,YTHDKRT,0.40659618,producible_prior,-2.1437826,-1.317437,-2.1437826,True,False,False,-0.769888015,2.5503787498840333,1.7240332239944456,False,point_median
PRIOR_0003044,TTRQDGG,0.86997676,producible_prior,-1.680402,-0.8540565,-1.680402,True,False,False,-0.769888015,2.5503787498840333,1.7240332239944456,False,point_median
PRIOR_0003045,AYLHGKS,-0.5526377,producible_prior,-3.1030164,-2.276671,-3.1030164,True,False,False,-0.769888015,2.5503787498840333,1.7240332239944456,False,point_median
PRIOR_0003046,NEKQYRP,0.16301823,producible_prior,-2.3873606,-1.561015,-2.3873606,True,False,False,-0.769888015,2.5503787498840333,1.7240332239944456,False,point_median
PRIOR_0003047,TMHSPDG,0.108006954,producible_prior,-2.4423718,-1.6160263,-2.4423718,True,False,False,-0.769888015,2.5503787498840333,1.7240332239944456,False,point_median
PRIOR_0003048,NNKTWVG,-0.21935177,producible_prior,-2.7697306,-1.943385,-2.7697306,True,False,False,-0.769888015,2.5503787498840333,1.7240332239944456,False,point_median
PRIOR_0003049,VNKTPSV,0.95063734,producible_prior,-1.5997415,-0.7733959,-1.5997415,True,False,False,-0.769888015,2.5503787498840333,1.7240332239944456,False,point_median
PRIOR_0003050,FTVPKRG,0.85828924,producible_prior,-1.6920896,-0.865744,-1.6920896,True,False,False,-0.769888015,2.5503787498840333,1.7240332239944456,False,point_median
PRIOR_0003051,TTRTKRK,2.505824,producible_prior,-0.04455471,0.78179085,-0.04455471,True,True,True,-0.769888015,2.5503787498840333,1.7240332239944456,False,point_median
PRIOR_0003052,CGPPTTA,-0.3578701,producible_prior,-2.908249,-2.0819035,-2.908249,True,False,False,-0.769888015,2.5503787498840333,1.7240332239944456,False,point_median
PRIOR_0003053,RDTTKCS,-0.48275173,producible_prior,-3.0331306,-2.206785,-3.0331306,True,False,False,-0.769888015,2.5503787498840333,1.7240332239944456,False,point_median
PRIOR_0003054,SFNQTRY,-0.58342576,producible_prior,-3.1338046,-2.3074589,-3.1338046,True,False,False,-0.769888015,2.5503787498840333,1.7240332239944456,False,point_median
PRIOR_0003055,LVPFGQA,-0.36158705,producible_prior,-2.9119658,-2.0856204,-2.9119658,True,False,False,-0.769888015,2.5503787498840333,1.7240332239944456,False,point_median
PRIOR_0003056,TDQSSKG,1.1942163,producible_prior,-1.3561625,-0.529817,-1.3561625,True,True,False,-0.769888015,2.5503787498840333,1.7240332239944456,False,point_median
PRIOR_0003057,LRNDHSL,-0.167413,producible_prior,-2.7177918,-1.8914462,-2.7177918,True,False,False,-0.769888015,2.5503787498840333,1.7240332239944456,False,point_median
PRIOR_0003058,TDDTPGR,-0.63081753,producible_prior,-3.1811962,-2.3548508,-3.1811962,True,False,False,-0.769888015,2.5503787498840333,1.7240332239944456,False,point_median
PRIOR_0003059,GPIKFPE,-0.71800923,producible_prior,-3.268388,-2.4420424,-3.268388,True,False,False,-0.769888015,2.5503787498840333,1.7240332239944456,False,point_median
PRIOR_0003060,MLTHKVI,0.06869769,producible_prior,-2.481681,-1.6553355,-2.481681,True,False,False,-0.769888015,2.5503787498840333,1.7240332239944456,False,point_median
PRIOR_0003061,HHKISSN,0.040803194,producible_prior,-2.5095756,-1.68323,-2.5095756,True,False,False,-0.769888015,2.5503787498840333,1.7240332239944456,False,point_median
PRIOR_0003062,LIKALHT,-0.34118056,producible_prior,-2.8915594,-2.0652137,-2.8915594,True,False,False,-0.769888015,2.5503787498840333,1.7240332239944456,False,point_median
PRIOR_0003063,NVNHSST,-0.016556263,producible_prior,-2.566935,-1.7405895,-2.566935,True,False,False,-0.769888015,2.5503787498840333,1.7240332239944456,False,point_median
PRIOR_0003064,VEFAKGP,-0.3284192,producible_prior,-2.878798,-2.0524526,-2.878798,True,False,False,-0.769888015,2.5503787498840333,1.7240332239944456,False,point_median
PRIOR_0003065,TFRKKCE,0.49865174,producible_prior,-2.051727,-1.2253815,-2.051727,True,False,False,-0.769888015,2.5503787498840333,1.7240332239944456,False,point_median
PRIOR_0003066,ETHKGRP,1.2434316,producible_prior,-1.3069472,-0.48060167,-1.3069472,True,True,False,-0.769888015,2.5503787498840333,1.7240332239944456,False,point_median
PRIOR_0003067,QQNFGRP,0.21097016,producible_prior,-2.3394086,-1.5130631,-2.3394086,True,False,False,-0.769888015,2.5503787498840333,1.7240332239944456,False,point_median
PRIOR_0003068,FTLRNAR,-0.405231,producible_prior,-2.9556098,-2.1292644,-2.9556098,True,False,False,-0.769888015,2.5503787498840333,1.7240332239944456,False,point_median
PRIOR_0003069,QGNNNQK,1.05287,producible_prior,-1.4975088,-0.6711632,-1.4975088,True,True,False,-0.769888015,2.5503787498840333,1.7240332239944456,False,point_median
PRIOR_0003070,CKQRDPV,-0.25425124,producible_prior,-2.80463,-1.9782845,-2.80463,True,False,False,-0.769888015,2.5503787498840333,1.7240332239944456,False,point_median
PRIOR_0003071,NAQYRTE,-0.42509997,producible_prior,-2.9754786,-2.1491332,-2.9754786,True,False,False,-0.769888015,2.5503787498840333,1.7240332239944456,False,point_median
PRIOR_0003072,MRIAIRP,0.19271398,producible_prior,-2.3576648,-1.5313193,-2.3576648,True,False,False,-0.769888015,2.5503787498840333,1.7240332239944456,False,point_median
PRIOR_0003073,NVNGPLL,-0.6072421,producible_prior,-3.157621,-2.3312755,-3.157621,True,False,False,-0.769888015,2.5503787498840333,1.7240332239944456,False,point_median
PRIOR_0003074,YKVEDSS,-0.6335285,producible_prior,-3.1839073,-2.3575616,-3.1839073,True,False,False,-0.769888015,2.5503787498840333,1.7240332239944456,False,point_median
PRIOR_0003075,QGSSPSN,-0.059762,producible_prior,-2.6101408,-1.7837952,-2.6101408,True,False,False,-0.769888015,2.5503787498840333,1.7240332239944456,False,point_median
PRIOR_0003076,ELKLKVV,-0.089098215,producible_prior,-2.639477,-1.8131315,-2.639477,True,False,False,-0.769888015,2.5503787498840333,1.7240332239944456,False,point_median
PRIOR_0003077,PQSGGLP,0.22285175,producible_prior,-2.327527,-1.5011815,-2.327527,True,False,False,-0.769888015,2.5503787498840333,1.7240332239944456,False,point_median
PRIOR_0003078,KVDGYAK,-0.24847269,producible_prior,-2.7988515,-1.9725059,-2.7988515,True,False,False,-0.769888015,2.5503787498840333,1.7240332239944456,False,point_median
PRIOR_0003079,TYSGTEL,-0.65718937,producible_prior,-3.2075682,-2.3812227,-3.2075682,True,False,False,-0.769888015,2.5503787498840333,1.7240332239944456,False,point_median
PRIOR_0003080,MKFPKGM,0.35938668,producible_prior,-2.190992,-1.3646466,-2.190992,True,False,False,-0.769888015,2.5503787498840333,1.7240332239944456,False,point_median
PRIOR_0003081,SPQKEAV,0.7507489,producible_prior,-1.7996299,-0.97328436,-1.7996299,True,False,False,-0.769888015,2.5503787498840333,1.7240332239944456,False,point_median
PRIOR_0003082,HYKRDPI,-0.20982075,producible_prior,-2.7601995,-1.933854,-2.7601995,True,False,False,-0.769888015,2.5503787498840333,1.7240332239944456,False,point_median
PRIOR_0003083,RKAWDTA,-0.34290838,producible_prior,-2.8932872,-2.0669417,-2.8932872,True,False,False,-0.769888015,2.5503787498840333,1.7240332239944456,False,point_median
PRIOR_0003084,QRRSLHA,1.3503013,producible_prior,-1.2000775,-0.37373197,-1.2000775,True,True,False,-0.769888015,2.5503787498840333,1.7240332239944456,False,point_median
PRIOR_0003085,KNKNDMG,1.3668032,producible_prior,-1.1835756,-0.35723007,-1.1835756,True,True,False,-0.769888015,2.5503787498840333,1.7240332239944456,False,point_median
PRIOR_0003086,NKHDHHE,0.5249138,producible_prior,-2.025465,-1.1991194,-2.025465,True,False,False,-0.769888015,2.5503787498840333,1.7240332239944456,False,point_median
PRIOR_0003087,QISHPGN,-0.585984,producible_prior,-3.1363628,-2.310017,-3.1363628,True,False,False,-0.769888015,2.5503787498840333,1.7240332239944456,False,point_median
PRIOR_0003088,DARRMDI,-0.23967385,producible_prior,-2.7900527,-1.9637071,-2.7900527,True,False,False,-0.769888015,2.5503787498840333,1.7240332239944456,False,point_median
PRIOR_0003089,PTTAIGV,-0.6246631,producible_prior,-3.175042,-2.3486962,-3.175042,True,False,False,-0.769888015,2.5503787498840333,1.7240332239944456,False,point_median
PRIOR_0003090,QATGLFK,-0.7103473,producible_prior,-3.260726,-2.4343805,-3.260726,True,False,False,-0.769888015,2.5503787498840333,1.7240332239944456,False,point_median
PRIOR_0003091,KFAQGAD,0.27223492,producible_prior,-2.278144,-1.4517983,-2.278144,True,False,False,-0.769888015,2.5503787498840333,1.7240332239944456,False,point_median
PRIOR_0003092,DAGYRGK,-0.42551923,producible_prior,-2.975898,-2.1495523,-2.975898,True,False,False,-0.769888015,2.5503787498840333,1.7240332239944456,False,point_median
PRIOR_0003093,FHKHHAG,1.1534655,producible_prior,-1.3969133,-0.5705677,-1.3969133,True,True,False,-0.769888015,2.5503787498840333,1.7240332239944456,False,point_median
PRIOR_0003094,STSQMDG,-0.05910635,producible_prior,-2.6094851,-1.7831396,-2.6094851,True,False,False,-0.769888015,2.5503787498840333,1.7240332239944456,False,point_median
PRIOR_0003095,IGFDTKG,0.12097883,producible_prior,-2.4294,-1.6030544,-2.4294,True,False,False,-0.769888015,2.5503787498840333,1.7240332239944456,False,point_median
PRIOR_0003096,KESSTTM,0.28439903,producible_prior,-2.2659798,-1.4396342,-2.2659798,True,False,False,-0.769888015,2.5503787498840333,1.7240332239944456,False,point_median
PRIOR_0003097,GHQTLMP,-0.40414858,producible_prior,-2.9545274,-2.128182,-2.9545274,True,False,False,-0.769888015,2.5503787498840333,1.7240332239944456,False,point_median
PRIOR_0003098,TDKSPMY,-0.6461332,producible_prior,-3.196512,-2.3701663,-3.196512,True,False,False,-0.769888015,2.5503787498840333,1.7240332239944456,False,point_median
PRIOR_0003099,DNVKLKK,0.51430345,producible_prior,-2.0360754,-1.2097298,-2.0360754,True,False,False,-0.769888015,2.5503787498840333,1.7240332239944456,False,point_median
PRIOR_0003100,YPKNPGA,1.3960314,producible_prior,-1.1543474,-0.32800186,-1.1543474,True,True,False,-0.769888015,2.5503787498840333,1.7240332239944456,False,point_median
PRIOR_0003101,PKKNDLR,0.73784876,producible_prior,-1.81253,-0.9861845,-1.81253,True,False,False,-0.769888015,2.5503787498840333,1.7240332239944456,False,point_median
PRIOR_0003102,ISPDANL,-0.76260173,producible_prior,-3.3129807,-2.486635,-3.3129807,True,False,False,-0.769888015,2.5503787498840333,1.7240332239944456,False,point_median
PRIOR_0003103,WKPSRRK,1.9305334,producible_prior,-0.6198454,0.20650017,-0.6198454,True,True,True,-0.769888015,2.5503787498840333,1.7240332239944456,False,point_median
PRIOR_0003104,VKLQPVT,-0.5411825,producible_prior,-3.0915613,-2.2652159,-3.0915613,True,False,False,-0.769888015,2.5503787498840333,1.7240332239944456,False,point_median
PRIOR_0003105,PRHAKVD,1.1323724,producible_prior,-1.4180064,-0.59166086,-1.4180064,True,True,False,-0.769888015,2.5503787498840333,1.7240332239944456,False,point_median
PRIOR_0003106,FAIKSES,-0.042210102,producible_prior,-2.592589,-1.7662433,-2.592589,True,False,False,-0.769888015,2.5503787498840333,1.7240332239944456,False,point_median
PRIOR_0003107,KEQRTKW,0.32808328,producible_prior,-2.2222955,-1.39595,-2.2222955,True,False,False,-0.769888015,2.5503787498840333,1.7240332239944456,False,point_median
PRIOR_0003108,VRLGLHK,-0.07409525,producible_prior,-2.624474,-1.7981285,-2.624474,True,False,False,-0.769888015,2.5503787498840333,1.7240332239944456,False,point_median
PRIOR_0003109,IEDPQKK,0.057642937,producible_prior,-2.4927359,-1.6663903,-2.4927359,True,False,False,-0.769888015,2.5503787498840333,1.7240332239944456,False,point_median
PRIOR_0003110,TANQNTP,0.73077106,producible_prior,-1.8196077,-0.9932622,-1.8196077,True,False,False,-0.769888015,2.5503787498840333,1.7240332239944456,False,point_median
PRIOR_0003111,CNHSGSI,-0.728343,producible_prior,-3.2787218,-2.4523764,-3.2787218,True,False,False,-0.769888015,2.5503787498840333,1.7240332239944456,False,point_median
PRIOR_0003112,NQKNKLL,0.9857416,producible_prior,-1.5646372,-0.7382916,-1.5646372,True,True,False,-0.769888015,2.5503787498840333,1.7240332239944456,False,point_median
PRIOR_0003113,MMKAKTM,1.0481007,producible_prior,-1.5022781,-0.6759325,-1.5022781,True,True,False,-0.769888015,2.5503787498840333,1.7240332239944456,False,point_median
PRIOR_0003114,RSGHRIC,-0.686103,producible_prior,-3.2364817,-2.4101362,-3.2364817,True,False,False,-0.769888015,2.5503787498840333,1.7240332239944456,False,point_median
PRIOR_0003115,NFRFGKA,0.5623851,producible_prior,-1.9879937,-1.1616482,-1.9879937,True,False,False,-0.769888015,2.5503787498840333,1.7240332239944456,False,point_median
PRIOR_0003116,WPPGGFA,-0.40403152,producible_prior,-2.9544103,-2.1280646,-2.9544103,True,False,False,-0.769888015,2.5503787498840333,1.7240332239944456,False,point_median
PRIOR_0003117,GPGPPSI,0.21177268,producible_prior,-2.338606,-1.5122606,-2.338606,True,False,False,-0.769888015,2.5503787498840333,1.7240332239944456,False,point_median
PRIOR_0003118,GIIGPTV,-0.7192739,producible_prior,-3.2696528,-2.4433072,-3.2696528,True,False,False,-0.769888015,2.5503787498840333,1.7240332239944456,False,point_median
PRIOR_0003119,LESSGTP,0.116469145,producible_prior,-2.4339097,-1.6075641,-2.4339097,True,False,False,-0.769888015,2.5503787498840333,1.7240332239944456,False,point_median
PRIOR_0003120,KGQYYKH,-0.6948385,producible_prior,-3.2452173,-2.4188719,-3.2452173,True,False,False,-0.769888015,2.5503787498840333,1.7240332239944456,False,point_median
PRIOR_0003121,WRTKRQT,1.2568529,producible_prior,-1.2935259,-0.46718037,-1.2935259,True,True,False,-0.769888015,2.5503787498840333,1.7240332239944456,False,point_median
PRIOR_0003122,ALRHLQR,0.16541076,producible_prior,-2.384968,-1.5586225,-2.384968,True,False,False,-0.769888015,2.5503787498840333,1.7240332239944456,False,point_median
PRIOR_0003123,YSTRKFP,0.41316175,producible_prior,-2.137217,-1.3108715,-2.137217,True,False,False,-0.769888015,2.5503787498840333,1.7240332239944456,False,point_median
PRIOR_0003124,MMSNKEA,0.749218,producible_prior,-1.8011608,-0.97481525,-1.8011608,True,False,False,-0.769888015,2.5503787498840333,1.7240332239944456,False,point_median
PRIOR_0003125,QLHEYKS,-0.7268081,producible_prior,-3.2771869,-2.4508414,-3.2771869,True,False,False,-0.769888015,2.5503787498840333,1.7240332239944456,False,point_median
PRIOR_0003126,ERDKIKP,1.0550396,producible_prior,-1.4953392,-0.6689936,-1.4953392,True,True,False,-0.769888015,2.5503787498840333,1.7240332239944456,False,point_median
PRIOR_0003127,ILSDKES,0.1552105,producible_prior,-2.3951683,-1.5688227,-2.3951683,True,False,False,-0.769888015,2.5503787498840333,1.7240332239944456,False,point_median
PRIOR_0003128,ETAPKAN,-0.5789559,producible_prior,-3.1293347,-2.302989,-3.1293347,True,False,False,-0.769888015,2.5503787498840333,1.7240332239944456,False,point_median
PRIOR_0003129,VGANKLH,0.4168532,producible_prior,-2.1335256,-1.30718,-2.1335256,True,False,False,-0.769888015,2.5503787498840333,1.7240332239944456,False,point_median
PRIOR_0003130,MSQKENS,0.53765726,producible_prior,-2.0127215,-1.186376,-2.0127215,True,False,False,-0.769888015,2.5503787498840333,1.7240332239944456,False,point_median
PRIOR_0003131,PVDNAMA,-0.7244667,producible_prior,-3.2748456,-2.4485,-3.2748456,True,False,False,-0.769888015,2.5503787498840333,1.7240332239944456,False,point_median
PRIOR_0003132,KSTMNAG,0.5267544,producible_prior,-2.0236244,-1.1972789,-2.0236244,True,False,False,-0.769888015,2.5503787498840333,1.7240332239944456,False,point_median
PRIOR_0003133,MNKISHQ,-0.40847087,producible_prior,-2.9588497,-2.132504,-2.9588497,True,False,False,-0.769888015,2.5503787498840333,1.7240332239944456,False,point_median
PRIOR_0003134,RHFGRVA,0.686852,producible_prior,-1.8635268,-1.0371813,-1.8635268,True,False,False,-0.769888015,2.5503787498840333,1.7240332239944456,False,point_median
PRIOR_0003135,MLKNITK,0.5749786,producible_prior,-1.9754002,-1.1490546,-1.9754002,True,False,False,-0.769888015,2.5503787498840333,1.7240332239944456,False,point_median
PRIOR_0003136,ITRDMPI,-0.5768722,producible_prior,-3.1272511,-2.3009055,-3.1272511,True,False,False,-0.769888015,2.5503787498840333,1.7240332239944456,False,point_median
PRIOR_0003137,WLTAPRK,-0.105448484,producible_prior,-2.6558273,-1.8294817,-2.6558273,True,False,False,-0.769888015,2.5503787498840333,1.7240332239944456,False,point_median
PRIOR_0003138,LPNVMQS,-0.06179309,producible_prior,-2.612172,-1.7858263,-2.612172,True,False,False,-0.769888015,2.5503787498840333,1.7240332239944456,False,point_median
PRIOR_0003139,MRSHLPM,-0.0059640408,producible_prior,-2.5563428,-1.7299973,-2.5563428,True,False,False,-0.769888015,2.5503787498840333,1.7240332239944456,False,point_median
PRIOR_0003140,IDASKPK,0.57652235,producible_prior,-1.9738564,-1.1475109,-1.9738564,True,False,False,-0.769888015,2.5503787498840333,1.7240332239944456,False,point_median
PRIOR_0003141,HRLNGHD,-0.019209862,producible_prior,-2.5695887,-1.7432431,-2.5695887,True,False,False,-0.769888015,2.5503787498840333,1.7240332239944456,False,point_median
PRIOR_0003142,AARVKYI,-0.02410245,producible_prior,-2.5744812,-1.7481357,-2.5744812,True,False,False,-0.769888015,2.5503787498840333,1.7240332239944456,False,point_median
PRIOR_0003143,KMYQGPS,-0.37011778,producible_prior,-2.9204965,-2.094151,-2.9204965,True,False,False,-0.769888015,2.5503787498840333,1.7240332239944456,False,point_median
PRIOR_0003144,IRKHFVR,0.53093815,producible_prior,-2.0194407,-1.1930951,-2.0194407,True,False,False,-0.769888015,2.5503787498840333,1.7240332239944456,False,point_median
PRIOR_0003145,KIENEME,-0.69288206,producible_prior,-3.2432609,-2.4169154,-3.2432609,True,False,False,-0.769888015,2.5503787498840333,1.7240332239944456,False,point_median
PRIOR_0003146,SMKRLFM,-0.5866717,producible_prior,-3.1370506,-2.310705,-3.1370506,True,False,False,-0.769888015,2.5503787498840333,1.7240332239944456,False,point_median
PRIOR_0003147,VKHNMAE,0.80536175,producible_prior,-1.745017,-0.9186715,-1.745017,True,False,False,-0.769888015,2.5503787498840333,1.7240332239944456,False,point_median
PRIOR_0003148,YQISQRE,-0.2758776,producible_prior,-2.8262563,-1.9999108,-2.8262563,True,False,False,-0.769888015,2.5503787498840333,1.7240332239944456,False,point_median
PRIOR_0003149,KNDRGHG,1.6362612,producible_prior,-0.9141176,-0.08777201,-0.9141176,True,True,False,-0.769888015,2.5503787498840333,1.7240332239944456,False,point_median
PRIOR_0003150,MMDDGKK,-0.032927036,producible_prior,-2.5833058,-1.7569603,-2.5833058,True,False,False,-0.769888015,2.5503787498840333,1.7240332239944456,False,point_median
PRIOR_0003151,GGHVLSK,0.30093598,producible_prior,-2.2494428,-1.4230973,-2.2494428,True,False,False,-0.769888015,2.5503787498840333,1.7240332239944456,False,point_median
PRIOR_0003152,GFAKIKQ,-0.08814311,producible_prior,-2.638522,-1.8121763,-2.638522,True,False,False,-0.769888015,2.5503787498840333,1.7240332239944456,False,point_median
PRIOR_0003153,QLKRREM,1.4061723,producible_prior,-1.1442065,-0.31786096,-1.1442065,True,True,False,-0.769888015,2.5503787498840333,1.7240332239944456,False,point_median
PRIOR_0003154,TLTGNGG,0.9228461,producible_prior,-1.6275327,-0.80118716,-1.6275327,True,False,False,-0.769888015,2.5503787498840333,1.7240332239944456,False,point_median
PRIOR_0003155,VLQMNHA,-0.72480345,producible_prior,-3.2751822,-2.4488368,-3.2751822,True,False,False,-0.769888015,2.5503787498840333,1.7240332239944456,False,point_median
PRIOR_0003156,PMKSRID,0.312932,producible_prior,-2.2374468,-1.4111012,-2.2374468,True,False,False,-0.769888015,2.5503787498840333,1.7240332239944456,False,point_median
PRIOR_0003157,EKNHHDG,0.5639887,producible_prior,-1.9863901,-1.1600446,-1.9863901,True,False,False,-0.769888015,2.5503787498840333,1.7240332239944456,False,point_median
PRIOR_0003158,MQEKVAH,-0.08310437,producible_prior,-2.6334832,-1.8071376,-2.6334832,True,False,False,-0.769888015,2.5503787498840333,1.7240332239944456,False,point_median
PRIOR_0003159,HQDYKSE,-0.65052366,producible_prior,-3.2009025,-2.374557,-3.2009025,True,False,False,-0.769888015,2.5503787498840333,1.7240332239944456,False,point_median
PRIOR_0003160,QGLKDPI,-0.64150786,producible_prior,-3.1918867,-2.365541,-3.1918867,True,False,False,-0.769888015,2.5503787498840333,1.7240332239944456,False,point_median
PRIOR_0003161,GPAEKEH,0.29172254,producible_prior,-2.2586563,-1.4323107,-2.2586563,True,False,False,-0.769888015,2.5503787498840333,1.7240332239944456,False,point_median
PRIOR_0003162,RAGKDKQ,1.1852448,producible_prior,-1.365134,-0.53878844,-1.365134,True,True,False,-0.769888015,2.5503787498840333,1.7240332239944456,False,point_median
PRIOR_0003163,TVKRFVI,0.015286207,producible_prior,-2.5350926,-1.708747,-2.5350926,True,False,False,-0.769888015,2.5503787498840333,1.7240332239944456,False,point_median
PRIOR_0003164,RGDAEIE,-0.26264977,producible_prior,-2.8130286,-1.986683,-2.8130286,True,False,False,-0.769888015,2.5503787498840333,1.7240332239944456,False,point_median
PRIOR_0003165,SDAQKAV,0.33102345,producible_prior,-2.2193553,-1.3930098,-2.2193553,True,False,False,-0.769888015,2.5503787498840333,1.7240332239944456,False,point_median
PRIOR_0003166,FNTVGHD,-0.38144422,producible_prior,-2.931823,-2.1054773,-2.931823,True,False,False,-0.769888015,2.5503787498840333,1.7240332239944456,False,point_median
PRIOR_0003167,SADSGVG,0.36386967,producible_prior,-2.1865091,-1.3601636,-2.1865091,True,False,False,-0.769888015,2.5503787498840333,1.7240332239944456,False,point_median
PRIOR_0003168,YKHVRLW,-0.6208564,producible_prior,-3.171235,-2.3448896,-3.171235,True,False,False,-0.769888015,2.5503787498840333,1.7240332239944456,False,point_median
PRIOR_0003169,MEAKSII,-0.33304763,producible_prior,-2.8834264,-2.0570807,-2.8834264,True,False,False,-0.769888015,2.5503787498840333,1.7240332239944456,False,point_median
PRIOR_0003170,GFGAREM,0.004090786,producible_prior,-2.546288,-1.7199425,-2.546288,True,False,False,-0.769888015,2.5503787498840333,1.7240332239944456,False,point_median
PRIOR_0003171,HMAAPTM,-0.68809247,producible_prior,-3.2384713,-2.4121256,-3.2384713,True,False,False,-0.769888015,2.5503787498840333,1.7240332239944456,False,point_median
PRIOR_0003172,SAPMKNF,-0.40115356,producible_prior,-2.9515324,-2.125187,-2.9515324,True,False,False,-0.769888015,2.5503787498840333,1.7240332239944456,False,point_median
PRIOR_0003173,LAGNHAI,0.017190695,producible_prior,-2.533188,-1.7068425,-2.533188,True,False,False,-0.769888015,2.5503787498840333,1.7240332239944456,False,point_median
PRIOR_0003174,YNQDVRG,0.31526327,producible_prior,-2.2351155,-1.40877,-2.2351155,True,False,False,-0.769888015,2.5503787498840333,1.7240332239944456,False,point_median
PRIOR_0003175,TLHPRMR,0.24363875,producible_prior,-2.30674,-1.4803945,-2.30674,True,False,False,-0.769888015,2.5503787498840333,1.7240332239944456,False,point_median
PRIOR_0003176,IKGHYAE,0.2535274,producible_prior,-2.2968514,-1.4705058,-2.2968514,True,False,False,-0.769888015,2.5503787498840333,1.7240332239944456,False,point_median
PRIOR_0003177,WQMRARH,-0.4491346,producible_prior,-2.9995134,-2.1731677,-2.9995134,True,False,False,-0.769888015,2.5503787498840333,1.7240332239944456,False,point_median
PRIOR_0003178,AAGKYLT,-0.7644057,producible_prior,-3.3147845,-2.488439,-3.3147845,True,False,False,-0.769888015,2.5503787498840333,1.7240332239944456,False,point_median
PRIOR_0003179,WRYVKRG,0.71767664,producible_prior,-1.8327022,-1.0063566,-1.8327022,True,False,False,-0.769888015,2.5503787498840333,1.7240332239944456,False,point_median
PRIOR_0003180,MERESGR,0.02495861,producible_prior,-2.5254202,-1.6990746,-2.5254202,True,False,False,-0.769888015,2.5503787498840333,1.7240332239944456,False,point_median
PRIOR_0003181,RNGQHLL,0.10014582,producible_prior,-2.450233,-1.6238874,-2.450233,True,False,False,-0.769888015,2.5503787498840333,1.7240332239944456,False,point_median
PRIOR_0003182,PRFRLQK,0.020737171,producible_prior,-2.5296416,-1.7032961,-2.5296416,True,False,False,-0.769888015,2.5503787498840333,1.7240332239944456,False,point_median
PRIOR_0003183,SNDTKHP,0.6998861,producible_prior,-1.8504927,-1.0241472,-1.8504927,True,False,False,-0.769888015,2.5503787498840333,1.7240332239944456,False,point_median
PRIOR_0003184,KTTWSNK,-0.52925754,producible_prior,-3.0796363,-2.2532907,-3.0796363,True,False,False,-0.769888015,2.5503787498840333,1.7240332239944456,False,point_median
PRIOR_0003185,KRKKHLP,2.925694,producible_prior,0.3753152,1.2016608,0.3753152,True,True,True,-0.769888015,2.5503787498840333,1.7240332239944456,False,point_median
PRIOR_0003186,FMEKAVS,-0.2852254,producible_prior,-2.8356042,-2.0092587,-2.8356042,True,False,False,-0.769888015,2.5503787498840333,1.7240332239944456,False,point_median
PRIOR_0003187,GGNALAA,0.49603176,producible_prior,-2.054347,-1.2280015,-2.054347,True,False,False,-0.769888015,2.5503787498840333,1.7240332239944456,False,point_median
PRIOR_0003188,NPAMGPI,-0.640808,producible_prior,-3.191187,-2.3648412,-3.191187,True,False,False,-0.769888015,2.5503787498840333,1.7240332239944456,False,point_median
PRIOR_0003189,TTMTSHR,-0.4552647,producible_prior,-3.0056434,-2.179298,-3.0056434,True,False,False,-0.769888015,2.5503787498840333,1.7240332239944456,False,point_median
PRIOR_0003190,LTPHIVP,-0.30579638,producible_prior,-2.8561752,-2.0298295,-2.8561752,True,False,False,-0.769888015,2.5503787498840333,1.7240332239944456,False,point_median
PRIOR_0003191,WRSVNQS,0.3734107,producible_prior,-2.176968,-1.3506225,-2.176968,True,False,False,-0.769888015,2.5503787498840333,1.7240332239944456,False,point_median
PRIOR_0003192,EYGNKAT,-0.5955125,producible_prior,-3.1458912,-2.3195457,-3.1458912,True,False,False,-0.769888015,2.5503787498840333,1.7240332239944456,False,point_median
PRIOR_0003193,KNHMNSH,0.11209583,producible_prior,-2.438283,-1.6119374,-2.438283,True,False,False,-0.769888015,2.5503787498840333,1.7240332239944456,False,point_median
PRIOR_0003194,VGRGHDV,0.7386012,producible_prior,-1.8117776,-0.985432,-1.8117776,True,False,False,-0.769888015,2.5503787498840333,1.7240332239944456,False,point_median
PRIOR_0003195,KGDGTYA,0.22226095,producible_prior,-2.3281178,-1.5017723,-2.3281178,True,False,False,-0.769888015,2.5503787498840333,1.7240332239944456,False,point_median
PRIOR_0003196,KWDQKGM,-0.40108562,producible_prior,-2.9514644,-2.1251187,-2.9514644,True,False,False,-0.769888015,2.5503787498840333,1.7240332239944456,False,point_median
PRIOR_0003197,AKRFRNN,0.5129795,producible_prior,-2.0373993,-1.2110537,-2.0373993,True,False,False,-0.769888015,2.5503787498840333,1.7240332239944456,False,point_median
PRIOR_0003198,KKESHCH,-0.58238614,producible_prior,-3.1327648,-2.3064194,-3.1327648,True,False,False,-0.769888015,2.5503787498840333,1.7240332239944456,False,point_median
PRIOR_0003199,MQGVLEE,-0.55140305,producible_prior,-3.1017818,-2.2754364,-3.1017818,True,False,False,-0.769888015,2.5503787498840333,1.7240332239944456,False,point_median
PRIOR_0003200,RQQPTVM,0.2578678,producible_prior,-2.292511,-1.4661654,-2.292511,True,False,False,-0.769888015,2.5503787498840333,1.7240332239944456,False,point_median
PRIOR_0003201,AQKIQNS,0.47210956,producible_prior,-2.0782692,-1.2519237,-2.0782692,True,False,False,-0.769888015,2.5503787498840333,1.7240332239944456,False,point_median
PRIOR_0003202,RKTYRDY,-0.28715658,producible_prior,-2.8375354,-2.01119,-2.8375354,True,False,False,-0.769888015,2.5503787498840333,1.7240332239944456,False,point_median
PRIOR_0003203,KWKILSA,-0.31601954,producible_prior,-2.8663983,-2.040053,-2.8663983,True,False,False,-0.769888015,2.5503787498840333,1.7240332239944456,False,point_median
PRIOR_0003204,SKHTRAG,2.2267356,producible_prior,-0.3236432,0.50270236,-0.3236432,True,True,True,-0.769888015,2.5503787498840333,1.7240332239944456,False,point_median
PRIOR_0003205,HRVQHDA,0.19115353,producible_prior,-2.3592253,-1.5328797,-2.3592253,True,False,False,-0.769888015,2.5503787498840333,1.7240332239944456,False,point_median
PRIOR_0003206,LERAIGH,-0.35314012,producible_prior,-2.903519,-2.0771732,-2.903519,True,False,False,-0.769888015,2.5503787498840333,1.7240332239944456,False,point_median
PRIOR_0003207,NRNTAVY,-0.04469323,producible_prior,-2.595072,-1.7687265,-2.595072,True,False,False,-0.769888015,2.5503787498840333,1.7240332239944456,False,point_median
PRIOR_0003208,DPGKPPI,0.31508994,producible_prior,-2.2352889,-1.4089433,-2.2352889,True,False,False,-0.769888015,2.5503787498840333,1.7240332239944456,False,point_median
PRIOR_0003209,SCLRRKS,-0.6571461,producible_prior,-3.2075248,-2.3811793,-3.2075248,True,False,False,-0.769888015,2.5503787498840333,1.7240332239944456,False,point_median
PRIOR_0003210,VIHSATK,0.28866053,producible_prior,-2.2617183,-1.4353727,-2.2617183,True,False,False,-0.769888015,2.5503787498840333,1.7240332239944456,False,point_median
PRIOR_0003211,QMDHVTP,-0.6544671,producible_prior,-3.204846,-2.3785005,-3.204846,True,False,False,-0.769888015,2.5503787498840333,1.7240332239944456,False,point_median
PRIOR_0003212,RSTGREI,1.0918899,producible_prior,-1.458489,-0.6321434,-1.458489,True,True,False,-0.769888015,2.5503787498840333,1.7240332239944456,False,point_median
PRIOR_0003213,GQGNIVM,-0.37462044,producible_prior,-2.9249992,-2.0986538,-2.9249992,True,False,False,-0.769888015,2.5503787498840333,1.7240332239944456,False,point_median
PRIOR_0003214,ISDHSNS,-0.16406727,producible_prior,-2.714446,-1.8881005,-2.714446,True,False,False,-0.769888015,2.5503787498840333,1.7240332239944456,False,point_median
PRIOR_0003215,GPNQEEE,0.010591745,producible_prior,-2.539787,-1.7134415,-2.539787,True,False,False,-0.769888015,2.5503787498840333,1.7240332239944456,False,point_median
PRIOR_0003216,MRAFTRL,-0.21706843,producible_prior,-2.7674472,-1.9411017,-2.7674472,True,False,False,-0.769888015,2.5503787498840333,1.7240332239944456,False,point_median
PRIOR_0003217,YHNHGNR,0.4146359,producible_prior,-2.135743,-1.3093973,-2.135743,True,False,False,-0.769888015,2.5503787498840333,1.7240332239944456,False,point_median
PRIOR_0003218,PLRQSPG,0.7748313,producible_prior,-1.7755475,-0.94920194,-1.7755475,True,False,False,-0.769888015,2.5503787498840333,1.7240332239944456,False,point_median
PRIOR_0003219,RAHLEPR,-0.14049268,producible_prior,-2.6908715,-1.8645259,-2.6908715,True,False,False,-0.769888015,2.5503787498840333,1.7240332239944456,False,point_median
PRIOR_0003220,GGKAQPH,1.1555672,producible_prior,-1.3948116,-0.56846607,-1.3948116,True,True,False,-0.769888015,2.5503787498840333,1.7240332239944456,False,point_median
PRIOR_0003221,VNKLAIN,-0.67202985,producible_prior,-3.2224088,-2.396063,-3.2224088,True,False,False,-0.769888015,2.5503787498840333,1.7240332239944456,False,point_median
PRIOR_0003222,INKHASF,0.44156456,producible_prior,-2.1088142,-1.2824687,-2.1088142,True,False,False,-0.769888015,2.5503787498840333,1.7240332239944456,False,point_median
PRIOR_0003223,NIEVRNH,-0.57468987,producible_prior,-3.1250687,-2.2987232,-3.1250687,True,False,False,-0.769888015,2.5503787498840333,1.7240332239944456,False,point_median
PRIOR_0003224,KEPEVPP,-0.12544417,producible_prior,-2.675823,-1.8494774,-2.675823,True,False,False,-0.769888015,2.5503787498840333,1.7240332239944456,False,point_median
PRIOR_0003225,SQRSFIK,-0.3524052,producible_prior,-2.9027839,-2.0764384,-2.9027839,True,False,False,-0.769888015,2.5503787498840333,1.7240332239944456,False,point_median
PRIOR_0003226,LRHRTGQ,0.73864937,producible_prior,-1.8117294,-0.98538387,-1.8117294,True,False,False,-0.769888015,2.5503787498840333,1.7240332239944456,False,point_median
PRIOR_0003227,SRIGGIK,0.4792881,producible_prior,-2.0710907,-1.2447451,-2.0710907,True,False,False,-0.769888015,2.5503787498840333,1.7240332239944456,False,point_median
PRIOR_0003228,PFGARLV,-0.4575324,producible_prior,-3.0079112,-2.1815658,-3.0079112,True,False,False,-0.769888015,2.5503787498840333,1.7240332239944456,False,point_median
PRIOR_0003229,QAGPLGH,-0.26598322,producible_prior,-2.816362,-1.9900165,-2.816362,True,False,False,-0.769888015,2.5503787498840333,1.7240332239944456,False,point_median
PRIOR_0003230,GRLGNLM,-0.34241652,producible_prior,-2.8927953,-2.0664496,-2.8927953,True,False,False,-0.769888015,2.5503787498840333,1.7240332239944456,False,point_median
PRIOR_0003231,RAIQQGF,-0.605373,producible_prior,-3.1557517,-2.3294063,-3.1557517,True,False,False,-0.769888015,2.5503787498840333,1.7240332239944456,False,point_median
PRIOR_0003232,QSATAAE,0.18337822,producible_prior,-2.3670006,-1.540655,-2.3670006,True,False,False,-0.769888015,2.5503787498840333,1.7240332239944456,False,point_median
PRIOR_0003233,HDTTSPP,-0.22734118,producible_prior,-2.77772,-1.9513744,-2.77772,True,False,False,-0.769888015,2.5503787498840333,1.7240332239944456,False,point_median
PRIOR_0003234,RQYASSK,0.2288289,producible_prior,-2.32155,-1.4952043,-2.32155,True,False,False,-0.769888015,2.5503787498840333,1.7240332239944456,False,point_median
PRIOR_0003235,IRIPVGV,-0.33294904,producible_prior,-2.883328,-2.0569823,-2.883328,True,False,False,-0.769888015,2.5503787498840333,1.7240332239944456,False,point_median
PRIOR_0003236,RNKLEPA,0.90674186,producible_prior,-1.643637,-0.8172914,-1.643637,True,False,False,-0.769888015,2.5503787498840333,1.7240332239944456,False,point_median
PRIOR_0003237,LGYKEKG,0.8447561,producible_prior,-1.7056227,-0.8792771,-1.7056227,True,False,False,-0.769888015,2.5503787498840333,1.7240332239944456,False,point_median
PRIOR_0003238,RQGHYPM,-0.3968451,producible_prior,-2.947224,-2.1208782,-2.947224,True,False,False,-0.769888015,2.5503787498840333,1.7240332239944456,False,point_median
PRIOR_0003239,WFRRRIY,-0.6864896,producible_prior,-3.2368684,-2.410523,-3.2368684,True,False,False,-0.769888015,2.5503787498840333,1.7240332239944456,False,point_median
PRIOR_0003240,HPNAGVM,0.17951107,producible_prior,-2.3708677,-1.5445222,-2.3708677,True,False,False,-0.769888015,2.5503787498840333,1.7240332239944456,False,point_median
PRIOR_0003241,VLKINGV,0.2037344,producible_prior,-2.3466444,-1.5202988,-2.3466444,True,False,False,-0.769888015,2.5503787498840333,1.7240332239944456,False,point_median
PRIOR_0003242,AQGHKFN,-0.52082324,producible_prior,-3.071202,-2.2448564,-3.071202,True,False,False,-0.769888015,2.5503787498840333,1.7240332239944456,False,point_median
PRIOR_0003243,QGGAQGW,-0.624948,producible_prior,-3.1753268,-2.3489814,-3.1753268,True,False,False,-0.769888015,2.5503787498840333,1.7240332239944456,False,point_median
PRIOR_0003244,HQEKNQV,0.5502205,producible_prior,-2.0001583,-1.1738127,-2.0001583,True,False,False,-0.769888015,2.5503787498840333,1.7240332239944456,False,point_median
PRIOR_0003245,MRLKKTL,1.0117722,producible_prior,-1.5386066,-0.7122611,-1.5386066,True,True,False,-0.769888015,2.5503787498840333,1.7240332239944456,False,point_median
PRIOR_0003246,DSNNAQA,0.15203094,producible_prior,-2.3983479,-1.5720023,-2.3983479,True,False,False,-0.769888015,2.5503787498840333,1.7240332239944456,False,point_median
PRIOR_0003247,WKQNSNQ,-0.2758739,producible_prior,-2.8262527,-1.9999071,-2.8262527,True,False,False,-0.769888015,2.5503787498840333,1.7240332239944456,False,point_median
PRIOR_0003248,SAGPRNH,0.6324706,producible_prior,-1.9179082,-1.0915626,-1.9179082,True,False,False,-0.769888015,2.5503787498840333,1.7240332239944456,False,point_median
PRIOR_0003249,TYMKKAI,0.047534704,producible_prior,-2.502844,-1.6764985,-2.502844,True,False,False,-0.769888015,2.5503787498840333,1.7240332239944456,False,point_median
PRIOR_0003250,RHEHVME,-0.2420466,producible_prior,-2.7924254,-1.9660798,-2.7924254,True,False,False,-0.769888015,2.5503787498840333,1.7240332239944456,False,point_median
PRIOR_0003251,KDENQLS,-0.5228019,producible_prior,-3.0731807,-2.2468352,-3.0731807,True,False,False,-0.769888015,2.5503787498840333,1.7240332239944456,False,point_median
PRIOR_0003252,RQKMQFG,0.39207458,producible_prior,-2.1583042,-1.3319587,-2.1583042,True,False,False,-0.769888015,2.5503787498840333,1.7240332239944456,False,point_median
PRIOR_0003253,AFHKGIS,0.25070667,producible_prior,-2.2996721,-1.4733266,-2.2996721,True,False,False,-0.769888015,2.5503787498840333,1.7240332239944456,False,point_median
PRIOR_0003254,WSTKIKA,0.8936677,producible_prior,-1.6567111,-0.83036554,-1.6567111,True,False,False,-0.769888015,2.5503787498840333,1.7240332239944456,False,point_median
PRIOR_0003255,QQDHAHR,-0.1971972,producible_prior,-2.747576,-1.9212304,-2.747576,True,False,False,-0.769888015,2.5503787498840333,1.7240332239944456,False,point_median
PRIOR_0003256,MRKDYSA,0.42600513,producible_prior,-2.1243737,-1.2980281,-2.1243737,True,False,False,-0.769888015,2.5503787498840333,1.7240332239944456,False,point_median
PRIOR_0003257,GINIEHK,-0.6910038,producible_prior,-3.2413826,-2.4150372,-3.2413826,True,False,False,-0.769888015,2.5503787498840333,1.7240332239944456,False,point_median
PRIOR_0003258,LQDKNHT,-0.06572485,producible_prior,-2.6161036,-1.7897581,-2.6161036,True,False,False,-0.769888015,2.5503787498840333,1.7240332239944456,False,point_median
PRIOR_0003259,AGKLHHE,0.25124574,producible_prior,-2.299133,-1.4727875,-2.299133,True,False,False,-0.769888015,2.5503787498840333,1.7240332239944456,False,point_median
PRIOR_0003260,YKHKIIY,0.007586956,producible_prior,-2.5427918,-1.7164463,-2.5427918,True,False,False,-0.769888015,2.5503787498840333,1.7240332239944456,False,point_median
PRIOR_0003261,TREQSPI,0.27085042,producible_prior,-2.2795284,-1.4531828,-2.2795284,True,False,False,-0.769888015,2.5503787498840333,1.7240332239944456,False,point_median
PRIOR_0003262,KMQVREA,0.94785094,producible_prior,-1.6025279,-0.7761823,-1.6025279,True,False,False,-0.769888015,2.5503787498840333,1.7240332239944456,False,point_median
PRIOR_0003263,NIVAPGV,-0.70014834,producible_prior,-3.2505271,-2.4241815,-3.2505271,True,False,False,-0.769888015,2.5503787498840333,1.7240332239944456,False,point_median
PRIOR_0003264,WNKNKPG,1.7741666,producible_prior,-0.7762122,0.050133348,-0.7762122,True,True,False,-0.769888015,2.5503787498840333,1.7240332239944456,False,point_median
PRIOR_0003265,HSGQVNF,-0.63143086,producible_prior,-3.1818097,-2.355464,-3.1818097,True,False,False,-0.769888015,2.5503787498840333,1.7240332239944456,False,point_median
PRIOR_0003266,AFRNGQI,0.20179367,producible_prior,-2.3485851,-1.5222396,-2.3485851,True,False,False,-0.769888015,2.5503787498840333,1.7240332239944456,False,point_median
PRIOR_0003267,RHTAANN,0.19584799,producible_prior,-2.3545308,-1.5281852,-2.3545308,True,False,False,-0.769888015,2.5503787498840333,1.7240332239944456,False,point_median
PRIOR_0003268,WSRKGPA,1.439717,producible_prior,-1.1106617,-0.28431618,-1.1106617,True,True,False,-0.769888015,2.5503787498840333,1.7240332239944456,False,point_median
PRIOR_0003269,TTMGQSL,-0.6579379,producible_prior,-3.2083168,-2.3819711,-3.2083168,True,False,False,-0.769888015,2.5503787498840333,1.7240332239944456,False,point_median
PRIOR_0003270,FFLKQQR,-0.57707,producible_prior,-3.1274488,-2.301103,-3.1274488,True,False,False,-0.769888015,2.5503787498840333,1.7240332239944456,False,point_median
PRIOR_0003271,TFSDQSD,-0.76359916,producible_prior,-3.313978,-2.4876323,-3.313978,True,False,False,-0.769888015,2.5503787498840333,1.7240332239944456,False,point_median
PRIOR_0003272,VSLKPRK,0.69390583,producible_prior,-1.856473,-1.0301274,-1.856473,True,False,False,-0.769888015,2.5503787498840333,1.7240332239944456,False,point_median
PRIOR_0003273,IRDSTGH,0.36385083,producible_prior,-2.186528,-1.3601824,-2.186528,True,False,False,-0.769888015,2.5503787498840333,1.7240332239944456,False,point_median
PRIOR_0003274,AFGNKSS,0.7222307,producible_prior,-1.8281481,-1.0018026,-1.8281481,True,False,False,-0.769888015,2.5503787498840333,1.7240332239944456,False,point_median
PRIOR_0003275,KKEDGIE,0.5509269,producible_prior,-1.9994519,-1.1731063,-1.9994519,True,False,False,-0.769888015,2.5503787498840333,1.7240332239944456,False,point_median
PRIOR_0003276,YARLPTG,0.32823277,producible_prior,-2.222146,-1.3958005,-2.222146,True,False,False,-0.769888015,2.5503787498840333,1.7240332239944456,False,point_median
PRIOR_0003277,SSEHNSI,-0.5108777,producible_prior,-3.0612564,-2.234911,-3.0612564,True,False,False,-0.769888015,2.5503787498840333,1.7240332239944456,False,point_median
PRIOR_0003278,LLYGGKL,-0.53370285,producible_prior,-3.0840816,-2.2577362,-3.0840816,True,False,False,-0.769888015,2.5503787498840333,1.7240332239944456,False,point_median
PRIOR_0003279,HDSVSGH,-0.50678754,producible_prior,-3.0571663,-2.2308207,-3.0571663,True,False,False,-0.769888015,2.5503787498840333,1.7240332239944456,False,point_median
PRIOR_0003280,HMHGNMG,0.32390785,producible_prior,-2.226471,-1.4001254,-2.226471,True,False,False,-0.769888015,2.5503787498840333,1.7240332239944456,False,point_median
PRIOR_0003281,QPLKMGM,-0.30910707,producible_prior,-2.8594859,-2.0331402,-2.8594859,True,False,False,-0.769888015,2.5503787498840333,1.7240332239944456,False,point_median
PRIOR_0003282,PHYRQAS,-0.52061605,producible_prior,-3.0709949,-2.2446494,-3.0709949,True,False,False,-0.769888015,2.5503787498840333,1.7240332239944456,False,point_median
PRIOR_0003283,WTKDPHH,-0.5918126,producible_prior,-3.1421914,-2.315846,-3.1421914,True,False,False,-0.769888015,2.5503787498840333,1.7240332239944456,False,point_median
PRIOR_0003284,ISLKEPE,-0.45702946,producible_prior,-3.0074081,-2.1810627,-3.0074081,True,False,False,-0.769888015,2.5503787498840333,1.7240332239944456,False,point_median
PRIOR_0003285,QNIKMTR,0.0063152313,producible_prior,-2.5440636,-1.717718,-2.5440636,True,False,False,-0.769888015,2.5503787498840333,1.7240332239944456,False,point_median
PRIOR_0003286,TSQNIQT,-0.34482217,producible_prior,-2.895201,-2.0688553,-2.895201,True,False,False,-0.769888015,2.5503787498840333,1.7240332239944456,False,point_median
PRIOR_0003287,HDATETP,-0.6957544,producible_prior,-3.2461333,-2.4197876,-3.2461333,True,False,False,-0.769888015,2.5503787498840333,1.7240332239944456,False,point_median
PRIOR_0003288,KAGVKSF,1.0415666,producible_prior,-1.5088122,-0.6824666,-1.5088122,True,True,False,-0.769888015,2.5503787498840333,1.7240332239944456,False,point_median
PRIOR_0003289,KSPIKNP,1.365202,producible_prior,-1.1851768,-0.3588313,-1.1851768,True,True,False,-0.769888015,2.5503787498840333,1.7240332239944456,False,point_median
PRIOR_0003290,HHKQSQW,-0.18427968,producible_prior,-2.7346585,-1.9083129,-2.7346585,True,False,False,-0.769888015,2.5503787498840333,1.7240332239944456,False,point_median
PRIOR_0003291,SRDKTFH,0.0878973,producible_prior,-2.4624815,-1.6361359,-2.4624815,True,False,False,-0.769888015,2.5503787498840333,1.7240332239944456,False,point_median
PRIOR_0003292,LTRSPLN,-0.4794804,producible_prior,-3.029859,-2.2035136,-3.029859,True,False,False,-0.769888015,2.5503787498840333,1.7240332239944456,False,point_median
PRIOR_0003293,YFRSKEG,1.2286952,producible_prior,-1.3216836,-0.49533808,-1.3216836,True,True,False,-0.769888015,2.5503787498840333,1.7240332239944456,False,point_median
PRIOR_0003294,RINRDLG,0.5441208,producible_prior,-2.006258,-1.1799124,-2.006258,True,False,False,-0.769888015,2.5503787498840333,1.7240332239944456,False,point_median
PRIOR_0003295,KQPTIPE,0.45181084,producible_prior,-2.098568,-1.2722224,-2.098568,True,False,False,-0.769888015,2.5503787498840333,1.7240332239944456,False,point_median
PRIOR_0003296,KSTKHGP,1.8103838,producible_prior,-0.739995,0.08635056,-0.739995,True,True,True,-0.769888015,2.5503787498840333,1.7240332239944456,False,point_median
PRIOR_0003297,GRIDGHA,0.122895956,producible_prior,-2.4274828,-1.6011373,-2.4274828,True,False,False,-0.769888015,2.5503787498840333,1.7240332239944456,False,point_median
PRIOR_0003298,RYSAHHP,0.09262347,producible_prior,-2.4577553,-1.6314098,-2.4577553,True,False,False,-0.769888015,2.5503787498840333,1.7240332239944456,False,point_median
PRIOR_0003299,LNRAYGR,-0.07404637,producible_prior,-2.6244252,-1.7980796,-2.6244252,True,False,False,-0.769888015,2.5503787498840333,1.7240332239944456,False,point_median
PRIOR_0003300,LRNMIRG,0.6017101,producible_prior,-1.9486687,-1.1223232,-1.9486687,True,False,False,-0.769888015,2.5503787498840333,1.7240332239944456,False,point_median
PRIOR_0003301,LNSRMEP,0.42625952,producible_prior,-2.1241193,-1.2977737,-2.1241193,True,False,False,-0.769888015,2.5503787498840333,1.7240332239944456,False,point_median
PRIOR_0003302,QIFPRSP,-0.5521108,producible_prior,-3.1024895,-2.276144,-3.1024895,True,False,False,-0.769888015,2.5503787498840333,1.7240332239944456,False,point_median
PRIOR_0003303,QYKAEPS,-0.09030938,producible_prior,-2.6406882,-1.8143426,-2.6406882,True,False,False,-0.769888015,2.5503787498840333,1.7240332239944456,False,point_median
PRIOR_0003304,WSSPNNA,-0.2357285,producible_prior,-2.7861073,-1.9597617,-2.7861073,True,False,False,-0.769888015,2.5503787498840333,1.7240332239944456,False,point_median
PRIOR_0003305,KIGEMMD,-0.6777524,producible_prior,-3.2281313,-2.4017856,-3.2281313,True,False,False,-0.769888015,2.5503787498840333,1.7240332239944456,False,point_median
PRIOR_0003306,RNKEVVQ,0.014072657,producible_prior,-2.5363061,-1.7099606,-2.5363061,True,False,False,-0.769888015,2.5503787498840333,1.7240332239944456,False,point_median
PRIOR_0003307,SASIAHL,-0.7548833,producible_prior,-3.305262,-2.4789166,-3.305262,True,False,False,-0.769888015,2.5503787498840333,1.7240332239944456,False,point_median
PRIOR_0003308,GNGYRTG,0.40872812,producible_prior,-2.1416507,-1.3153051,-2.1416507,True,False,False,-0.769888015,2.5503787498840333,1.7240332239944456,False,point_median
PRIOR_0003309,EHGTQDK,-0.34887242,producible_prior,-2.8992512,-2.0729055,-2.8992512,True,False,False,-0.769888015,2.5503787498840333,1.7240332239944456,False,point_median
PRIOR_0003310,QMQKHVE,0.37544918,producible_prior,-2.1749296,-1.348584,-2.1749296,True,False,False,-0.769888015,2.5503787498840333,1.7240332239944456,False,point_median
PRIOR_0003311,QAAGKHH,0.9698639,producible_prior,-1.5805149,-0.75416934,-1.5805149,True,True,False,-0.769888015,2.5503787498840333,1.7240332239944456,False,point_median
PRIOR_0003312,RHFTADA,-0.2849121,producible_prior,-2.835291,-2.0089455,-2.835291,True,False,False,-0.769888015,2.5503787498840333,1.7240332239944456,False,point_median
PRIOR_0003313,EKAPKGL,0.62533927,producible_prior,-1.9250395,-1.098694,-1.9250395,True,False,False,-0.769888015,2.5503787498840333,1.7240332239944456,False,point_median
PRIOR_0003314,FLMKANI,-0.6945312,producible_prior,-3.24491,-2.4185643,-3.24491,True,False,False,-0.769888015,2.5503787498840333,1.7240332239944456,False,point_median
PRIOR_0003315,YMSVEQK,-0.51946473,producible_prior,-3.0698435,-2.2434978,-3.0698435,True,False,False,-0.769888015,2.5503787498840333,1.7240332239944456,False,point_median
PRIOR_0003316,KISIKSY,0.018172741,producible_prior,-2.532206,-1.7058605,-2.532206,True,False,False,-0.769888015,2.5503787498840333,1.7240332239944456,False,point_median
PRIOR_0003317,GNKLPEK,0.6003463,producible_prior,-1.9500325,-1.1236869,-1.9500325,True,False,False,-0.769888015,2.5503787498840333,1.7240332239944456,False,point_median
PRIOR_0003318,RMPHIQP,0.44554472,producible_prior,-2.104834,-1.2784885,-2.104834,True,False,False,-0.769888015,2.5503787498840333,1.7240332239944456,False,point_median
PRIOR_0003319,HMKTQLY,-0.68422663,producible_prior,-3.2346053,-2.4082599,-3.2346053,True,False,False,-0.769888015,2.5503787498840333,1.7240332239944456,False,point_median
PRIOR_0003320,KQGPVVR,0.6440196,producible_prior,-1.9063592,-1.0800136,-1.9063592,True,False,False,-0.769888015,2.5503787498840333,1.7240332239944456,False,point_median
PRIOR_0003321,DTPRGQG,0.9745219,producible_prior,-1.5758569,-0.74951136,-1.5758569,True,True,False,-0.769888015,2.5503787498840333,1.7240332239944456,False,point_median
PRIOR_0003322,KHKANNH,1.5395274,producible_prior,-1.0108514,-0.18450582,-1.0108514,True,True,False,-0.769888015,2.5503787498840333,1.7240332239944456,False,point_median
PRIOR_0003323,RGSGASH,1.3165665,producible_prior,-1.2338123,-0.40746677,-1.2338123,True,True,False,-0.769888015,2.5503787498840333,1.7240332239944456,False,point_median
PRIOR_0003324,TQYKAPG,0.524848,producible_prior,-2.0255308,-1.1991853,-2.0255308,True,False,False,-0.769888015,2.5503787498840333,1.7240332239944456,False,point_median
PRIOR_0003325,LRSIGKT,0.883378,producible_prior,-1.6670008,-0.8406552,-1.6670008,True,False,False,-0.769888015,2.5503787498840333,1.7240332239944456,False,point_median
PRIOR_0003326,GMMRPTV,-0.52350223,producible_prior,-3.0738811,-2.2475355,-3.0738811,True,False,False,-0.769888015,2.5503787498840333,1.7240332239944456,False,point_median
PRIOR_0003327,TREMDTP,-0.70866346,producible_prior,-3.2590423,-2.4326968,-3.2590423,True,False,False,-0.769888015,2.5503787498840333,1.7240332239944456,False,point_median
PRIOR_0003328,DRRRRKG,3.2409778,producible_prior,0.69059896,1.5169445,0.69059896,True,True,True,-0.769888015,2.5503787498840333,1.7240332239944456,False,point_median
PRIOR_0003329,ENMKAGD,-0.43810475,producible_prior,-2.9884834,-2.162138,-2.9884834,True,False,False,-0.769888015,2.5503787498840333,1.7240332239944456,False,point_median
PRIOR_0003330,RAVQQRI,0.55269647,producible_prior,-1.9976823,-1.1713368,-1.9976823,True,False,False,-0.769888015,2.5503787498840333,1.7240332239944456,False,point_median
PRIOR_0003331,FAAKPAF,-0.21186614,producible_prior,-2.762245,-1.9358994,-2.762245,True,False,False,-0.769888015,2.5503787498840333,1.7240332239944456,False,point_median
PRIOR_0003332,YVNARRP,1.1302447,producible_prior,-1.4201341,-0.5937885,-1.4201341,True,True,False,-0.769888015,2.5503787498840333,1.7240332239944456,False,point_median
PRIOR_0003333,WGPKVLL,-0.4754976,producible_prior,-3.0258765,-2.1995308,-3.0258765,True,False,False,-0.769888015,2.5503787498840333,1.7240332239944456,False,point_median
PRIOR_0003334,RSIRTLD,-0.022017956,producible_prior,-2.5723968,-1.7460512,-2.5723968,True,False,False,-0.769888015,2.5503787498840333,1.7240332239944456,False,point_median
PRIOR_0003335,VKHPMQG,1.1538022,producible_prior,-1.3965766,-0.5702311,-1.3965766,True,True,False,-0.769888015,2.5503787498840333,1.7240332239944456,False,point_median
PRIOR_0003336,RMQVVQP,0.33532476,producible_prior,-2.215054,-1.3887085,-2.215054,True,False,False,-0.769888015,2.5503787498840333,1.7240332239944456,False,point_median
PRIOR_0003337,EKIGNPV,-0.22267795,producible_prior,-2.7730567,-1.9467112,-2.7730567,True,False,False,-0.769888015,2.5503787498840333,1.7240332239944456,False,point_median
PRIOR_0003338,FPGRVAI,0.31470776,producible_prior,-2.235671,-1.4093255,-2.235671,True,False,False,-0.769888015,2.5503787498840333,1.7240332239944456,False,point_median
PRIOR_0003339,IGKIMTH,0.01678133,producible_prior,-2.5335975,-1.7072519,-2.5335975,True,False,False,-0.769888015,2.5503787498840333,1.7240332239944456,False,point_median
PRIOR_0003340,RLQVEKE,0.72335005,producible_prior,-1.8270288,-1.0006832,-1.8270288,True,False,False,-0.769888015,2.5503787498840333,1.7240332239944456,False,point_median
PRIOR_0003341,KELQKKP,1.228822,producible_prior,-1.3215568,-0.49521124,-1.3215568,True,True,False,-0.769888015,2.5503787498840333,1.7240332239944456,False,point_median
PRIOR_0003342,VMRQQEK,0.5251043,producible_prior,-2.0252745,-1.198929,-2.0252745,True,False,False,-0.769888015,2.5503787498840333,1.7240332239944456,False,point_median
PRIOR_0003343,QNGRYKW,-0.6937566,producible_prior,-3.2441354,-2.41779,-3.2441354,True,False,False,-0.769888015,2.5503787498840333,1.7240332239944456,False,point_median
PRIOR_0003344,LLTTDRD,-0.66806316,producible_prior,-3.218442,-2.3920965,-3.218442,True,False,False,-0.769888015,2.5503787498840333,1.7240332239944456,False,point_median
PRIOR_0003345,QLRFNSH,-0.57593596,producible_prior,-3.1263146,-2.2999692,-3.1263146,True,False,False,-0.769888015,2.5503787498840333,1.7240332239944456,False,point_median
PRIOR_0003346,KHERYSR,-0.056800365,producible_prior,-2.6071792,-1.7808336,-2.6071792,True,False,False,-0.769888015,2.5503787498840333,1.7240332239944456,False,point_median
PRIOR_0003347,TVFVKEM,-0.756438,producible_prior,-3.3068168,-2.4804711,-3.3068168,True,False,False,-0.769888015,2.5503787498840333,1.7240332239944456,False,point_median
PRIOR_0003348,QPRLKTW,-0.3655634,producible_prior,-2.9159422,-2.0895967,-2.9159422,True,False,False,-0.769888015,2.5503787498840333,1.7240332239944456,False,point_median
PRIOR_0003349,VSRPGRV,1.2075853,producible_prior,-1.3427935,-0.5164479,-1.3427935,True,True,False,-0.769888015,2.5503787498840333,1.7240332239944456,False,point_median
PRIOR_0003350,WHKDTHS,-0.0034599304,producible_prior,-2.5538387,-1.7274932,-2.5538387,True,False,False,-0.769888015,2.5503787498840333,1.7240332239944456,False,point_median
PRIOR_0003351,YRPATNH,0.66026497,producible_prior,-1.8901138,-1.0637683,-1.8901138,True,False,False,-0.769888015,2.5503787498840333,1.7240332239944456,False,point_median
PRIOR_0003352,KSVTQRG,1.2633615,producible_prior,-1.2870173,-0.46067178,-1.2870173,True,True,False,-0.769888015,2.5503787498840333,1.7240332239944456,False,point_median
PRIOR_0003353,GIGHSPA,0.6148844,producible_prior,-1.9354944,-1.1091489,-1.9354944,True,False,False,-0.769888015,2.5503787498840333,1.7240332239944456,False,point_median
PRIOR_0003354,GNGNHYV,-0.58969057,producible_prior,-3.1400695,-2.3137238,-3.1400695,True,False,False,-0.769888015,2.5503787498840333,1.7240332239944456,False,point_median
PRIOR_0003355,CRSKMAV,0.2238164,producible_prior,-2.3265624,-1.5002168,-2.3265624,True,False,False,-0.769888015,2.5503787498840333,1.7240332239944456,False,point_median
PRIOR_0003356,QSTRVME,0.12051439,producible_prior,-2.4298644,-1.6035188,-2.4298644,True,False,False,-0.769888015,2.5503787498840333,1.7240332239944456,False,point_median
PRIOR_0003357,CTKNKIP,0.45967603,producible_prior,-2.0907028,-1.2643572,-2.0907028,True,False,False,-0.769888015,2.5503787498840333,1.7240332239944456,False,point_median
PRIOR_0003358,DAGRTQY,-0.27480865,producible_prior,-2.8251874,-1.9988419,-2.8251874,True,False,False,-0.769888015,2.5503787498840333,1.7240332239944456,False,point_median
PRIOR_0003359,AGDHISE,-0.5360631,producible_prior,-3.086442,-2.2600963,-3.086442,True,False,False,-0.769888015,2.5503787498840333,1.7240332239944456,False,point_median
PRIOR_0003360,VKSNRNE,1.6851695,producible_prior,-0.86520934,-0.038863778,-0.86520934,True,True,False,-0.769888015,2.5503787498840333,1.7240332239944456,False,point_median
PRIOR_0003361,NPVKTID,0.102048635,producible_prior,-2.4483302,-1.6219846,-2.4483302,True,False,False,-0.769888015,2.5503787498840333,1.7240332239944456,False,point_median
PRIOR_0003362,PKESERL,-0.0718019,producible_prior,-2.6221807,-1.7958351,-2.6221807,True,False,False,-0.769888015,2.5503787498840333,1.7240332239944456,False,point_median
PRIOR_0003363,NIRKGLQ,0.23106718,producible_prior,-2.3193116,-1.492966,-2.3193116,True,False,False,-0.769888015,2.5503787498840333,1.7240332239944456,False,point_median
PRIOR_0003364,RESGINS,0.36263394,producible_prior,-2.1877449,-1.3613993,-2.1877449,True,False,False,-0.769888015,2.5503787498840333,1.7240332239944456,False,point_median
PRIOR_0003365,RLHVVAK,0.55733395,producible_prior,-1.9930449,-1.1666993,-1.9930449,True,False,False,-0.769888015,2.5503787498840333,1.7240332239944456,False,point_median
PRIOR_0003366,LTDNGHD,-0.5264137,producible_prior,-3.0767925,-2.2504468,-3.0767925,True,False,False,-0.769888015,2.5503787498840333,1.7240332239944456,False,point_median
PRIOR_0003367,YKFNGHA,0.3178897,producible_prior,-2.232489,-1.4061435,-2.232489,True,False,False,-0.769888015,2.5503787498840333,1.7240332239944456,False,point_median
PRIOR_0003368,RKYYLKR,-0.2047379,producible_prior,-2.7551167,-1.9287711,-2.7551167,True,False,False,-0.769888015,2.5503787498840333,1.7240332239944456,False,point_median
PRIOR_0003369,TMHHRLD,-0.06173563,producible_prior,-2.6121144,-1.7857689,-2.6121144,True,False,False,-0.769888015,2.5503787498840333,1.7240332239944456,False,point_median
PRIOR_0003370,GTAHGLI,-0.33366132,producible_prior,-2.88404,-2.0576944,-2.88404,True,False,False,-0.769888015,2.5503787498840333,1.7240332239944456,False,point_median
PRIOR_0003371,RKTGMTN,0.98042154,producible_prior,-1.5699573,-0.7436117,-1.5699573,True,True,False,-0.769888015,2.5503787498840333,1.7240332239944456,False,point_median
PRIOR_0003372,INTPANK,0.3442483,producible_prior,-2.2061305,-1.379785,-2.2061305,True,False,False,-0.769888015,2.5503787498840333,1.7240332239944456,False,point_median
PRIOR_0003373,EQRVANN,-0.62901044,producible_prior,-3.1793892,-2.3530436,-3.1793892,True,False,False,-0.769888015,2.5503787498840333,1.7240332239944456,False,point_median
PRIOR_0003374,GGQDKPM,0.45025945,producible_prior,-2.1001194,-1.2737738,-2.1001194,True,False,False,-0.769888015,2.5503787498840333,1.7240332239944456,False,point_median
PRIOR_0003375,DYDKTAG,-0.33467054,producible_prior,-2.8850493,-2.058704,-2.8850493,True,False,False,-0.769888015,2.5503787498840333,1.7240332239944456,False,point_median
PRIOR_0003376,TNITHHE,-0.60056853,producible_prior,-3.1509473,-2.3246017,-3.1509473,True,False,False,-0.769888015,2.5503787498840333,1.7240332239944456,False,point_median
PRIOR_0003377,KPEVAIE,-0.08030748,producible_prior,-2.6306863,-1.8043407,-2.6306863,True,False,False,-0.769888015,2.5503787498840333,1.7240332239944456,False,point_median
PRIOR_0003378,AANNTDK,0.29999232,producible_prior,-2.2503865,-1.4240409,-2.2503865,True,False,False,-0.769888015,2.5503787498840333,1.7240332239944456,False,point_median
PRIOR_0003379,DMHTNGA,-0.315161,producible_prior,-2.8655398,-2.039194,-2.8655398,True,False,False,-0.769888015,2.5503787498840333,1.7240332239944456,False,point_median
PRIOR_0003380,YSQQVEH,-0.67798555,producible_prior,-3.2283645,-2.4020188,-3.2283645,True,False,False,-0.769888015,2.5503787498840333,1.7240332239944456,False,point_median
PRIOR_0003381,HIQKGLF,-0.3434888,producible_prior,-2.8938675,-2.067522,-2.8938675,True,False,False,-0.769888015,2.5503787498840333,1.7240332239944456,False,point_median
PRIOR_0003382,RVTPPLH,-0.3456123,producible_prior,-2.895991,-2.0696454,-2.895991,True,False,False,-0.769888015,2.5503787498840333,1.7240332239944456,False,point_median
PRIOR_0003383,PKERDHS,0.20119739,producible_prior,-2.3491814,-1.5228359,-2.3491814,True,False,False,-0.769888015,2.5503787498840333,1.7240332239944456,False,point_median
PRIOR_0003384,VINNKKT,1.1252334,producible_prior,-1.4251454,-0.5987998,-1.4251454,True,True,False,-0.769888015,2.5503787498840333,1.7240332239944456,False,point_median
PRIOR_0003385,MIQKEVS,0.063863516,producible_prior,-2.4865153,-1.6601697,-2.4865153,True,False,False,-0.769888015,2.5503787498840333,1.7240332239944456,False,point_median
PRIOR_0003386,GPAESAI,-0.27158582,producible_prior,-2.8219647,-1.995619,-2.8219647,True,False,False,-0.769888015,2.5503787498840333,1.7240332239944456,False,point_median
PRIOR_0003387,MMAQKSD,0.2636237,producible_prior,-2.286755,-1.4604095,-2.286755,True,False,False,-0.769888015,2.5503787498840333,1.7240332239944456,False,point_median
PRIOR_0003388,RDKQMDR,0.47187805,producible_prior,-2.0785007,-1.2521552,-2.0785007,True,False,False,-0.769888015,2.5503787498840333,1.7240332239944456,False,point_median
PRIOR_0003389,YGPHNHF,-0.51506174,producible_prior,-3.0654407,-2.239095,-3.0654407,True,False,False,-0.769888015,2.5503787498840333,1.7240332239944456,False,point_median
PRIOR_0003390,TKGILGN,-0.07084799,producible_prior,-2.6212268,-1.7948812,-2.6212268,True,False,False,-0.769888015,2.5503787498840333,1.7240332239944456,False,point_median
PRIOR_0003391,PTTLKKQ,-0.29202867,producible_prior,-2.8424075,-2.0160618,-2.8424075,True,False,False,-0.769888015,2.5503787498840333,1.7240332239944456,False,point_median
PRIOR_0003392,RPRWKEA,0.9067297,producible_prior,-1.6436491,-0.81730354,-1.6436491,True,False,False,-0.769888015,2.5503787498840333,1.7240332239944456,False,point_median
PRIOR_0003393,TGYNTKP,0.5835304,producible_prior,-1.9668484,-1.1405028,-1.9668484,True,False,False,-0.769888015,2.5503787498840333,1.7240332239944456,False,point_median
PRIOR_0003394,HNNHHKA,1.391859,producible_prior,-1.1585197,-0.33217418,-1.1585197,True,True,False,-0.769888015,2.5503787498840333,1.7240332239944456,False,point_median
PRIOR_0003395,QNDRNAG,0.91201043,producible_prior,-1.6383684,-0.8120228,-1.6383684,True,False,False,-0.769888015,2.5503787498840333,1.7240332239944456,False,point_median
PRIOR_0003396,MPINGGE,-0.20751143,producible_prior,-2.7578902,-1.9315447,-2.7578902,True,False,False,-0.769888015,2.5503787498840333,1.7240332239944456,False,point_median
PRIOR_0003397,KAVSHMI,-0.31770432,producible_prior,-2.868083,-2.0417376,-2.868083,True,False,False,-0.769888015,2.5503787498840333,1.7240332239944456,False,point_median
PRIOR_0003398,KHVSIIA,-0.21563101,producible_prior,-2.7660098,-1.9396642,-2.7660098,True,False,False,-0.769888015,2.5503787498840333,1.7240332239944456,False,point_median
PRIOR_0003399,WFENKQP,-0.41927302,producible_prior,-2.9696517,-2.1433063,-2.9696517,True,False,False,-0.769888015,2.5503787498840333,1.7240332239944456,False,point_median
PRIOR_0003400,FFMVGRA,-0.7361864,producible_prior,-3.2865653,-2.4602196,-3.2865653,True,False,False,-0.769888015,2.5503787498840333,1.7240332239944456,False,point_median
PRIOR_0003401,HANFPRK,0.039756298,producible_prior,-2.5106225,-1.6842769,-2.5106225,True,False,False,-0.769888015,2.5503787498840333,1.7240332239944456,False,point_median
PRIOR_0003402,HNASLKK,0.8451464,producible_prior,-1.7052324,-0.8788868,-1.7052324,True,False,False,-0.769888015,2.5503787498840333,1.7240332239944456,False,point_median
PRIOR_0003403,QHIPGAG,-0.056267977,producible_prior,-2.6066468,-1.7803012,-2.6066468,True,False,False,-0.769888015,2.5503787498840333,1.7240332239944456,False,point_median
PRIOR_0003404,FPIVTHA,-0.70697355,producible_prior,-3.2573524,-2.431007,-3.2573524,True,False,False,-0.769888015,2.5503787498840333,1.7240332239944456,False,point_median
PRIOR_0003405,IHDQGKP,0.77741075,producible_prior,-1.772968,-0.9466225,-1.772968,True,False,False,-0.769888015,2.5503787498840333,1.7240332239944456,False,point_median
PRIOR_0003406,YRKFSSR,0.8435116,producible_prior,-1.7068672,-0.88052166,-1.7068672,True,False,False,-0.769888015,2.5503787498840333,1.7240332239944456,False,point_median
PRIOR_0003407,NQRTKSD,1.4993207,producible_prior,-1.051058,-0.22471249,-1.051058,True,True,False,-0.769888015,2.5503787498840333,1.7240332239944456,False,point_median
PRIOR_0003408,ASKFAKF,-0.08297849,producible_prior,-2.6333573,-1.8070117,-2.6333573,True,False,False,-0.769888015,2.5503787498840333,1.7240332239944456,False,point_median
PRIOR_0003409,MTKPFNE,-0.3938532,producible_prior,-2.944232,-2.1178865,-2.944232,True,False,False,-0.769888015,2.5503787498840333,1.7240332239944456,False,point_median
PRIOR_0003410,KNMNKMF,-0.17098045,producible_prior,-2.7213593,-1.8950137,-2.7213593,True,False,False,-0.769888015,2.5503787498840333,1.7240332239944456,False,point_median
PRIOR_0003411,DFVKQRH,-0.46962237,producible_prior,-3.0200012,-2.1936555,-3.0200012,True,False,False,-0.769888015,2.5503787498840333,1.7240332239944456,False,point_median
PRIOR_0003412,KKEVEVR,0.571743,producible_prior,-1.9786358,-1.1522902,-1.9786358,True,False,False,-0.769888015,2.5503787498840333,1.7240332239944456,False,point_median
PRIOR_0003413,VPNKDIK,0.40290785,producible_prior,-2.147471,-1.3211254,-2.147471,True,False,False,-0.769888015,2.5503787498840333,1.7240332239944456,False,point_median
PRIOR_0003414,SPKDHRM,0.8190732,producible_prior,-1.7313056,-0.90496004,-1.7313056,True,False,False,-0.769888015,2.5503787498840333,1.7240332239944456,False,point_median
PRIOR_0003415,MFNDQRH,-0.6569555,producible_prior,-3.2073343,-2.3809886,-3.2073343,True,False,False,-0.769888015,2.5503787498840333,1.7240332239944456,False,point_median
PRIOR_0003416,IARSHPR,0.8067353,producible_prior,-1.7436435,-0.91729796,-1.7436435,True,False,False,-0.769888015,2.5503787498840333,1.7240332239944456,False,point_median
PRIOR_0003417,TEKRKLD,1.4454925,producible_prior,-1.1048863,-0.27854073,-1.1048863,True,True,False,-0.769888015,2.5503787498840333,1.7240332239944456,False,point_median
PRIOR_0003418,VKFGPHK,0.37502003,producible_prior,-2.1753588,-1.3490132,-2.1753588,True,False,False,-0.769888015,2.5503787498840333,1.7240332239944456,False,point_median
PRIOR_0003419,GNPMKAY,-0.35314953,producible_prior,-2.9035282,-2.0771828,-2.9035282,True,False,False,-0.769888015,2.5503787498840333,1.7240332239944456,False,point_median
PRIOR_0003420,HKYQRHH,0.18386555,producible_prior,-2.3665133,-1.5401677,-2.3665133,True,False,False,-0.769888015,2.5503787498840333,1.7240332239944456,False,point_median
PRIOR_0003421,HTNPHSH,-0.21402216,producible_prior,-2.764401,-1.9380554,-2.764401,True,False,False,-0.769888015,2.5503787498840333,1.7240332239944456,False,point_median
PRIOR_0003422,WRLGTGK,0.16287255,producible_prior,-2.3875062,-1.5611607,-2.3875062,True,False,False,-0.769888015,2.5503787498840333,1.7240332239944456,False,point_median
PRIOR_0003423,TKEMRVP,0.47721696,producible_prior,-2.0731618,-1.2468163,-2.0731618,True,False,False,-0.769888015,2.5503787498840333,1.7240332239944456,False,point_median
PRIOR_0003424,AKKMYKW,-0.72566605,producible_prior,-3.2760448,-2.4496994,-3.2760448,True,False,False,-0.769888015,2.5503787498840333,1.7240332239944456,False,point_median
PRIOR_0003425,IYDQHKS,-0.45790267,producible_prior,-3.0082815,-2.1819358,-3.0082815,True,False,False,-0.769888015,2.5503787498840333,1.7240332239944456,False,point_median
PRIOR_0003426,HQQHAAL,-0.19432974,producible_prior,-2.7447085,-1.918363,-2.7447085,True,False,False,-0.769888015,2.5503787498840333,1.7240332239944456,False,point_median
PRIOR_0003427,WYKKPKG,1.5552516,producible_prior,-0.9951272,-0.16878164,-0.9951272,True,True,False,-0.769888015,2.5503787498840333,1.7240332239944456,False,point_median
PRIOR_0003428,YPNSNNK,0.6367433,producible_prior,-1.9136355,-1.0872899,-1.9136355,True,False,False,-0.769888015,2.5503787498840333,1.7240332239944456,False,point_median
PRIOR_0003429,TTYGEGS,-0.7186775,producible_prior,-3.2690563,-2.4427109,-3.2690563,True,False,False,-0.769888015,2.5503787498840333,1.7240332239944456,False,point_median
PRIOR_0003430,RGSANDF,0.026853085,producible_prior,-2.5235257,-1.6971802,-2.5235257,True,False,False,-0.769888015,2.5503787498840333,1.7240332239944456,False,point_median
PRIOR_0003431,QPTTSPP,0.5348463,producible_prior,-2.0155325,-1.1891869,-2.0155325,True,False,False,-0.769888015,2.5503787498840333,1.7240332239944456,False,point_median
PRIOR_0003432,GSSDATR,0.006675482,producible_prior,-2.5437033,-1.7173578,-2.5437033,True,False,False,-0.769888015,2.5503787498840333,1.7240332239944456,False,point_median
PRIOR_0003433,CQNAKGM,-0.24531174,producible_prior,-2.7956905,-1.969345,-2.7956905,True,False,False,-0.769888015,2.5503787498840333,1.7240332239944456,False,point_median
PRIOR_0003434,NLPTTRM,0.25599194,producible_prior,-2.2943869,-1.4680413,-2.2943869,True,False,False,-0.769888015,2.5503787498840333,1.7240332239944456,False,point_median
PRIOR_0003435,THDNAME,-0.41902065,producible_prior,-2.9693995,-2.143054,-2.9693995,True,False,False,-0.769888015,2.5503787498840333,1.7240332239944456,False,point_median
PRIOR_0003436,GGIPGPT,-0.66398764,producible_prior,-3.2143664,-2.388021,-3.2143664,True,False,False,-0.769888015,2.5503787498840333,1.7240332239944456,False,point_median
PRIOR_0003437,YVTMAQK,-0.5633073,producible_prior,-3.113686,-2.2873406,-3.113686,True,False,False,-0.769888015,2.5503787498840333,1.7240332239944456,False,point_median
PRIOR_0003438,MKKQVLC,-0.6361594,producible_prior,-3.1865382,-2.3601928,-3.1865382,True,False,False,-0.769888015,2.5503787498840333,1.7240332239944456,False,point_median
PRIOR_0003439,WNKRRTV,1.515532,producible_prior,-1.0348468,-0.20850122,-1.0348468,True,True,False,-0.769888015,2.5503787498840333,1.7240332239944456,False,point_median
PRIOR_0003440,SKARFRK,1.2968106,producible_prior,-1.2535682,-0.4272226,-1.2535682,True,True,False,-0.769888015,2.5503787498840333,1.7240332239944456,False,point_median
PRIOR_0003441,RMKFQKC,-0.71726525,producible_prior,-3.267644,-2.4412985,-3.267644,True,False,False,-0.769888015,2.5503787498840333,1.7240332239944456,False,point_median
PRIOR_0003442,YRLHEKP,0.3716426,producible_prior,-2.1787362,-1.3523906,-2.1787362,True,False,False,-0.769888015,2.5503787498840333,1.7240332239944456,False,point_median
PRIOR_0003443,YRGDNTN,-0.16041875,producible_prior,-2.7107975,-1.884452,-2.7107975,True,False,False,-0.769888015,2.5503787498840333,1.7240332239944456,False,point_median
PRIOR_0003444,STHKVMV,0.40970445,producible_prior,-2.1406744,-1.3143288,-2.1406744,True,False,False,-0.769888015,2.5503787498840333,1.7240332239944456,False,point_median
PRIOR_0003445,LLGASMR,-0.12741733,producible_prior,-2.6777961,-1.8514506,-2.6777961,True,False,False,-0.769888015,2.5503787498840333,1.7240332239944456,False,point_median
PRIOR_0003446,YPKQGDP,1.0693936,producible_prior,-1.4809852,-0.6546396,-1.4809852,True,True,False,-0.769888015,2.5503787498840333,1.7240332239944456,False,point_median
PRIOR_0003447,GSKQAQN,0.70587826,producible_prior,-1.8445005,-1.018155,-1.8445005,True,False,False,-0.769888015,2.5503787498840333,1.7240332239944456,False,point_median
PRIOR_0003448,SRHQWAV,-0.70590425,producible_prior,-3.256283,-2.4299374,-3.256283,True,False,False,-0.769888015,2.5503787498840333,1.7240332239944456,False,point_median
PRIOR_0003449,ARQSPII,-0.02991724,producible_prior,-2.580296,-1.7539505,-2.580296,True,False,False,-0.769888015,2.5503787498840333,1.7240332239944456,False,point_median
PRIOR_0003450,KVPPSPD,0.5189352,producible_prior,-2.0314436,-1.205098,-2.0314436,True,False,False,-0.769888015,2.5503787498840333,1.7240332239944456,False,point_median
PRIOR_0003451,INEKQMQ,-0.7274947,producible_prior,-3.2778735,-2.451528,-3.2778735,True,False,False,-0.769888015,2.5503787498840333,1.7240332239944456,False,point_median
PRIOR_0003452,KVRTREM,1.3625028,producible_prior,-1.187876,-0.36153042,-1.187876,True,True,False,-0.769888015,2.5503787498840333,1.7240332239944456,False,point_median
PRIOR_0003453,DHPQYRG,-0.49515104,producible_prior,-3.0455298,-2.2191844,-3.0455298,True,False,False,-0.769888015,2.5503787498840333,1.7240332239944456,False,point_median
PRIOR_0003454,IVYKLKK,0.25130463,producible_prior,-2.2990742,-1.4727286,-2.2990742,True,False,False,-0.769888015,2.5503787498840333,1.7240332239944456,False,point_median
PRIOR_0003455,KTAKNKC,0.5298052,producible_prior,-2.0205736,-1.194228,-2.0205736,True,False,False,-0.769888015,2.5503787498840333,1.7240332239944456,False,point_median
PRIOR_0003456,NWQTNRV,-0.74326897,producible_prior,-3.2936478,-2.4673023,-3.2936478,True,False,False,-0.769888015,2.5503787498840333,1.7240332239944456,False,point_median
PRIOR_0003457,TGPKLVE,0.8408122,producible_prior,-1.7095666,-0.88322103,-1.7095666,True,False,False,-0.769888015,2.5503787498840333,1.7240332239944456,False,point_median
PRIOR_0003458,VPMDRHG,-0.16569328,producible_prior,-2.716072,-1.8897265,-2.716072,True,False,False,-0.769888015,2.5503787498840333,1.7240332239944456,False,point_median
PRIOR_0003459,MRYQTGH,-0.3622079,producible_prior,-2.9125867,-2.0862412,-2.9125867,True,False,False,-0.769888015,2.5503787498840333,1.7240332239944456,False,point_median
PRIOR_0003460,NHDGIHK,-0.24283457,producible_prior,-2.7932134,-1.9668678,-2.7932134,True,False,False,-0.769888015,2.5503787498840333,1.7240332239944456,False,point_median
PRIOR_0003461,HIHNEPE,-0.46614408,producible_prior,-3.016523,-2.1901774,-3.016523,True,False,False,-0.769888015,2.5503787498840333,1.7240332239944456,False,point_median
PRIOR_0003462,QPFKNLT,-0.6682601,producible_prior,-3.218639,-2.3922935,-3.218639,True,False,False,-0.769888015,2.5503787498840333,1.7240332239944456,False,point_median
PRIOR_0003463,HLQGGTF,-0.36913133,producible_prior,-2.9195101,-2.0931644,-2.9195101,True,False,False,-0.769888015,2.5503787498840333,1.7240332239944456,False,point_median
PRIOR_0003464,NSAGGRQ,0.22209692,producible_prior,-2.3282819,-1.5019363,-2.3282819,True,False,False,-0.769888015,2.5503787498840333,1.7240332239944456,False,point_median
PRIOR_0003465,GHTGMPI,-0.24410415,producible_prior,-2.794483,-1.9681374,-2.794483,True,False,False,-0.769888015,2.5503787498840333,1.7240332239944456,False,point_median
PRIOR_0003466,GKKEGGV,1.8769741,producible_prior,-0.6734047,0.15294087,-0.6734047,True,True,True,-0.769888015,2.5503787498840333,1.7240332239944456,False,point_median
PRIOR_0003467,IGPRRPM,1.1300082,producible_prior,-1.4203706,-0.594025,-1.4203706,True,True,False,-0.769888015,2.5503787498840333,1.7240332239944456,False,point_median
PRIOR_0003468,AEMNRQK,-0.2920711,producible_prior,-2.84245,-2.0161042,-2.84245,True,False,False,-0.769888015,2.5503787498840333,1.7240332239944456,False,point_median
PRIOR_0003469,CREKVRK,0.6347709,producible_prior,-1.9156079,-1.0892624,-1.9156079,True,False,False,-0.769888015,2.5503787498840333,1.7240332239944456,False,point_median
PRIOR_0003470,NGIKNES,0.4025488,producible_prior,-2.14783,-1.3214844,-2.14783,True,False,False,-0.769888015,2.5503787498840333,1.7240332239944456,False,point_median
PRIOR_0003471,AMQKVPD,0.008773327,producible_prior,-2.5416055,-1.7152599,-2.5416055,True,False,False,-0.769888015,2.5503787498840333,1.7240332239944456,False,point_median
PRIOR_0003472,PPQATQS,0.37951684,producible_prior,-2.170862,-1.3445164,-2.170862,True,False,False,-0.769888015,2.5503787498840333,1.7240332239944456,False,point_median
PRIOR_0003473,SITQRDT,-0.40136552,producible_prior,-2.9517443,-2.1253986,-2.9517443,True,False,False,-0.769888015,2.5503787498840333,1.7240332239944456,False,point_median
PRIOR_0003474,KRSVALD,0.8682375,producible_prior,-1.6821413,-0.85579574,-1.6821413,True,False,False,-0.769888015,2.5503787498840333,1.7240332239944456,False,point_median
PRIOR_0003475,TTAQPAT,-0.2497046,producible_prior,-2.8000834,-1.9737378,-2.8000834,True,False,False,-0.769888015,2.5503787498840333,1.7240332239944456,False,point_median
PRIOR_0003476,YMDAKVA,0.034582376,producible_prior,-2.5157964,-1.6894509,-2.5157964,True,False,False,-0.769888015,2.5503787498840333,1.7240332239944456,False,point_median
PRIOR_0003477,NNKHTCM,-0.57217324,producible_prior,-3.122552,-2.2962065,-3.122552,True,False,False,-0.769888015,2.5503787498840333,1.7240332239944456,False,point_median
PRIOR_0003478,RYNAINS,-0.22718191,producible_prior,-2.7775607,-1.9512151,-2.7775607,True,False,False,-0.769888015,2.5503787498840333,1.7240332239944456,False,point_median
PRIOR_0003479,AQSMTKM,-0.12521815,producible_prior,-2.675597,-1.8492514,-2.675597,True,False,False,-0.769888015,2.5503787498840333,1.7240332239944456,False,point_median
PRIOR_0003480,GFNKLNK,0.45831227,producible_prior,-2.0920665,-1.265721,-2.0920665,True,False,False,-0.769888015,2.5503787498840333,1.7240332239944456,False,point_median
PRIOR_0003481,FMRNKQC,-0.75310993,producible_prior,-3.3034887,-2.4771433,-3.3034887,True,False,False,-0.769888015,2.5503787498840333,1.7240332239944456,False,point_median
PRIOR_0003482,RKHEPSP,1.488939,producible_prior,-1.0614398,-0.23509419,-1.0614398,True,True,False,-0.769888015,2.5503787498840333,1.7240332239944456,False,point_median
PRIOR_0003483,GYTKLKM,0.17598486,producible_prior,-2.374394,-1.5480484,-2.374394,True,False,False,-0.769888015,2.5503787498840333,1.7240332239944456,False,point_median
PRIOR_0003484,QAHTGAF,-0.21001434,producible_prior,-2.7603931,-1.9340476,-2.7603931,True,False,False,-0.769888015,2.5503787498840333,1.7240332239944456,False,point_median
PRIOR_0003485,LMTQPNA,-0.20210099,producible_prior,-2.7524798,-1.9261342,-2.7524798,True,False,False,-0.769888015,2.5503787498840333,1.7240332239944456,False,point_median
PRIOR_0003486,DRGRYHI,-0.42952,producible_prior,-2.979899,-2.1535532,-2.979899,True,False,False,-0.769888015,2.5503787498840333,1.7240332239944456,False,point_median
PRIOR_0003487,SVHHGEF,-0.55352867,producible_prior,-3.1039076,-2.277562,-3.1039076,True,False,False,-0.769888015,2.5503787498840333,1.7240332239944456,False,point_median
PRIOR_0003488,VTTGATK,0.63431644,producible_prior,-1.9160624,-1.0897168,-1.9160624,True,False,False,-0.769888015,2.5503787498840333,1.7240332239944456,False,point_median
PRIOR_0003489,PKAVRSW,-0.3429005,producible_prior,-2.8932793,-2.0669336,-2.8932793,True,False,False,-0.769888015,2.5503787498840333,1.7240332239944456,False,point_median
PRIOR_0003490,EDVAKGV,-0.751112,producible_prior,-3.3014908,-2.4751453,-3.3014908,True,False,False,-0.769888015,2.5503787498840333,1.7240332239944456,False,point_median
PRIOR_0003491,RRFLMTR,-0.55416274,producible_prior,-3.1045415,-2.2781959,-3.1045415,True,False,False,-0.769888015,2.5503787498840333,1.7240332239944456,False,point_median
PRIOR_0003492,YPRLQHR,0.071626425,producible_prior,-2.4787524,-1.6524068,-2.4787524,True,False,False,-0.769888015,2.5503787498840333,1.7240332239944456,False,point_median
PRIOR_0003493,GNSFKTQ,-0.60261035,producible_prior,-3.1529891,-2.3266435,-3.1529891,True,False,False,-0.769888015,2.5503787498840333,1.7240332239944456,False,point_median
PRIOR_0003494,NRHQASV,1.034112,producible_prior,-1.5162668,-0.68992126,-1.5162668,True,True,False,-0.769888015,2.5503787498840333,1.7240332239944456,False,point_median
PRIOR_0003495,QPPGHVR,0.5883393,producible_prior,-1.9620395,-1.1356939,-1.9620395,True,False,False,-0.769888015,2.5503787498840333,1.7240332239944456,False,point_median
PRIOR_0003496,HKMRGHD,0.7818594,producible_prior,-1.7685194,-0.94217384,-1.7685194,True,False,False,-0.769888015,2.5503787498840333,1.7240332239944456,False,point_median
PRIOR_0003497,LGTRQEQ,-0.24073124,producible_prior,-2.79111,-1.9647645,-2.79111,True,False,False,-0.769888015,2.5503787498840333,1.7240332239944456,False,point_median
PRIOR_0003498,SDHDKHT,-0.43773532,producible_prior,-2.988114,-2.1617684,-2.988114,True,False,False,-0.769888015,2.5503787498840333,1.7240332239944456,False,point_median
PRIOR_0003499,NAYNAKE,0.040706873,producible_prior,-2.509672,-1.6833264,-2.509672,True,False,False,-0.769888015,2.5503787498840333,1.7240332239944456,False,point_median
PRIOR_0003500,NRFLTEG,-0.46827972,producible_prior,-3.0186586,-2.192313,-3.0186586,True,False,False,-0.769888015,2.5503787498840333,1.7240332239944456,False,point_median
PRIOR_0003501,CPSGGHI,-0.5845542,producible_prior,-3.134933,-2.3085876,-3.134933,True,False,False,-0.769888015,2.5503787498840333,1.7240332239944456,False,point_median
PRIOR_0003502,GLIGTSR,-0.25172853,producible_prior,-2.8021073,-1.9757618,-2.8021073,True,False,False,-0.769888015,2.5503787498840333,1.7240332239944456,False,point_median
PRIOR_0003503,GRINTRM,0.490211,producible_prior,-2.0601678,-1.2338222,-2.0601678,True,False,False,-0.769888015,2.5503787498840333,1.7240332239944456,False,point_median
PRIOR_0003504,KRCHRTE,-0.35392523,producible_prior,-2.904304,-2.0779586,-2.904304,True,False,False,-0.769888015,2.5503787498840333,1.7240332239944456,False,point_median
PRIOR_0003505,NTPHHPI,-0.19623232,producible_prior,-2.746611,-1.9202656,-2.746611,True,False,False,-0.769888015,2.5503787498840333,1.7240332239944456,False,point_median
PRIOR_0003506,KSHHFLE,-0.6101675,producible_prior,-3.1605463,-2.3342009,-3.1605463,True,False,False,-0.769888015,2.5503787498840333,1.7240332239944456,False,point_median
PRIOR_0003507,LNRQLLS,-0.06922841,producible_prior,-2.6196072,-1.7932616,-2.6196072,True,False,False,-0.769888015,2.5503787498840333,1.7240332239944456,False,point_median
PRIOR_0003508,AAQQSNH,-0.022818327,producible_prior,-2.5731971,-1.7468516,-2.5731971,True,False,False,-0.769888015,2.5503787498840333,1.7240332239944456,False,point_median
PRIOR_0003509,DPHKIRH,0.43361664,producible_prior,-2.1167622,-1.2904166,-2.1167622,True,False,False,-0.769888015,2.5503787498840333,1.7240332239944456,False,point_median
PRIOR_0003510,TSANMNR,-0.016295433,producible_prior,-2.5666742,-1.7403287,-2.5666742,True,False,False,-0.769888015,2.5503787498840333,1.7240332239944456,False,point_median
PRIOR_0003511,QDQVRHL,-0.62463796,producible_prior,-3.1750169,-2.3486712,-3.1750169,True,False,False,-0.769888015,2.5503787498840333,1.7240332239944456,False,point_median
PRIOR_0003512,PRKYTAR,0.48840427,producible_prior,-2.0619745,-1.235629,-2.0619745,True,False,False,-0.769888015,2.5503787498840333,1.7240332239944456,False,point_median
PRIOR_0003513,NAHDNPT,-0.5682423,producible_prior,-3.118621,-2.2922754,-3.118621,True,False,False,-0.769888015,2.5503787498840333,1.7240332239944456,False,point_median
PRIOR_0003514,VIGFRGD,-0.5490289,producible_prior,-3.0994077,-2.2730622,-3.0994077,True,False,False,-0.769888015,2.5503787498840333,1.7240332239944456,False,point_median
PRIOR_0003515,TQNPYGV,-0.76757216,producible_prior,-3.317951,-2.4916053,-3.317951,True,False,False,-0.769888015,2.5503787498840333,1.7240332239944456,False,point_median
PRIOR_0003516,RTGGLRQ,0.39799833,producible_prior,-2.1523805,-1.3260349,-2.1523805,True,False,False,-0.769888015,2.5503787498840333,1.7240332239944456,False,point_median
PRIOR_0003517,GDREQRR,0.47902155,producible_prior,-2.0713573,-1.2450117,-2.0713573,True,False,False,-0.769888015,2.5503787498840333,1.7240332239944456,False,point_median
PRIOR_0003518,ERRNPKD,1.3757536,producible_prior,-1.1746252,-0.3482796,-1.1746252,True,True,False,-0.769888015,2.5503787498840333,1.7240332239944456,False,point_median
PRIOR_0003519,QYRDGGG,0.3515432,producible_prior,-2.1988356,-1.37249,-2.1988356,True,False,False,-0.769888015,2.5503787498840333,1.7240332239944456,False,point_median
PRIOR_0003520,AYKHAPL,-0.36351752,producible_prior,-2.9138963,-2.0875506,-2.9138963,True,False,False,-0.769888015,2.5503787498840333,1.7240332239944456,False,point_median
PRIOR_0003521,TPMHFKR,-0.5488546,producible_prior,-3.0992334,-2.2728877,-3.0992334,True,False,False,-0.769888015,2.5503787498840333,1.7240332239944456,False,point_median
PRIOR_0003522,KVSTKGL,1.2018697,producible_prior,-1.3485091,-0.5221635,-1.3485091,True,True,False,-0.769888015,2.5503787498840333,1.7240332239944456,False,point_median
PRIOR_0003523,HWRPPNG,-0.31024373,producible_prior,-2.8606224,-2.034277,-2.8606224,True,False,False,-0.769888015,2.5503787498840333,1.7240332239944456,False,point_median
PRIOR_0003524,HDSGKPH,0.49469852,producible_prior,-2.0556803,-1.2293347,-2.0556803,True,False,False,-0.769888015,2.5503787498840333,1.7240332239944456,False,point_median
PRIOR_0003525,MERLDQA,-0.75580907,producible_prior,-3.3061879,-2.4798422,-3.3061879,True,False,False,-0.769888015,2.5503787498840333,1.7240332239944456,False,point_median
PRIOR_0003526,EFHKARD,0.16779876,producible_prior,-2.38258,-1.5562345,-2.38258,True,False,False,-0.769888015,2.5503787498840333,1.7240332239944456,False,point_median
PRIOR_0003527,RSMTTTD,-0.1393137,producible_prior,-2.6896925,-1.8633469,-2.6896925,True,False,False,-0.769888015,2.5503787498840333,1.7240332239944456,False,point_median
PRIOR_0003528,YAINSHR,-0.6326668,producible_prior,-3.1830456,-2.3567,-3.1830456,True,False,False,-0.769888015,2.5503787498840333,1.7240332239944456,False,point_median
PRIOR_0003529,GATAHSR,0.37472153,producible_prior,-2.1756573,-1.3493117,-2.1756573,True,False,False,-0.769888015,2.5503787498840333,1.7240332239944456,False,point_median
PRIOR_0003530,QANQTSL,0.042371035,producible_prior,-2.5080078,-1.6816622,-2.5080078,True,False,False,-0.769888015,2.5503787498840333,1.7240332239944456,False,point_median
PRIOR_0003531,ADKPQGD,0.1593728,producible_prior,-2.391006,-1.5646604,-2.391006,True,False,False,-0.769888015,2.5503787498840333,1.7240332239944456,False,point_median
PRIOR_0003532,RFYHAAK,-0.42574406,producible_prior,-2.9761229,-2.1497774,-2.9761229,True,False,False,-0.769888015,2.5503787498840333,1.7240332239944456,False,point_median
PRIOR_0003533,KEIKHPV,0.11807251,producible_prior,-2.4323063,-1.6059607,-2.4323063,True,False,False,-0.769888015,2.5503787498840333,1.7240332239944456,False,point_median
PRIOR_0003534,RVPRWHP,-0.23896265,producible_prior,-2.7893414,-1.9629959,-2.7893414,True,False,False,-0.769888015,2.5503787498840333,1.7240332239944456,False,point_median
PRIOR_0003535,GNRAQLT,0.24816561,producible_prior,-2.3022132,-1.4758676,-2.3022132,True,False,False,-0.769888015,2.5503787498840333,1.7240332239944456,False,point_median
PRIOR_0003536,ELAKHSE,-0.062731266,producible_prior,-2.61311,-1.7867645,-2.61311,True,False,False,-0.769888015,2.5503787498840333,1.7240332239944456,False,point_median
PRIOR_0003537,EYTKKSY,-0.6069226,producible_prior,-3.1573014,-2.330956,-3.1573014,True,False,False,-0.769888015,2.5503787498840333,1.7240332239944456,False,point_median
PRIOR_0003538,VARGENA,1.004246,producible_prior,-1.5461328,-0.71978724,-1.5461328,True,True,False,-0.769888015,2.5503787498840333,1.7240332239944456,False,point_median
PRIOR_0003539,RQDGHLL,-0.42705274,producible_prior,-2.9774315,-2.1510859,-2.9774315,True,False,False,-0.769888015,2.5503787498840333,1.7240332239944456,False,point_median
PRIOR_0003540,DIEGVKK,-0.13514161,producible_prior,-2.6855204,-1.8591748,-2.6855204,True,False,False,-0.769888015,2.5503787498840333,1.7240332239944456,False,point_median
PRIOR_0003541,SAHKHDH,0.47467542,producible_prior,-2.0757034,-1.2493578,-2.0757034,True,False,False,-0.769888015,2.5503787498840333,1.7240332239944456,False,point_median
PRIOR_0003542,IKHVVGD,0.6327872,producible_prior,-1.9175916,-1.091246,-1.9175916,True,False,False,-0.769888015,2.5503787498840333,1.7240332239944456,False,point_median
PRIOR_0003543,KHREATL,0.55204844,producible_prior,-1.9983304,-1.1719848,-1.9983304,True,False,False,-0.769888015,2.5503787498840333,1.7240332239944456,False,point_median
PRIOR_0003544,IAAHRNQ,-0.24038672,producible_prior,-2.7907655,-1.96442,-2.7907655,True,False,False,-0.769888015,2.5503787498840333,1.7240332239944456,False,point_median
PRIOR_0003545,TASRGCV,-0.36322486,producible_prior,-2.9136038,-2.087258,-2.9136038,True,False,False,-0.769888015,2.5503787498840333,1.7240332239944456,False,point_median
PRIOR_0003546,SGTGQIP,0.45103598,producible_prior,-2.0993428,-1.2729973,-2.0993428,True,False,False,-0.769888015,2.5503787498840333,1.7240332239944456,False,point_median
PRIOR_0003547,KKSHIMD,0.91687155,producible_prior,-1.6335073,-0.8071617,-1.6335073,True,False,False,-0.769888015,2.5503787498840333,1.7240332239944456,False,point_median
PRIOR_0003548,FRSLTDK,-0.054606915,producible_prior,-2.6049857,-1.7786402,-2.6049857,True,False,False,-0.769888015,2.5503787498840333,1.7240332239944456,False,point_median
PRIOR_0003549,EPPNGND,-0.16439056,producible_prior,-2.7147694,-1.8884238,-2.7147694,True,False,False,-0.769888015,2.5503787498840333,1.7240332239944456,False,point_median
PRIOR_0003550,EHSHKAD,0.23907018,producible_prior,-2.3113086,-1.484963,-2.3113086,True,False,False,-0.769888015,2.5503787498840333,1.7240332239944456,False,point_median
PRIOR_0003551,QTRYRLK,-0.061772346,producible_prior,-2.6121511,-1.7858056,-2.6121511,True,False,False,-0.769888015,2.5503787498840333,1.7240332239944456,False,point_median
PRIOR_0003552,KKKWFGN,-0.6385914,producible_prior,-3.18897,-2.3626246,-3.18897,True,False,False,-0.769888015,2.5503787498840333,1.7240332239944456,False,point_median
PRIOR_0003553,IRYKGKT,1.1616836,producible_prior,-1.3886952,-0.5623497,-1.3886952,True,True,False,-0.769888015,2.5503787498840333,1.7240332239944456,False,point_median
PRIOR_0003554,KKAGDNQ,0.48266864,producible_prior,-2.0677102,-1.2413646,-2.0677102,True,False,False,-0.769888015,2.5503787498840333,1.7240332239944456,False,point_median
PRIOR_0003555,NKPRIES,1.288785,producible_prior,-1.2615938,-0.43524826,-1.2615938,True,True,False,-0.769888015,2.5503787498840333,1.7240332239944456,False,point_median
PRIOR_0003556,TRTDQHS,0.51811385,producible_prior,-2.032265,-1.2059194,-2.032265,True,False,False,-0.769888015,2.5503787498840333,1.7240332239944456,False,point_median
PRIOR_0003557,TKQRQWA,-0.10457635,producible_prior,-2.6549551,-1.8286096,-2.6549551,True,False,False,-0.769888015,2.5503787498840333,1.7240332239944456,False,point_median
PRIOR_0003558,SEHQHKD,0.26536393,producible_prior,-2.2850149,-1.4586693,-2.2850149,True,False,False,-0.769888015,2.5503787498840333,1.7240332239944456,False,point_median
PRIOR_0003559,RHKFTMD,0.23605442,producible_prior,-2.3143244,-1.4879788,-2.3143244,True,False,False,-0.769888015,2.5503787498840333,1.7240332239944456,False,point_median
PRIOR_0003560,KWKSMQK,0.47649217,producible_prior,-2.0738866,-1.2475411,-2.0738866,True,False,False,-0.769888015,2.5503787498840333,1.7240332239944456,False,point_median
PRIOR_0003561,ARINHSL,-0.5547848,producible_prior,-3.1051636,-2.2788181,-3.1051636,True,False,False,-0.769888015,2.5503787498840333,1.7240332239944456,False,point_median
PRIOR_0003562,FSKKWAI,-0.41696215,producible_prior,-2.967341,-2.1409955,-2.967341,True,False,False,-0.769888015,2.5503787498840333,1.7240332239944456,False,point_median
PRIOR_0003563,FVPKHQP,0.8202274,producible_prior,-1.7301514,-0.90380585,-1.7301514,True,False,False,-0.769888015,2.5503787498840333,1.7240332239944456,False,point_median
PRIOR_0003564,NQKYVQR,-0.14494348,producible_prior,-2.6953223,-1.8689767,-2.6953223,True,False,False,-0.769888015,2.5503787498840333,1.7240332239944456,False,point_median
PRIOR_0003565,KRWNTAD,-0.53061104,producible_prior,-3.0809898,-2.2546444,-3.0809898,True,False,False,-0.769888015,2.5503787498840333,1.7240332239944456,False,point_median
PRIOR_0003566,QMHVTHA,0.022380114,producible_prior,-2.5279987,-1.7016531,-2.5279987,True,False,False,-0.769888015,2.5503787498840333,1.7240332239944456,False,point_median
PRIOR_0003567,QANHTHV,0.3444345,producible_prior,-2.2059443,-1.3795987,-2.2059443,True,False,False,-0.769888015,2.5503787498840333,1.7240332239944456,False,point_median
PRIOR_0003568,YNHIKEI,-0.0785532,producible_prior,-2.628932,-1.8025864,-2.628932,True,False,False,-0.769888015,2.5503787498840333,1.7240332239944456,False,point_median
PRIOR_0003569,PIPMRSA,-0.23121166,producible_prior,-2.7815905,-1.9552449,-2.7815905,True,False,False,-0.769888015,2.5503787498840333,1.7240332239944456,False,point_median
PRIOR_0003570,AEGQNKN,-0.039150715,producible_prior,-2.5895295,-1.763184,-2.5895295,True,False,False,-0.769888015,2.5503787498840333,1.7240332239944456,False,point_median
PRIOR_0003571,RPKEHNP,1.4570315,producible_prior,-1.0933473,-0.26700175,-1.0933473,True,True,False,-0.769888015,2.5503787498840333,1.7240332239944456,False,point_median
PRIOR_0003572,WAKTRVK,1.0925341,producible_prior,-1.4578447,-0.6314992,-1.4578447,True,True,False,-0.769888015,2.5503787498840333,1.7240332239944456,False,point_median
PRIOR_0003573,VRHIKFD,-0.09247208,producible_prior,-2.6428509,-1.8165053,-2.6428509,True,False,False,-0.769888015,2.5503787498840333,1.7240332239944456,False,point_median
PRIOR_0003574,GQGSVMN,-0.5980439,producible_prior,-3.1484227,-2.3220773,-3.1484227,True,False,False,-0.769888015,2.5503787498840333,1.7240332239944456,False,point_median
PRIOR_0003575,VLPGTAN,-0.26642966,producible_prior,-2.8168085,-1.9904629,-2.8168085,True,False,False,-0.769888015,2.5503787498840333,1.7240332239944456,False,point_median
PRIOR_0003576,QGKMKMW,-0.47285378,producible_prior,-3.0232325,-2.196887,-3.0232325,True,False,False,-0.769888015,2.5503787498840333,1.7240332239944456,False,point_median
PRIOR_0003577,HTANIDG,-0.23962474,producible_prior,-2.7900035,-1.963658,-2.7900035,True,False,False,-0.769888015,2.5503787498840333,1.7240332239944456,False,point_median
PRIOR_0003578,KFTVGVP,0.2656784,producible_prior,-2.2847004,-1.4583548,-2.2847004,True,False,False,-0.769888015,2.5503787498840333,1.7240332239944456,False,point_median
PRIOR_0003579,RVKETSG,1.6882849,producible_prior,-0.8620939,-0.035748363,-0.8620939,True,True,False,-0.769888015,2.5503787498840333,1.7240332239944456,False,point_median
PRIOR_0003580,RARFRHR,1.0496311,producible_prior,-1.5007477,-0.6744021,-1.5007477,True,True,False,-0.769888015,2.5503787498840333,1.7240332239944456,False,point_median
PRIOR_0003581,TKIHMPA,0.31969762,producible_prior,-2.2306812,-1.4043356,-2.2306812,True,False,False,-0.769888015,2.5503787498840333,1.7240332239944456,False,point_median
PRIOR_0003582,GETQTKE,0.61652994,producible_prior,-1.9338489,-1.1075033,-1.9338489,True,False,False,-0.769888015,2.5503787498840333,1.7240332239944456,False,point_median
PRIOR_0003583,HLNLKLV,-0.45477116,producible_prior,-3.0051498,-2.1788044,-3.0051498,True,False,False,-0.769888015,2.5503787498840333,1.7240332239944456,False,point_median
PRIOR_0003584,PNPKQSS,1.0961835,producible_prior,-1.4541953,-0.6278497,-1.4541953,True,True,False,-0.769888015,2.5503787498840333,1.7240332239944456,False,point_median
PRIOR_0003585,PGIKEHD,-0.58313966,producible_prior,-3.1335185,-2.3071728,-3.1335185,True,False,False,-0.769888015,2.5503787498840333,1.7240332239944456,False,point_median
PRIOR_0003586,MMRQRNY,-0.08525729,producible_prior,-2.635636,-1.8092905,-2.635636,True,False,False,-0.769888015,2.5503787498840333,1.7240332239944456,False,point_median
PRIOR_0003587,ITTRLVH,-0.38481414,producible_prior,-2.935193,-2.1088474,-2.935193,True,False,False,-0.769888015,2.5503787498840333,1.7240332239944456,False,point_median
PRIOR_0003588,QNGRDQP,0.7686982,producible_prior,-1.7816806,-0.955335,-1.7816806,True,False,False,-0.769888015,2.5503787498840333,1.7240332239944456,False,point_median
PRIOR_0003589,AMPFKRM,-0.27924776,producible_prior,-2.8296266,-2.003281,-2.8296266,True,False,False,-0.769888015,2.5503787498840333,1.7240332239944456,False,point_median
PRIOR_0003590,PQHSDRE,-0.11440611,producible_prior,-2.664785,-1.8384393,-2.664785,True,False,False,-0.769888015,2.5503787498840333,1.7240332239944456,False,point_median
PRIOR_0003591,NSQAPGN,-0.40893662,producible_prior,-2.9593153,-2.1329699,-2.9593153,True,False,False,-0.769888015,2.5503787498840333,1.7240332239944456,False,point_median
PRIOR_0003592,FQPSSKL,0.3963635,producible_prior,-2.1540153,-1.3276697,-2.1540153,True,False,False,-0.769888015,2.5503787498840333,1.7240332239944456,False,point_median
PRIOR_0003593,YHDRAPG,0.4823115,producible_prior,-2.0680673,-1.2417217,-2.0680673,True,False,False,-0.769888015,2.5503787498840333,1.7240332239944456,False,point_median
PRIOR_0003594,RRKVQFA,1.5348415,producible_prior,-1.0155373,-0.1891917,-1.0155373,True,True,False,-0.769888015,2.5503787498840333,1.7240332239944456,False,point_median
PRIOR_0003595,CKRETLG,0.22715688,producible_prior,-2.323222,-1.4968764,-2.323222,True,False,False,-0.769888015,2.5503787498840333,1.7240332239944456,False,point_median
PRIOR_0003596,DIPTRVK,-0.041815758,producible_prior,-2.5921946,-1.765849,-2.5921946,True,False,False,-0.769888015,2.5503787498840333,1.7240332239944456,False,point_median
PRIOR_0003597,NPQHSLG,0.53718066,producible_prior,-2.0131981,-1.1868526,-2.0131981,True,False,False,-0.769888015,2.5503787498840333,1.7240332239944456,False,point_median
PRIOR_0003598,HGSLPTD,-0.52066183,producible_prior,-3.0710406,-2.2446952,-3.0710406,True,False,False,-0.769888015,2.5503787498840333,1.7240332239944456,False,point_median
PRIOR_0003599,ATQSKIN,-0.21664739,producible_prior,-2.7670262,-1.9406806,-2.7670262,True,False,False,-0.769888015,2.5503787498840333,1.7240332239944456,False,point_median
PRIOR_0003600,SRKKFVT,0.9516113,producible_prior,-1.5987675,-0.77242196,-1.5987675,True,False,False,-0.769888015,2.5503787498840333,1.7240332239944456,False,point_median
PRIOR_0003601,HHMERQA,-0.22706866,producible_prior,-2.7774475,-1.9511019,-2.7774475,True,False,False,-0.769888015,2.5503787498840333,1.7240332239944456,False,point_median
PRIOR_0003602,GGRTSGK,1.7069192,producible_prior,-0.8434596,-0.017114043,-0.8434596,True,True,False,-0.769888015,2.5503787498840333,1.7240332239944456,False,point_median
PRIOR_0003603,ISKGHNG,1.6357737,producible_prior,-0.91460514,-0.08825958,-0.91460514,True,True,False,-0.769888015,2.5503787498840333,1.7240332239944456,False,point_median
PRIOR_0003604,LQMRTGM,-0.33236492,producible_prior,-2.8827438,-2.0563982,-2.8827438,True,False,False,-0.769888015,2.5503787498840333,1.7240332239944456,False,point_median
PRIOR_0003605,YNGQKWG,-0.6805277,producible_prior,-3.2309065,-2.404561,-3.2309065,True,False,False,-0.769888015,2.5503787498840333,1.7240332239944456,False,point_median
PRIOR_0003606,EPKVFEG,-0.46413636,producible_prior,-3.0145152,-2.1881695,-3.0145152,True,False,False,-0.769888015,2.5503787498840333,1.7240332239944456,False,point_median
PRIOR_0003607,TANMTHK,0.030349016,producible_prior,-2.5200298,-1.6936842,-2.5200298,True,False,False,-0.769888015,2.5503787498840333,1.7240332239944456,False,point_median
PRIOR_0003608,SIGLQTA,-0.26981068,producible_prior,-2.8201895,-1.9938439,-2.8201895,True,False,False,-0.769888015,2.5503787498840333,1.7240332239944456,False,point_median
PRIOR_0003609,QSEGHRD,0.144984,producible_prior,-2.4053948,-1.5790492,-2.4053948,True,False,False,-0.769888015,2.5503787498840333,1.7240332239944456,False,point_median
PRIOR_0003610,NGRGYIH,-0.4127736,producible_prior,-2.9631524,-2.136807,-2.9631524,True,False,False,-0.769888015,2.5503787498840333,1.7240332239944456,False,point_median
PRIOR_0003611,QNHSQMK,0.42359257,producible_prior,-2.1267862,-1.3004407,-2.1267862,True,False,False,-0.769888015,2.5503787498840333,1.7240332239944456,False,point_median
PRIOR_0003612,TKSFIAT,-0.44828534,producible_prior,-2.9986641,-2.1723185,-2.9986641,True,False,False,-0.769888015,2.5503787498840333,1.7240332239944456,False,point_median
PRIOR_0003613,RVPQWSA,-0.5305717,producible_prior,-3.0809505,-2.2546048,-3.0809505,True,False,False,-0.769888015,2.5503787498840333,1.7240332239944456,False,point_median
PRIOR_0003614,SANQVQF,-0.52511954,producible_prior,-3.0754983,-2.2491527,-3.0754983,True,False,False,-0.769888015,2.5503787498840333,1.7240332239944456,False,point_median
PRIOR_0003615,DRDERKF,-0.24873662,producible_prior,-2.7991154,-1.9727699,-2.7991154,True,False,False,-0.769888015,2.5503787498840333,1.7240332239944456,False,point_median
PRIOR_0003616,WKNTDDH,-0.7237792,producible_prior,-3.274158,-2.4478126,-3.274158,True,False,False,-0.769888015,2.5503787498840333,1.7240332239944456,False,point_median
PRIOR_0003617,PEGSSQE,-0.0696547,producible_prior,-2.6200335,-1.7936879,-2.6200335,True,False,False,-0.769888015,2.5503787498840333,1.7240332239944456,False,point_median
PRIOR_0003618,KCQARTK,-0.20127487,producible_prior,-2.7516537,-1.9253081,-2.7516537,True,False,False,-0.769888015,2.5503787498840333,1.7240332239944456,False,point_median
PRIOR_0003619,MHEQPDP,-0.769436,producible_prior,-3.3198147,-2.4934692,-3.3198147,True,False,False,-0.769888015,2.5503787498840333,1.7240332239944456,False,point_median
PRIOR_0003620,SKHDTTP,1.0220151,producible_prior,-1.5283637,-0.70201814,-1.5283637,True,True,False,-0.769888015,2.5503787498840333,1.7240332239944456,False,point_median
PRIOR_0003621,WSAQAKN,-0.37951815,producible_prior,-2.9298968,-2.1035514,-2.9298968,True,False,False,-0.769888015,2.5503787498840333,1.7240332239944456,False,point_median
PRIOR_0003622,KWSGIGD,-0.6340902,producible_prior,-3.184469,-2.3581233,-3.184469,True,False,False,-0.769888015,2.5503787498840333,1.7240332239944456,False,point_median
PRIOR_0003623,RADHDKF,-0.24562573,producible_prior,-2.7960045,-1.969659,-2.7960045,True,False,False,-0.769888015,2.5503787498840333,1.7240332239944456,False,point_median
PRIOR_0003624,NNHGQTT,0.3266325,producible_prior,-2.2237463,-1.3974007,-2.2237463,True,False,False,-0.769888015,2.5503787498840333,1.7240332239944456,False,point_median
PRIOR_0003625,RNKLSQP,1.5009432,producible_prior,-1.0494356,-0.22309005,-1.0494356,True,True,False,-0.769888015,2.5503787498840333,1.7240332239944456,False,point_median
PRIOR_0003626,RRFSAKQ,0.46847177,producible_prior,-2.081907,-1.2555615,-2.081907,True,False,False,-0.769888015,2.5503787498840333,1.7240332239944456,False,point_median
PRIOR_0003627,MLKVMDG,0.1758728,producible_prior,-2.374506,-1.5481604,-2.374506,True,False,False,-0.769888015,2.5503787498840333,1.7240332239944456,False,point_median
PRIOR_0003628,MVERPQH,-0.29922342,producible_prior,-2.8496022,-2.0232568,-2.8496022,True,False,False,-0.769888015,2.5503787498840333,1.7240332239944456,False,point_median
PRIOR_0003629,RSNLVTA,0.26347494,producible_prior,-2.2869039,-1.4605583,-2.2869039,True,False,False,-0.769888015,2.5503787498840333,1.7240332239944456,False,point_median
PRIOR_0003630,DSHRMTR,-0.12258124,producible_prior,-2.67296,-1.8466145,-2.67296,True,False,False,-0.769888015,2.5503787498840333,1.7240332239944456,False,point_median
PRIOR_0003631,SFSARAK,0.5896716,producible_prior,-1.9607072,-1.1343616,-1.9607072,True,False,False,-0.769888015,2.5503787498840333,1.7240332239944456,False,point_median
PRIOR_0003632,PPAKTFV,-0.2032237,producible_prior,-2.7536025,-1.927257,-2.7536025,True,False,False,-0.769888015,2.5503787498840333,1.7240332239944456,False,point_median
PRIOR_0003633,YREPEQK,0.01737976,producible_prior,-2.532999,-1.7066535,-2.532999,True,False,False,-0.769888015,2.5503787498840333,1.7240332239944456,False,point_median
PRIOR_0003634,AQGAAPK,0.5894761,producible_prior,-1.9609027,-1.1345571,-1.9609027,True,False,False,-0.769888015,2.5503787498840333,1.7240332239944456,False,point_median
PRIOR_0003635,TDARRHG,1.1569641,producible_prior,-1.3934147,-0.5670692,-1.3934147,True,True,False,-0.769888015,2.5503787498840333,1.7240332239944456,False,point_median
PRIOR_0003636,SVGGIPI,-0.2182126,producible_prior,-2.7685914,-1.9422458,-2.7685914,True,False,False,-0.769888015,2.5503787498840333,1.7240332239944456,False,point_median
PRIOR_0003637,GHHRKSI,1.5000889,producible_prior,-1.0502899,-0.2239443,-1.0502899,True,True,False,-0.769888015,2.5503787498840333,1.7240332239944456,False,point_median
PRIOR_0003638,NEKRAPH,0.888324,producible_prior,-1.6620548,-0.8357092,-1.6620548,True,False,False,-0.769888015,2.5503787498840333,1.7240332239944456,False,point_median
PRIOR_0003639,SKVAPHP,0.61718273,producible_prior,-1.9331961,-1.1068505,-1.9331961,True,False,False,-0.769888015,2.5503787498840333,1.7240332239944456,False,point_median
PRIOR_0003640,DSHKGTV,0.59485316,producible_prior,-1.9555256,-1.1291801,-1.9555256,True,False,False,-0.769888015,2.5503787498840333,1.7240332239944456,False,point_median
PRIOR_0003641,HYGLKGL,-0.7095759,producible_prior,-3.2599547,-2.433609,-3.2599547,True,False,False,-0.769888015,2.5503787498840333,1.7240332239944456,False,point_median
PRIOR_0003642,VVGHDKA,0.6461201,producible_prior,-1.9042587,-1.0779132,-1.9042587,True,False,False,-0.769888015,2.5503787498840333,1.7240332239944456,False,point_median
PRIOR_0003643,KLSANRR,1.3003998,producible_prior,-1.249979,-0.42363346,-1.249979,True,True,False,-0.769888015,2.5503787498840333,1.7240332239944456,False,point_median
PRIOR_0003644,GQGSHLM,-0.29597902,producible_prior,-2.8463578,-2.0200124,-2.8463578,True,False,False,-0.769888015,2.5503787498840333,1.7240332239944456,False,point_median
PRIOR_0003645,RRGKFQK,1.8994093,producible_prior,-0.6509695,0.17537606,-0.6509695,True,True,True,-0.769888015,2.5503787498840333,1.7240332239944456,False,point_median
PRIOR_0003646,MRRGMLW,-0.6068436,producible_prior,-3.1572223,-2.3308768,-3.1572223,True,False,False,-0.769888015,2.5503787498840333,1.7240332239944456,False,point_median
PRIOR_0003647,MKHRVFA,0.6873627,producible_prior,-1.8630161,-1.0366706,-1.8630161,True,False,False,-0.769888015,2.5503787498840333,1.7240332239944456,False,point_median
PRIOR_0003648,FPSHPHA,0.2411089,producible_prior,-2.30927,-1.4829243,-2.30927,True,False,False,-0.769888015,2.5503787498840333,1.7240332239944456,False,point_median
PRIOR_0003649,LGDHWKA,-0.7676203,producible_prior,-3.3179991,-2.4916534,-3.3179991,True,False,False,-0.769888015,2.5503787498840333,1.7240332239944456,False,point_median
PRIOR_0003650,IYNMSQG,-0.6962924,producible_prior,-3.2466712,-2.4203258,-3.2466712,True,False,False,-0.769888015,2.5503787498840333,1.7240332239944456,False,point_median
PRIOR_0003651,KAKDMSN,0.36400414,producible_prior,-2.1863747,-1.3600291,-2.1863747,True,False,False,-0.769888015,2.5503787498840333,1.7240332239944456,False,point_median
PRIOR_0003652,QFVVRSP,-0.32887912,producible_prior,-2.879258,-2.0529122,-2.879258,True,False,False,-0.769888015,2.5503787498840333,1.7240332239944456,False,point_median
PRIOR_0003653,IRKIEGQ,-0.04955125,producible_prior,-2.59993,-1.7735845,-2.59993,True,False,False,-0.769888015,2.5503787498840333,1.7240332239944456,False,point_median
PRIOR_0003654,VASHMGL,-0.48940682,producible_prior,-3.0397856,-2.21344,-3.0397856,True,False,False,-0.769888015,2.5503787498840333,1.7240332239944456,False,point_median
PRIOR_0003655,HYKAMKF,-0.17172241,producible_prior,-2.7221012,-1.8957556,-2.7221012,True,False,False,-0.769888015,2.5503787498840333,1.7240332239944456,False,point_median
PRIOR_0003656,KHDGGCP,-0.48796868,producible_prior,-3.0383475,-2.2120018,-3.0383475,True,False,False,-0.769888015,2.5503787498840333,1.7240332239944456,False,point_median
PRIOR_0003657,DVNGHGT,-0.5647136,producible_prior,-3.1150923,-2.2887468,-3.1150923,True,False,False,-0.769888015,2.5503787498840333,1.7240332239944456,False,point_median
PRIOR_0003658,KWGNSHS,-0.095217705,producible_prior,-2.6455965,-1.819251,-2.6455965,True,False,False,-0.769888015,2.5503787498840333,1.7240332239944456,False,point_median
PRIOR_0003659,KIEAGQF,-0.42588162,producible_prior,-2.9762604,-2.1499147,-2.9762604,True,False,False,-0.769888015,2.5503787498840333,1.7240332239944456,False,point_median
PRIOR_0003660,TTSHAHQ,-0.5373329,producible_prior,-3.0877118,-2.2613661,-3.0877118,True,False,False,-0.769888015,2.5503787498840333,1.7240332239944456,False,point_median
PRIOR_0003661,HRYRKER,1.1058884,producible_prior,-1.4444904,-0.61814487,-1.4444904,True,True,False,-0.769888015,2.5503787498840333,1.7240332239944456,False,point_median
PRIOR_0003662,VHRREFK,0.15993929,producible_prior,-2.3904395,-1.564094,-2.3904395,True,False,False,-0.769888015,2.5503787498840333,1.7240332239944456,False,point_median
PRIOR_0003663,MGPPQKR,1.1276264,producible_prior,-1.4227524,-0.5964068,-1.4227524,True,True,False,-0.769888015,2.5503787498840333,1.7240332239944456,False,point_median
PRIOR_0003664,AKGPMHE,0.58035326,producible_prior,-1.9700255,-1.14368,-1.9700255,True,False,False,-0.769888015,2.5503787498840333,1.7240332239944456,False,point_median
PRIOR_0003665,TMPTRNY,-0.3597268,producible_prior,-2.9101057,-2.08376,-2.9101057,True,False,False,-0.769888015,2.5503787498840333,1.7240332239944456,False,point_median
PRIOR_0003666,KFAFQSG,-0.22853613,producible_prior,-2.778915,-1.9525694,-2.778915,True,False,False,-0.769888015,2.5503787498840333,1.7240332239944456,False,point_median
PRIOR_0003667,GRRRFFF,-0.7339486,producible_prior,-3.2843275,-2.4579818,-3.2843275,True,False,False,-0.769888015,2.5503787498840333,1.7240332239944456,False,point_median
PRIOR_0003668,DGMKKRE,1.1035137,producible_prior,-1.4468651,-0.6205195,-1.4468651,True,True,False,-0.769888015,2.5503787498840333,1.7240332239944456,False,point_median
PRIOR_0003669,RGNKGWS,0.05278635,producible_prior,-2.4975924,-1.6712469,-2.4975924,True,False,False,-0.769888015,2.5503787498840333,1.7240332239944456,False,point_median
PRIOR_0003670,SPVLAAK,-0.5082239,producible_prior,-3.0586028,-2.2322571,-3.0586028,True,False,False,-0.769888015,2.5503787498840333,1.7240332239944456,False,point_median
PRIOR_0003671,YSRHRMI,0.48187685,producible_prior,-2.068502,-1.2421564,-2.068502,True,False,False,-0.769888015,2.5503787498840333,1.7240332239944456,False,point_median
PRIOR_0003672,MNQINND,-0.5914011,producible_prior,-3.14178,-2.3154345,-3.14178,True,False,False,-0.769888015,2.5503787498840333,1.7240332239944456,False,point_median
PRIOR_0003673,NCRLRKG,-0.041737318,producible_prior,-2.592116,-1.7657706,-2.592116,True,False,False,-0.769888015,2.5503787498840333,1.7240332239944456,False,point_median
PRIOR_0003674,GQERLVR,-0.25575638,producible_prior,-2.8061352,-1.9797896,-2.8061352,True,False,False,-0.769888015,2.5503787498840333,1.7240332239944456,False,point_median
PRIOR_0003675,RNAAKSD,1.5461111,producible_prior,-1.0042677,-0.17792213,-1.0042677,True,True,False,-0.769888015,2.5503787498840333,1.7240332239944456,False,point_median
PRIOR_0003676,WTRVTKM,0.4498129,producible_prior,-2.100566,-1.2742203,-2.100566,True,False,False,-0.769888015,2.5503787498840333,1.7240332239944456,False,point_median
PRIOR_0003677,IRLVRPN,-0.4404509,producible_prior,-2.9908297,-2.164484,-2.9908297,True,False,False,-0.769888015,2.5503787498840333,1.7240332239944456,False,point_median
PRIOR_0003678,NFATMEK,-0.7238543,producible_prior,-3.274233,-2.4478874,-3.274233,True,False,False,-0.769888015,2.5503787498840333,1.7240332239944456,False,point_median
PRIOR_0003679,SKRKYVH,1.0904653,producible_prior,-1.4599135,-0.6335679,-1.4599135,True,True,False,-0.769888015,2.5503787498840333,1.7240332239944456,False,point_median
PRIOR_0003680,MHRNGCV,-0.67850924,producible_prior,-3.228888,-2.4025426,-3.228888,True,False,False,-0.769888015,2.5503787498840333,1.7240332239944456,False,point_median
PRIOR_0003681,AFQQSKA,0.656651,producible_prior,-1.8937278,-1.0673822,-1.8937278,True,False,False,-0.769888015,2.5503787498840333,1.7240332239944456,False,point_median
PRIOR_0003682,KQAPKPC,-0.44375396,producible_prior,-2.9941328,-2.167787,-2.9941328,True,False,False,-0.769888015,2.5503787498840333,1.7240332239944456,False,point_median
PRIOR_0003683,IPGIHNR,-0.07966089,producible_prior,-2.6300397,-1.8036941,-2.6300397,True,False,False,-0.769888015,2.5503787498840333,1.7240332239944456,False,point_median
PRIOR_0003684,PSQRHLT,-0.52278996,producible_prior,-3.0731688,-2.2468233,-3.0731688,True,False,False,-0.769888015,2.5503787498840333,1.7240332239944456,False,point_median
PRIOR_0003685,KAMGVNG,0.6599264,producible_prior,-1.8904524,-1.0641068,-1.8904524,True,False,False,-0.769888015,2.5503787498840333,1.7240332239944456,False,point_median
PRIOR_0003686,SKSTVLM,0.197227,producible_prior,-2.3531518,-1.5268062,-2.3531518,True,False,False,-0.769888015,2.5503787498840333,1.7240332239944456,False,point_median
PRIOR_0003687,SFQSAPT,-0.69531107,producible_prior,-3.2456899,-2.4193444,-3.2456899,True,False,False,-0.769888015,2.5503787498840333,1.7240332239944456,False,point_median
PRIOR_0003688,FQRGVAD,0.40689015,producible_prior,-2.1434886,-1.3171431,-2.1434886,True,False,False,-0.769888015,2.5503787498840333,1.7240332239944456,False,point_median
PRIOR_0003689,TFPTTST,-0.37251008,producible_prior,-2.9228888,-2.0965433,-2.9228888,True,False,False,-0.769888015,2.5503787498840333,1.7240332239944456,False,point_median
PRIOR_0003690,SHGVSKK,1.4322174,producible_prior,-1.1181614,-0.29181588,-1.1181614,True,True,False,-0.769888015,2.5503787498840333,1.7240332239944456,False,point_median
PRIOR_0003691,RDFSNVG,-0.42032504,producible_prior,-2.9707038,-2.1443582,-2.9707038,True,False,False,-0.769888015,2.5503787498840333,1.7240332239944456,False,point_median
PRIOR_0003692,TLSPIKT,-0.064778805,producible_prior,-2.6151576,-1.788812,-2.6151576,True,False,False,-0.769888015,2.5503787498840333,1.7240332239944456,False,point_median
PRIOR_0003693,LVGIHIK,-0.6984204,producible_prior,-3.2487993,-2.4224536,-3.2487993,True,False,False,-0.769888015,2.5503787498840333,1.7240332239944456,False,point_median
PRIOR_0003694,TVTKFKM,0.25472736,producible_prior,-2.2956514,-1.4693059,-2.2956514,True,False,False,-0.769888015,2.5503787498840333,1.7240332239944456,False,point_median
PRIOR_0003695,IDRNGQE,0.5885658,producible_prior,-1.961813,-1.1354674,-1.961813,True,False,False,-0.769888015,2.5503787498840333,1.7240332239944456,False,point_median
PRIOR_0003696,YWKKNTV,0.28016233,producible_prior,-2.2702165,-1.4438709,-2.2702165,True,False,False,-0.769888015,2.5503787498840333,1.7240332239944456,False,point_median
PRIOR_0003697,KTLQKAG,1.210072,producible_prior,-1.3403068,-0.5139612,-1.3403068,True,True,False,-0.769888015,2.5503787498840333,1.7240332239944456,False,point_median
PRIOR_0003698,SGTDRQL,0.02722168,producible_prior,-2.5231571,-1.6968116,-2.5231571,True,False,False,-0.769888015,2.5503787498840333,1.7240332239944456,False,point_median
PRIOR_0003699,KGVLNQT,-0.4043429,producible_prior,-2.9547217,-2.128376,-2.9547217,True,False,False,-0.769888015,2.5503787498840333,1.7240332239944456,False,point_median
PRIOR_0003700,SYVKGHM,-0.5263257,producible_prior,-3.0767045,-2.250359,-3.0767045,True,False,False,-0.769888015,2.5503787498840333,1.7240332239944456,False,point_median
PRIOR_0003701,IASTTTV,0.25823426,producible_prior,-2.2921445,-1.465799,-2.2921445,True,False,False,-0.769888015,2.5503787498840333,1.7240332239944456,False,point_median
PRIOR_0003702,YHNRMVD,-0.15604258,producible_prior,-2.7064214,-1.8800758,-2.7064214,True,False,False,-0.769888015,2.5503787498840333,1.7240332239944456,False,point_median
PRIOR_0003703,KKPTQGE,2.030963,producible_prior,-0.51941586,0.3069297,-0.51941586,True,True,True,-0.769888015,2.5503787498840333,1.7240332239944456,False,point_median
PRIOR_0003704,NTKQNGE,1.1817315,producible_prior,-1.3686473,-0.5423018,-1.3686473,True,True,False,-0.769888015,2.5503787498840333,1.7240332239944456,False,point_median
PRIOR_0003705,RRQVFAM,-0.08149719,producible_prior,-2.631876,-1.8055304,-2.631876,True,False,False,-0.769888015,2.5503787498840333,1.7240332239944456,False,point_median
PRIOR_0003706,IQSRACP,-0.57095265,producible_prior,-3.1213315,-2.2949858,-3.1213315,True,False,False,-0.769888015,2.5503787498840333,1.7240332239944456,False,point_median
PRIOR_0003707,TAYRAPR,-0.054419994,producible_prior,-2.6047988,-1.7784532,-2.6047988,True,False,False,-0.769888015,2.5503787498840333,1.7240332239944456,False,point_median
PRIOR_0003708,QPFNRMG,-0.009832144,producible_prior,-2.560211,-1.7338654,-2.560211,True,False,False,-0.769888015,2.5503787498840333,1.7240332239944456,False,point_median
PRIOR_0003709,KFTTLKT,0.09142041,producible_prior,-2.4589584,-1.6326128,-2.4589584,True,False,False,-0.769888015,2.5503787498840333,1.7240332239944456,False,point_median
PRIOR_0003710,NRHARQD,1.4544346,producible_prior,-1.0959442,-0.2695986,-1.0959442,True,True,False,-0.769888015,2.5503787498840333,1.7240332239944456,False,point_median
PRIOR_0003711,SVDNRNT,-0.25551033,producible_prior,-2.8058891,-1.9795436,-2.8058891,True,False,False,-0.769888015,2.5503787498840333,1.7240332239944456,False,point_median
PRIOR_0003712,AVRQTNN,0.013020992,producible_prior,-2.5373578,-1.7110122,-2.5373578,True,False,False,-0.769888015,2.5503787498840333,1.7240332239944456,False,point_median
PRIOR_0003713,TGGLKAT,0.5368726,producible_prior,-2.0135062,-1.1871606,-2.0135062,True,False,False,-0.769888015,2.5503787498840333,1.7240332239944456,False,point_median
PRIOR_0003714,IETKNQR,0.61447763,producible_prior,-1.9359012,-1.1095556,-1.9359012,True,False,False,-0.769888015,2.5503787498840333,1.7240332239944456,False,point_median
PRIOR_0003715,HNTATEG,0.6517663,producible_prior,-1.8986125,-1.0722669,-1.8986125,True,False,False,-0.769888015,2.5503787498840333,1.7240332239944456,False,point_median
PRIOR_0003716,QSVGISV,-0.50993633,producible_prior,-3.0603151,-2.2339697,-3.0603151,True,False,False,-0.769888015,2.5503787498840333,1.7240332239944456,False,point_median
PRIOR_0003717,QGVVHNH,-0.6370697,producible_prior,-3.1874485,-2.361103,-3.1874485,True,False,False,-0.769888015,2.5503787498840333,1.7240332239944456,False,point_median
PRIOR_0003718,PRADRRI,0.7268789,producible_prior,-1.8234999,-0.99715436,-1.8234999,True,False,False,-0.769888015,2.5503787498840333,1.7240332239944456,False,point_median
PRIOR_0003719,FVARELA,-0.3882383,producible_prior,-2.9386172,-2.1122715,-2.9386172,True,False,False,-0.769888015,2.5503787498840333,1.7240332239944456,False,point_median
PRIOR_0003720,MVTNRRM,0.5541949,producible_prior,-1.9961839,-1.1698383,-1.9961839,True,False,False,-0.769888015,2.5503787498840333,1.7240332239944456,False,point_median
PRIOR_0003721,SSPSQFV,-0.7277807,producible_prior,-3.2781596,-2.451814,-3.2781596,True,False,False,-0.769888015,2.5503787498840333,1.7240332239944456,False,point_median
PRIOR_0003722,MARRLVQ,-0.24671435,producible_prior,-2.7970932,-1.9707476,-2.7970932,True,False,False,-0.769888015,2.5503787498840333,1.7240332239944456,False,point_median
PRIOR_0003723,KVTNPPH,0.2855363,producible_prior,-2.2648425,-1.438497,-2.2648425,True,False,False,-0.769888015,2.5503787498840333,1.7240332239944456,False,point_median
PRIOR_0003724,KKMRSIM,0.86168694,producible_prior,-1.6886919,-0.8623463,-1.6886919,True,False,False,-0.769888015,2.5503787498840333,1.7240332239944456,False,point_median
PRIOR_0003725,VMKVDPK,-0.0016477108,producible_prior,-2.5520265,-1.725681,-2.5520265,True,False,False,-0.769888015,2.5503787498840333,1.7240332239944456,False,point_median
PRIOR_0003726,TRCRTRS,-0.206851,producible_prior,-2.7572298,-1.9308842,-2.7572298,True,False,False,-0.769888015,2.5503787498840333,1.7240332239944456,False,point_median
PRIOR_0003727,LKKAHYS,0.78159904,producible_prior,-1.7687798,-0.9424342,-1.7687798,True,False,False,-0.769888015,2.5503787498840333,1.7240332239944456,False,point_median
PRIOR_0003728,HANIDRM,-0.71520185,producible_prior,-3.2655807,-2.4392352,-3.2655807,True,False,False,-0.769888015,2.5503787498840333,1.7240332239944456,False,point_median
PRIOR_0003729,AHVNQQG,0.15247631,producible_prior,-2.3979025,-1.5715569,-2.3979025,True,False,False,-0.769888015,2.5503787498840333,1.7240332239944456,False,point_median
PRIOR_0003730,TKYSGQK,0.87857795,producible_prior,-1.6718009,-0.8454553,-1.6718009,True,False,False,-0.769888015,2.5503787498840333,1.7240332239944456,False,point_median
PRIOR_0003731,HLGMKGK,0.5851617,producible_prior,-1.9652171,-1.1388716,-1.9652171,True,False,False,-0.769888015,2.5503787498840333,1.7240332239944456,False,point_median
PRIOR_0003732,IPIRTRK,0.8968854,producible_prior,-1.6534934,-0.82714784,-1.6534934,True,False,False,-0.769888015,2.5503787498840333,1.7240332239944456,False,point_median
PRIOR_0003733,HPTNGDN,-0.42594302,producible_prior,-2.9763217,-2.1499763,-2.9763217,True,False,False,-0.769888015,2.5503787498840333,1.7240332239944456,False,point_median
PRIOR_0003734,IIVRDKR,0.025889635,producible_prior,-2.5244892,-1.6981436,-2.5244892,True,False,False,-0.769888015,2.5503787498840333,1.7240332239944456,False,point_median
PRIOR_0003735,VHADGEE,-0.40837443,producible_prior,-2.958753,-2.1324077,-2.958753,True,False,False,-0.769888015,2.5503787498840333,1.7240332239944456,False,point_median
PRIOR_0003736,PLGNGDP,-0.0621655,producible_prior,-2.6125443,-1.7861987,-2.6125443,True,False,False,-0.769888015,2.5503787498840333,1.7240332239944456,False,point_median
PRIOR_0003737,NHTVKKH,1.2571611,producible_prior,-1.2932177,-0.4668721,-1.2932177,True,True,False,-0.769888015,2.5503787498840333,1.7240332239944456,False,point_median
PRIOR_0003738,KIVPSHS,-0.026208878,producible_prior,-2.5765877,-1.7502421,-2.5765877,True,False,False,-0.769888015,2.5503787498840333,1.7240332239944456,False,point_median
PRIOR_0003739,RHYPVRE,-0.15427804,producible_prior,-2.7046568,-1.8783113,-2.7046568,True,False,False,-0.769888015,2.5503787498840333,1.7240332239944456,False,point_median
PRIOR_0003740,HMNGPAP,0.31876707,producible_prior,-2.2316117,-1.4052662,-2.2316117,True,False,False,-0.769888015,2.5503787498840333,1.7240332239944456,False,point_median
PRIOR_0003741,TKGDGKT,1.6162674,producible_prior,-0.93411136,-0.107765794,-0.93411136,True,True,False,-0.769888015,2.5503787498840333,1.7240332239944456,False,point_median
PRIOR_0003742,CMKNSRV,0.116001606,producible_prior,-2.4343772,-1.6080316,-2.4343772,True,False,False,-0.769888015,2.5503787498840333,1.7240332239944456,False,point_median
PRIOR_0003743,SQVKMTG,0.58090615,producible_prior,-1.9694726,-1.1431271,-1.9694726,True,False,False,-0.769888015,2.5503787498840333,1.7240332239944456,False,point_median
PRIOR_0003744,NFKIVMK,-0.33958936,producible_prior,-2.8899682,-2.0636225,-2.8899682,True,False,False,-0.769888015,2.5503787498840333,1.7240332239944456,False,point_median
PRIOR_0003745,HGAGAKE,1.4792762,producible_prior,-1.0711026,-0.24475706,-1.0711026,True,True,False,-0.769888015,2.5503787498840333,1.7240332239944456,False,point_median
PRIOR_0003746,DHKRELH,-0.12480354,producible_prior,-2.6751823,-1.8488368,-2.6751823,True,False,False,-0.769888015,2.5503787498840333,1.7240332239944456,False,point_median
PRIOR_0003747,PNKIRSF,0.07004547,producible_prior,-2.4803333,-1.6539878,-2.4803333,True,False,False,-0.769888015,2.5503787498840333,1.7240332239944456,False,point_median
PRIOR_0003748,MKAQKIC,-0.56659675,producible_prior,-3.1169755,-2.2906299,-3.1169755,True,False,False,-0.769888015,2.5503787498840333,1.7240332239944456,False,point_median
PRIOR_0003749,MLISARA,-0.15109372,producible_prior,-2.7014725,-1.875127,-2.7014725,True,False,False,-0.769888015,2.5503787498840333,1.7240332239944456,False,point_median
PRIOR_0003750,TRMKPRK,1.7528448,producible_prior,-0.797534,0.028811574,-0.797534,True,True,False,-0.769888015,2.5503787498840333,1.7240332239944456,False,point_median
PRIOR_0003751,YKAHVPY,-0.32438827,producible_prior,-2.874767,-2.0484214,-2.874767,True,False,False,-0.769888015,2.5503787498840333,1.7240332239944456,False,point_median
PRIOR_0003752,QNTAKGC,-0.63566375,producible_prior,-3.1860425,-2.3596969,-3.1860425,True,False,False,-0.769888015,2.5503787498840333,1.7240332239944456,False,point_median
PRIOR_0003753,MRCAKGS,-0.700017,producible_prior,-3.2503958,-2.4240503,-3.2503958,True,False,False,-0.769888015,2.5503787498840333,1.7240332239944456,False,point_median
PRIOR_0003754,GYRSRRM,0.85911703,producible_prior,-1.6912618,-0.8649162,-1.6912618,True,False,False,-0.769888015,2.5503787498840333,1.7240332239944456,False,point_median
PRIOR_0003755,FSTFAKH,-0.6792896,producible_prior,-3.2296684,-2.4033227,-3.2296684,True,False,False,-0.769888015,2.5503787498840333,1.7240332239944456,False,point_median
PRIOR_0003756,SPVDGDG,-0.3265233,producible_prior,-2.876902,-2.0505567,-2.876902,True,False,False,-0.769888015,2.5503787498840333,1.7240332239944456,False,point_median
PRIOR_0003757,REGHDAL,-0.50708485,producible_prior,-3.0574636,-2.2311182,-3.0574636,True,False,False,-0.769888015,2.5503787498840333,1.7240332239944456,False,point_median
PRIOR_0003758,TKEDFQE,-0.7608963,producible_prior,-3.311275,-2.4849296,-3.311275,True,False,False,-0.769888015,2.5503787498840333,1.7240332239944456,False,point_median
PRIOR_0003759,IRDGDDK,-0.07728529,producible_prior,-2.627664,-1.8013185,-2.627664,True,False,False,-0.769888015,2.5503787498840333,1.7240332239944456,False,point_median
PRIOR_0003760,TYKMAPS,-0.30411923,producible_prior,-2.854498,-2.0281525,-2.854498,True,False,False,-0.769888015,2.5503787498840333,1.7240332239944456,False,point_median
PRIOR_0003761,RTEVSIP,-0.10423803,producible_prior,-2.6546168,-1.8282713,-2.6546168,True,False,False,-0.769888015,2.5503787498840333,1.7240332239944456,False,point_median
PRIOR_0003762,KLGSGLT,0.27150297,producible_prior,-2.2788758,-1.4525303,-2.2788758,True,False,False,-0.769888015,2.5503787498840333,1.7240332239944456,False,point_median
PRIOR_0003763,WSDNNHA,-0.7064109,producible_prior,-3.2567897,-2.4304442,-3.2567897,True,False,False,-0.769888015,2.5503787498840333,1.7240332239944456,False,point_median
PRIOR_0003764,KLRIDLV,-0.5213946,producible_prior,-3.0717735,-2.2454278,-3.0717735,True,False,False,-0.769888015,2.5503787498840333,1.7240332239944456,False,point_median
PRIOR_0003765,LRQEQVA,0.4039147,producible_prior,-2.146464,-1.3201185,-2.146464,True,False,False,-0.769888015,2.5503787498840333,1.7240332239944456,False,point_median
PRIOR_0003766,AGSKNSQ,0.39881945,producible_prior,-2.1515594,-1.3252138,-2.1515594,True,False,False,-0.769888015,2.5503787498840333,1.7240332239944456,False,point_median
PRIOR_0003767,CTRVKQK,0.6629205,producible_prior,-1.8874583,-1.0611128,-1.8874583,True,False,False,-0.769888015,2.5503787498840333,1.7240332239944456,False,point_median
PRIOR_0003768,SWGTKNK,0.17696524,producible_prior,-2.3734136,-1.547068,-2.3734136,True,False,False,-0.769888015,2.5503787498840333,1.7240332239944456,False,point_median
PRIOR_0003769,MVRNMRA,0.9886403,producible_prior,-1.5617385,-0.7353929,-1.5617385,True,True,False,-0.769888015,2.5503787498840333,1.7240332239944456,False,point_median
PRIOR_0003770,RRMFNNP,-0.06839323,producible_prior,-2.618772,-1.7924265,-2.618772,True,False,False,-0.769888015,2.5503787498840333,1.7240332239944456,False,point_median
PRIOR_0003771,NVKVSTP,1.0471988,producible_prior,-1.50318,-0.67683446,-1.50318,True,True,False,-0.769888015,2.5503787498840333,1.7240332239944456,False,point_median
PRIOR_0003772,LQGRDSF,-0.5394219,producible_prior,-3.0898008,-2.2634552,-3.0898008,True,False,False,-0.769888015,2.5503787498840333,1.7240332239944456,False,point_median
PRIOR_0003773,PAEKAES,0.23471951,producible_prior,-2.3156593,-1.4893137,-2.3156593,True,False,False,-0.769888015,2.5503787498840333,1.7240332239944456,False,point_median
PRIOR_0003774,YKHKPNH,1.4637182,producible_prior,-1.0866606,-0.26031506,-1.0866606,True,True,False,-0.769888015,2.5503787498840333,1.7240332239944456,False,point_median
PRIOR_0003775,RARTMDV,0.6766424,producible_prior,-1.8737364,-1.0473908,-1.8737364,True,False,False,-0.769888015,2.5503787498840333,1.7240332239944456,False,point_median
PRIOR_0003776,YRVSKMH,0.41112423,producible_prior,-2.1392546,-1.312909,-2.1392546,True,False,False,-0.769888015,2.5503787498840333,1.7240332239944456,False,point_median
PRIOR_0003777,ERQGEVV,-0.16310382,producible_prior,-2.7134826,-1.887137,-2.7134826,True,False,False,-0.769888015,2.5503787498840333,1.7240332239944456,False,point_median
PRIOR_0003778,PHGIHGV,-0.5328907,producible_prior,-3.0832696,-2.256924,-3.0832696,True,False,False,-0.769888015,2.5503787498840333,1.7240332239944456,False,point_median
PRIOR_0003779,FKAKQVY,0.45628595,producible_prior,-2.0940928,-1.2677473,-2.0940928,True,False,False,-0.769888015,2.5503787498840333,1.7240332239944456,False,point_median
PRIOR_0003780,EVTVQTK,-0.59002495,producible_prior,-3.1404037,-2.3140583,-3.1404037,True,False,False,-0.769888015,2.5503787498840333,1.7240332239944456,False,point_median
PRIOR_0003781,RRETAQC,-0.6674384,producible_prior,-3.2178173,-2.3914716,-3.2178173,True,False,False,-0.769888015,2.5503787498840333,1.7240332239944456,False,point_median
PRIOR_0003782,FNARKDF,0.06752133,producible_prior,-2.4828575,-1.6565119,-2.4828575,True,False,False,-0.769888015,2.5503787498840333,1.7240332239944456,False,point_median
PRIOR_0003783,TPSHFVK,-0.37889028,producible_prior,-2.929269,-2.1029234,-2.929269,True,False,False,-0.769888015,2.5503787498840333,1.7240332239944456,False,point_median
PRIOR_0003784,KEVTNEK,-0.015359163,producible_prior,-2.565738,-1.7393924,-2.565738,True,False,False,-0.769888015,2.5503787498840333,1.7240332239944456,False,point_median
PRIOR_0003785,IMPTRHK,0.5271096,producible_prior,-2.0232692,-1.1969236,-2.0232692,True,False,False,-0.769888015,2.5503787498840333,1.7240332239944456,False,point_median
PRIOR_0003786,PSKTNLG,0.770993,producible_prior,-1.7793858,-0.95304024,-1.7793858,True,False,False,-0.769888015,2.5503787498840333,1.7240332239944456,False,point_median
PRIOR_0003787,HILGQRD,-0.42201364,producible_prior,-2.9723926,-2.1460469,-2.9723926,True,False,False,-0.769888015,2.5503787498840333,1.7240332239944456,False,point_median
PRIOR_0003788,KFMVNGK,-0.27572072,producible_prior,-2.8260994,-1.999754,-2.8260994,True,False,False,-0.769888015,2.5503787498840333,1.7240332239944456,False,point_median
PRIOR_0003789,NRATQMN,-0.13789988,producible_prior,-2.6882787,-1.8619331,-2.6882787,True,False,False,-0.769888015,2.5503787498840333,1.7240332239944456,False,point_median
PRIOR_0003790,LTTTGSK,0.49643302,producible_prior,-2.0539458,-1.2276002,-2.0539458,True,False,False,-0.769888015,2.5503787498840333,1.7240332239944456,False,point_median
PRIOR_0003791,LNKDTGT,0.3696406,producible_prior,-2.1807382,-1.3543926,-2.1807382,True,False,False,-0.769888015,2.5503787498840333,1.7240332239944456,False,point_median
PRIOR_0003792,HPFTKPS,0.10193348,producible_prior,-2.4484453,-1.6220998,-2.4484453,True,False,False,-0.769888015,2.5503787498840333,1.7240332239944456,False,point_median
PRIOR_0003793,CKGKTLV,0.5982256,producible_prior,-1.9521532,-1.1258076,-1.9521532,True,False,False,-0.769888015,2.5503787498840333,1.7240332239944456,False,point_median
PRIOR_0003794,MQSLTRN,-0.63326156,producible_prior,-3.1836405,-2.3572948,-3.1836405,True,False,False,-0.769888015,2.5503787498840333,1.7240332239944456,False,point_median
PRIOR_0003795,AEFKGAE,-0.42057657,producible_prior,-2.9709554,-2.14461,-2.9709554,True,False,False,-0.769888015,2.5503787498840333,1.7240332239944456,False,point_median
PRIOR_0003796,SKKLRCQ,-0.64041126,producible_prior,-3.1907902,-2.3644445,-3.1907902,True,False,False,-0.769888015,2.5503787498840333,1.7240332239944456,False,point_median
PRIOR_0003797,IEGRDLA,-0.39134955,producible_prior,-2.9417284,-2.1153827,-2.9417284,True,False,False,-0.769888015,2.5503787498840333,1.7240332239944456,False,point_median
PRIOR_0003798,HTKMAFA,-0.45378065,producible_prior,-3.0041595,-2.177814,-3.0041595,True,False,False,-0.769888015,2.5503787498840333,1.7240332239944456,False,point_median
PRIOR_0003799,RIKRWNY,-0.62492037,producible_prior,-3.1752992,-2.3489537,-3.1752992,True,False,False,-0.769888015,2.5503787498840333,1.7240332239944456,False,point_median
PRIOR_0003800,ARTQPLA,0.44623232,producible_prior,-2.1041465,-1.2778009,-2.1041465,True,False,False,-0.769888015,2.5503787498840333,1.7240332239944456,False,point_median
PRIOR_0003801,FDHAGQR,-0.18831563,producible_prior,-2.7386944,-1.9123489,-2.7386944,True,False,False,-0.769888015,2.5503787498840333,1.7240332239944456,False,point_median
PRIOR_0003802,HDRSELS,-0.44656527,producible_prior,-2.996944,-2.1705985,-2.996944,True,False,False,-0.769888015,2.5503787498840333,1.7240332239944456,False,point_median
PRIOR_0003803,KGEHIPI,-0.19889331,producible_prior,-2.749272,-1.9229265,-2.749272,True,False,False,-0.769888015,2.5503787498840333,1.7240332239944456,False,point_median
PRIOR_0003804,STHHNAR,0.43089914,producible_prior,-2.1194797,-1.2931341,-2.1194797,True,False,False,-0.769888015,2.5503787498840333,1.7240332239944456,False,point_median
PRIOR_0003805,VHSHNGV,0.2795508,producible_prior,-2.270828,-1.4444824,-2.270828,True,False,False,-0.769888015,2.5503787498840333,1.7240332239944456,False,point_median
PRIOR_0003806,PKRKRLH,2.1008368,producible_prior,-0.44954205,0.37680352,-0.44954205,True,True,True,-0.769888015,2.5503787498840333,1.7240332239944456,False,point_median
PRIOR_0003807,QPPHFRI,-0.42612863,producible_prior,-2.9765074,-2.1501617,-2.9765074,True,False,False,-0.769888015,2.5503787498840333,1.7240332239944456,False,point_median
PRIOR_0003808,GKQKMEF,0.6985214,producible_prior,-1.8518574,-1.0255119,-1.8518574,True,False,False,-0.769888015,2.5503787498840333,1.7240332239944456,False,point_median
PRIOR_0003809,MPLSGNG,0.07704544,producible_prior,-2.4733334,-1.6469878,-2.4733334,True,False,False,-0.769888015,2.5503787498840333,1.7240332239944456,False,point_median
PRIOR_0003810,HTKESMI,-0.049788475,producible_prior,-2.6001673,-1.7738217,-2.6001673,True,False,False,-0.769888015,2.5503787498840333,1.7240332239944456,False,point_median
PRIOR_0003811,LRNPSDT,0.08577371,producible_prior,-2.464605,-1.6382595,-2.464605,True,False,False,-0.769888015,2.5503787498840333,1.7240332239944456,False,point_median
PRIOR_0003812,SDRQGKG,1.7584119,producible_prior,-0.7919669,0.034378648,-0.7919669,True,True,False,-0.769888015,2.5503787498840333,1.7240332239944456,False,point_median
PRIOR_0003813,NRNYDKN,-0.701576,producible_prior,-3.2519548,-2.425609,-3.2519548,True,False,False,-0.769888015,2.5503787498840333,1.7240332239944456,False,point_median
PRIOR_0003814,MLHAHMS,-0.49393058,producible_prior,-3.0443094,-2.2179637,-3.0443094,True,False,False,-0.769888015,2.5503787498840333,1.7240332239944456,False,point_median
PRIOR_0003815,RQYHSAE,-0.07673502,producible_prior,-2.6271138,-1.8007683,-2.6271138,True,False,False,-0.769888015,2.5503787498840333,1.7240332239944456,False,point_median
PRIOR_0003816,MRVQKSS,1.1940475,producible_prior,-1.3563313,-0.5299858,-1.3563313,True,True,False,-0.769888015,2.5503787498840333,1.7240332239944456,False,point_median
PRIOR_0003817,WKNASRM,0.8458233,producible_prior,-1.7045555,-0.87820995,-1.7045555,True,False,False,-0.769888015,2.5503787498840333,1.7240332239944456,False,point_median
PRIOR_0003818,ACKSSTR,-0.7003052,producible_prior,-3.250684,-2.4243383,-3.250684,True,False,False,-0.769888015,2.5503787498840333,1.7240332239944456,False,point_median
PRIOR_0003819,WHGSQRH,0.07392216,producible_prior,-2.4764566,-1.6501111,-2.4764566,True,False,False,-0.769888015,2.5503787498840333,1.7240332239944456,False,point_median
PRIOR_0003820,YPSGPIV,-0.10952711,producible_prior,-2.659906,-1.8335603,-2.659906,True,False,False,-0.769888015,2.5503787498840333,1.7240332239944456,False,point_median
PRIOR_0003821,VKNVERN,0.39466143,producible_prior,-2.1557174,-1.3293718,-2.1557174,True,False,False,-0.769888015,2.5503787498840333,1.7240332239944456,False,point_median
PRIOR_0003822,NRANDYR,-0.7533953,producible_prior,-3.303774,-2.4774284,-3.303774,True,False,False,-0.769888015,2.5503787498840333,1.7240332239944456,False,point_median
PRIOR_0003823,KHVISHV,-0.31987703,producible_prior,-2.870256,-2.0439103,-2.870256,True,False,False,-0.769888015,2.5503787498840333,1.7240332239944456,False,point_median
PRIOR_0003824,RKVMTKN,0.67543364,producible_prior,-1.8749452,-1.0485996,-1.8749452,True,False,False,-0.769888015,2.5503787498840333,1.7240332239944456,False,point_median
PRIOR_0003825,EQRLNKG,0.6753118,producible_prior,-1.875067,-1.0487214,-1.875067,True,False,False,-0.769888015,2.5503787498840333,1.7240332239944456,False,point_median
PRIOR_0003826,MTPQPRM,0.14724302,producible_prior,-2.4031358,-1.5767902,-2.4031358,True,False,False,-0.769888015,2.5503787498840333,1.7240332239944456,False,point_median
PRIOR_0003827,SGQTIAD,-0.17670989,producible_prior,-2.7270887,-1.9007431,-2.7270887,True,False,False,-0.769888015,2.5503787498840333,1.7240332239944456,False,point_median
PRIOR_0003828,RWKTAGK,0.80301285,producible_prior,-1.747366,-0.9210204,-1.747366,True,False,False,-0.769888015,2.5503787498840333,1.7240332239944456,False,point_median
PRIOR_0003829,QRRTPYF,-0.44032884,producible_prior,-2.9907076,-2.164362,-2.9907076,True,False,False,-0.769888015,2.5503787498840333,1.7240332239944456,False,point_median
PRIOR_0003830,DSTHATV,-0.51570594,producible_prior,-3.0660849,-2.2397392,-3.0660849,True,False,False,-0.769888015,2.5503787498840333,1.7240332239944456,False,point_median
PRIOR_0003831,ADNFKQS,-0.40389478,producible_prior,-2.9542737,-2.127928,-2.9542737,True,False,False,-0.769888015,2.5503787498840333,1.7240332239944456,False,point_median
PRIOR_0003832,YHGNGMH,-0.14163566,producible_prior,-2.6920145,-1.8656689,-2.6920145,True,False,False,-0.769888015,2.5503787498840333,1.7240332239944456,False,point_median
PRIOR_0003833,RKRGCSA,0.7103429,producible_prior,-1.8400359,-1.0136904,-1.8400359,True,False,False,-0.769888015,2.5503787498840333,1.7240332239944456,False,point_median
PRIOR_0003834,RGIIRQD,0.09515715,producible_prior,-2.4552217,-1.6288761,-2.4552217,True,False,False,-0.769888015,2.5503787498840333,1.7240332239944456,False,point_median
PRIOR_0003835,YRYNRDT,-0.596823,producible_prior,-3.1472018,-2.320856,-3.1472018,True,False,False,-0.769888015,2.5503787498840333,1.7240332239944456,False,point_median
PRIOR_0003836,EGRLMKT,-0.36961913,producible_prior,-2.919998,-2.0936522,-2.919998,True,False,False,-0.769888015,2.5503787498840333,1.7240332239944456,False,point_median
PRIOR_0003837,DVQGPGG,0.19414449,producible_prior,-2.3562343,-1.5298887,-2.3562343,True,False,False,-0.769888015,2.5503787498840333,1.7240332239944456,False,point_median
PRIOR_0003838,AMNQLEG,-0.42562485,producible_prior,-2.9760036,-2.1496582,-2.9760036,True,False,False,-0.769888015,2.5503787498840333,1.7240332239944456,False,point_median
PRIOR_0003839,GFPGSRM,0.4013989,producible_prior,-2.14898,-1.3226343,-2.14898,True,False,False,-0.769888015,2.5503787498840333,1.7240332239944456,False,point_median
PRIOR_0003840,SMHDGSV,-0.37697697,producible_prior,-2.9273558,-2.1010103,-2.9273558,True,False,False,-0.769888015,2.5503787498840333,1.7240332239944456,False,point_median
PRIOR_0003841,AREIHIA,-0.5928023,producible_prior,-3.143181,-2.3168354,-3.143181,True,False,False,-0.769888015,2.5503787498840333,1.7240332239944456,False,point_median
PRIOR_0003842,NFAQQSS,-0.27247167,producible_prior,-2.8228505,-1.9965049,-2.8228505,True,False,False,-0.769888015,2.5503787498840333,1.7240332239944456,False,point_median
PRIOR_0003843,GHNGHRH,0.82821536,producible_prior,-1.7221634,-0.8958179,-1.7221634,True,False,False,-0.769888015,2.5503787498840333,1.7240332239944456,False,point_median
PRIOR_0003844,EQGRKDH,0.48233938,producible_prior,-2.0680394,-1.2416939,-2.0680394,True,False,False,-0.769888015,2.5503787498840333,1.7240332239944456,False,point_median
PRIOR_0003845,WGKHGQI,0.7243366,producible_prior,-1.8260422,-0.9996966,-1.8260422,True,False,False,-0.769888015,2.5503787498840333,1.7240332239944456,False,point_median
PRIOR_0003846,STAQRGN,0.09105015,producible_prior,-2.4593287,-1.6329831,-2.4593287,True,False,False,-0.769888015,2.5503787498840333,1.7240332239944456,False,point_median
PRIOR_0003847,VTRASYM,-0.60566616,producible_prior,-3.156045,-2.3296995,-3.156045,True,False,False,-0.769888015,2.5503787498840333,1.7240332239944456,False,point_median
PRIOR_0003848,QLVGVVA,-0.4026389,producible_prior,-2.9530177,-2.1266723,-2.9530177,True,False,False,-0.769888015,2.5503787498840333,1.7240332239944456,False,point_median
PRIOR_0003849,LYKTSNE,0.21512175,producible_prior,-2.335257,-1.5089115,-2.335257,True,False,False,-0.769888015,2.5503787498840333,1.7240332239944456,False,point_median
PRIOR_0003850,PSDDKME,-0.6769377,producible_prior,-3.2273164,-2.400971,-3.2273164,True,False,False,-0.769888015,2.5503787498840333,1.7240332239944456,False,point_median
PRIOR_0003851,LEPARNI,-0.118910074,producible_prior,-2.6692889,-1.8429433,-2.6692889,True,False,False,-0.769888015,2.5503787498840333,1.7240332239944456,False,point_median
PRIOR_0003852,TFSSFKD,-0.6487963,producible_prior,-3.1991751,-2.3728294,-3.1991751,True,False,False,-0.769888015,2.5503787498840333,1.7240332239944456,False,point_median
PRIOR_0003853,RHTQVRR,1.1126604,producible_prior,-1.4377184,-0.6113728,-1.4377184,True,True,False,-0.769888015,2.5503787498840333,1.7240332239944456,False,point_median
PRIOR_0003854,VVQSKMY,-0.454108,producible_prior,-3.0044868,-2.178141,-3.0044868,True,False,False,-0.769888015,2.5503787498840333,1.7240332239944456,False,point_median
PRIOR_0003855,YLKHKNW,-0.046881676,producible_prior,-2.5972605,-1.7709149,-2.5972605,True,False,False,-0.769888015,2.5503787498840333,1.7240332239944456,False,point_median
PRIOR_0003856,KSVALRL,-0.18845177,producible_prior,-2.7388306,-1.912485,-2.7388306,True,False,False,-0.769888015,2.5503787498840333,1.7240332239944456,False,point_median
PRIOR_0003857,CQGRRQV,0.39409733,producible_prior,-2.1562815,-1.3299359,-2.1562815,True,False,False,-0.769888015,2.5503787498840333,1.7240332239944456,False,point_median
PRIOR_0003858,IRVPEGP,0.030255795,producible_prior,-2.520123,-1.6937774,-2.520123,True,False,False,-0.769888015,2.5503787498840333,1.7240332239944456,False,point_median
PRIOR_0003859,QYNPVSP,-0.6247237,producible_prior,-3.1751025,-2.3487568,-3.1751025,True,False,False,-0.769888015,2.5503787498840333,1.7240332239944456,False,point_median
PRIOR_0003860,KKRSAYK,1.7695436,producible_prior,-0.78083515,0.04551041,-0.78083515,True,True,False,-0.769888015,2.5503787498840333,1.7240332239944456,False,point_median
PRIOR_0003861,KNKFNIL,-0.071068764,producible_prior,-2.6214476,-1.795102,-2.6214476,True,False,False,-0.769888015,2.5503787498840333,1.7240332239944456,False,point_median
PRIOR_0003862,LIHMGHR,-0.7475579,producible_prior,-3.2979367,-2.471591,-3.2979367,True,False,False,-0.769888015,2.5503787498840333,1.7240332239944456,False,point_median
PRIOR_0003863,MFSGKRL,0.6589718,producible_prior,-1.891407,-1.0650615,-1.891407,True,False,False,-0.769888015,2.5503787498840333,1.7240332239944456,False,point_median
PRIOR_0003864,YRHSGCG,-0.02656889,producible_prior,-2.5769477,-1.7506021,-2.5769477,True,False,False,-0.769888015,2.5503787498840333,1.7240332239944456,False,point_median
PRIOR_0003865,PNMASAG,-0.2061503,producible_prior,-2.756529,-1.9301835,-2.756529,True,False,False,-0.769888015,2.5503787498840333,1.7240332239944456,False,point_median
PRIOR_0003866,KTMQQDS,-0.2747512,producible_prior,-2.82513,-1.9987844,-2.82513,True,False,False,-0.769888015,2.5503787498840333,1.7240332239944456,False,point_median
PRIOR_0003867,FAQKAFM,-0.5776007,producible_prior,-3.1279795,-2.3016338,-3.1279795,True,False,False,-0.769888015,2.5503787498840333,1.7240332239944456,False,point_median
PRIOR_0003868,SCKGLNK,-0.70644534,producible_prior,-3.256824,-2.4304786,-3.256824,True,False,False,-0.769888015,2.5503787498840333,1.7240332239944456,False,point_median
PRIOR_0003869,AMRPREF,-0.29001904,producible_prior,-2.8403978,-2.0140524,-2.8403978,True,False,False,-0.769888015,2.5503787498840333,1.7240332239944456,False,point_median
PRIOR_0003870,EIGDSRG,-0.0132853985,producible_prior,-2.5636642,-1.7373186,-2.5636642,True,False,False,-0.769888015,2.5503787498840333,1.7240332239944456,False,point_median
PRIOR_0003871,VRKDQNG,1.6971555,producible_prior,-0.8532233,-0.02687776,-0.8532233,True,True,False,-0.769888015,2.5503787498840333,1.7240332239944456,False,point_median
PRIOR_0003872,MGRPSRN,0.7733002,producible_prior,-1.7770786,-0.95073307,-1.7770786,True,False,False,-0.769888015,2.5503787498840333,1.7240332239944456,False,point_median
PRIOR_0003873,VPDTISG,-0.15534997,producible_prior,-2.7057288,-1.8793832,-2.7057288,True,False,False,-0.769888015,2.5503787498840333,1.7240332239944456,False,point_median
PRIOR_0003874,STSLSQI,-0.5729722,producible_prior,-3.123351,-2.2970054,-3.123351,True,False,False,-0.769888015,2.5503787498840333,1.7240332239944456,False,point_median
PRIOR_0003875,FEQTRAR,-0.036918163,producible_prior,-2.587297,-1.7609514,-2.587297,True,False,False,-0.769888015,2.5503787498840333,1.7240332239944456,False,point_median
PRIOR_0003876,KPQFNHL,-0.5316777,producible_prior,-3.0820565,-2.255711,-3.0820565,True,False,False,-0.769888015,2.5503787498840333,1.7240332239944456,False,point_median
PRIOR_0003877,SNHVLNM,-0.6303307,producible_prior,-3.1807094,-2.354364,-3.1807094,True,False,False,-0.769888015,2.5503787498840333,1.7240332239944456,False,point_median
PRIOR_0003878,IDTEKRY,-0.6428422,producible_prior,-3.193221,-2.3668754,-3.193221,True,False,False,-0.769888015,2.5503787498840333,1.7240332239944456,False,point_median
PRIOR_0003879,LKQATGE,1.2261353,producible_prior,-1.3242435,-0.49789798,-1.3242435,True,True,False,-0.769888015,2.5503787498840333,1.7240332239944456,False,point_median
PRIOR_0003880,NQPSQIH,-0.3122028,producible_prior,-2.8625817,-2.036236,-2.8625817,True,False,False,-0.769888015,2.5503787498840333,1.7240332239944456,False,point_median
PRIOR_0003881,RMSHPEY,-0.6054915,producible_prior,-3.1558704,-2.3295248,-3.1558704,True,False,False,-0.769888015,2.5503787498840333,1.7240332239944456,False,point_median
PRIOR_0003882,QKDKEMI,0.39445138,producible_prior,-2.1559274,-1.3295819,-2.1559274,True,False,False,-0.769888015,2.5503787498840333,1.7240332239944456,False,point_median
PRIOR_0003883,GLHIHDP,-0.749678,producible_prior,-3.300057,-2.4737113,-3.300057,True,False,False,-0.769888015,2.5503787498840333,1.7240332239944456,False,point_median
PRIOR_0003884,VIRYSQE,-0.54768586,producible_prior,-3.0980647,-2.271719,-3.0980647,True,False,False,-0.769888015,2.5503787498840333,1.7240332239944456,False,point_median
PRIOR_0003885,DGQSQGN,-0.62120426,producible_prior,-3.1715832,-2.3452375,-3.1715832,True,False,False,-0.769888015,2.5503787498840333,1.7240332239944456,False,point_median
PRIOR_0003886,SFKGSMK,0.88593006,producible_prior,-1.6644487,-0.8381032,-1.6644487,True,False,False,-0.769888015,2.5503787498840333,1.7240332239944456,False,point_median
PRIOR_0003887,VAEGLKM,-0.12941837,producible_prior,-2.6797972,-1.8534516,-2.6797972,True,False,False,-0.769888015,2.5503787498840333,1.7240332239944456,False,point_median
PRIOR_0003888,CKSSHNN,-0.6101749,producible_prior,-3.1605537,-2.334208,-3.1605537,True,False,False,-0.769888015,2.5503787498840333,1.7240332239944456,False,point_median
PRIOR_0003889,GHQVVNI,-0.4305445,producible_prior,-2.9809232,-2.1545777,-2.9809232,True,False,False,-0.769888015,2.5503787498840333,1.7240332239944456,False,point_median
PRIOR_0003890,VDAKKRV,1.5047827,producible_prior,-1.0455961,-0.21925056,-1.0455961,True,True,False,-0.769888015,2.5503787498840333,1.7240332239944456,False,point_median
PRIOR_0003891,RKKTAGQ,1.8977418,producible_prior,-0.652637,0.17370856,-0.652637,True,True,True,-0.769888015,2.5503787498840333,1.7240332239944456,False,point_median
PRIOR_0003892,HINQEPH,-0.75784206,producible_prior,-3.3082209,-2.4818754,-3.3082209,True,False,False,-0.769888015,2.5503787498840333,1.7240332239944456,False,point_median
PRIOR_0003893,FPEINPG,-0.65630937,producible_prior,-3.2066882,-2.3803425,-3.2066882,True,False,False,-0.769888015,2.5503787498840333,1.7240332239944456,False,point_median
PRIOR_0003894,DIPNRVP,-0.08694053,producible_prior,-2.6373193,-1.8109738,-2.6373193,True,False,False,-0.769888015,2.5503787498840333,1.7240332239944456,False,point_median
PRIOR_0003895,HANSVAT,-0.15458465,producible_prior,-2.7049634,-1.8786179,-2.7049634,True,False,False,-0.769888015,2.5503787498840333,1.7240332239944456,False,point_median
PRIOR_0003896,GGNHESV,0.2578404,producible_prior,-2.2925384,-1.4661928,-2.2925384,True,False,False,-0.769888015,2.5503787498840333,1.7240332239944456,False,point_median
PRIOR_0003897,YIGAMMS,-0.7571243,producible_prior,-3.3075032,-2.4811575,-3.3075032,True,False,False,-0.769888015,2.5503787498840333,1.7240332239944456,False,point_median
PRIOR_0003898,DPPPQVS,-0.39008868,producible_prior,-2.9404674,-2.114122,-2.9404674,True,False,False,-0.769888015,2.5503787498840333,1.7240332239944456,False,point_median
PRIOR_0003899,LRKWQAE,0.027641296,producible_prior,-2.5227375,-1.6963919,-2.5227375,True,False,False,-0.769888015,2.5503787498840333,1.7240332239944456,False,point_median
PRIOR_0003900,TWQHVRG,-0.23661089,producible_prior,-2.7869897,-1.9606441,-2.7869897,True,False,False,-0.769888015,2.5503787498840333,1.7240332239944456,False,point_median
PRIOR_0003901,MQKAPMM,0.16251993,producible_prior,-2.3878589,-1.5615133,-2.3878589,True,False,False,-0.769888015,2.5503787498840333,1.7240332239944456,False,point_median
PRIOR_0003902,PIISNGK,-0.746963,producible_prior,-3.2973418,-2.4709964,-3.2973418,True,False,False,-0.769888015,2.5503787498840333,1.7240332239944456,False,point_median
PRIOR_0003903,YVKNPVI,0.16121602,producible_prior,-2.3891628,-1.5628172,-2.3891628,True,False,False,-0.769888015,2.5503787498840333,1.7240332239944456,False,point_median
PRIOR_0003904,RQQRPWG,-0.5009749,producible_prior,-3.0513537,-2.225008,-3.0513537,True,False,False,-0.769888015,2.5503787498840333,1.7240332239944456,False,point_median
PRIOR_0003905,PTVAPDG,-0.6929791,producible_prior,-3.243358,-2.4170122,-3.243358,True,False,False,-0.769888015,2.5503787498840333,1.7240332239944456,False,point_median
PRIOR_0003906,TLGNPPN,-0.43896127,producible_prior,-2.98934,-2.1629944,-2.98934,True,False,False,-0.769888015,2.5503787498840333,1.7240332239944456,False,point_median
PRIOR_0003907,RPTPSYI,-0.5018617,producible_prior,-3.0522404,-2.225895,-3.0522404,True,False,False,-0.769888015,2.5503787498840333,1.7240332239944456,False,point_median
PRIOR_0003908,IKEPTEI,-0.009848356,producible_prior,-2.5602272,-1.7338816,-2.5602272,True,False,False,-0.769888015,2.5503787498840333,1.7240332239944456,False,point_median
PRIOR_0003909,TRDTRVS,0.97040033,producible_prior,-1.5799785,-0.7536329,-1.5799785,True,True,False,-0.769888015,2.5503787498840333,1.7240332239944456,False,point_median
PRIOR_0003910,GDNVAVP,-0.3003223,producible_prior,-2.850701,-2.0243554,-2.850701,True,False,False,-0.769888015,2.5503787498840333,1.7240332239944456,False,point_median
PRIOR_0003911,GKMPAIP,0.040130615,producible_prior,-2.5102482,-1.6839026,-2.5102482,True,False,False,-0.769888015,2.5503787498840333,1.7240332239944456,False,point_median
PRIOR_0003912,NDSKIAF,-0.67648697,producible_prior,-3.2268658,-2.4005203,-3.2268658,True,False,False,-0.769888015,2.5503787498840333,1.7240332239944456,False,point_median
PRIOR_0003913,EAHGNQH,-0.15894794,producible_prior,-2.7093267,-1.8829812,-2.7093267,True,False,False,-0.769888015,2.5503787498840333,1.7240332239944456,False,point_median
PRIOR_0003914,HQQNNRY,-0.15823078,producible_prior,-2.7086096,-1.882264,-2.7086096,True,False,False,-0.769888015,2.5503787498840333,1.7240332239944456,False,point_median
PRIOR_0003915,EKHKISV,0.8752413,producible_prior,-1.6751375,-0.84879196,-1.6751375,True,False,False,-0.769888015,2.5503787498840333,1.7240332239944456,False,point_median
PRIOR_0003916,HFHLKKM,0.19957519,producible_prior,-2.3508036,-1.524458,-2.3508036,True,False,False,-0.769888015,2.5503787498840333,1.7240332239944456,False,point_median
PRIOR_0003917,IEKHSRP,1.3300221,producible_prior,-1.2203567,-0.39401114,-1.2203567,True,True,False,-0.769888015,2.5503787498840333,1.7240332239944456,False,point_median
PRIOR_0003918,GLLHAPA,-0.55076027,producible_prior,-3.101139,-2.2747936,-3.101139,True,False,False,-0.769888015,2.5503787498840333,1.7240332239944456,False,point_median
PRIOR_0003919,FIDAMKK,-0.27814984,producible_prior,-2.8285286,-2.002183,-2.8285286,True,False,False,-0.769888015,2.5503787498840333,1.7240332239944456,False,point_median
PRIOR_0003920,IDHMGEG,-0.622244,producible_prior,-3.1726227,-2.3462772,-3.1726227,True,False,False,-0.769888015,2.5503787498840333,1.7240332239944456,False,point_median
PRIOR_0003921,IGQHKFG,0.6371391,producible_prior,-1.9132397,-1.0868942,-1.9132397,True,False,False,-0.769888015,2.5503787498840333,1.7240332239944456,False,point_median
PRIOR_0003922,ARSLEKN,-0.15105152,producible_prior,-2.7014303,-1.8750848,-2.7014303,True,False,False,-0.769888015,2.5503787498840333,1.7240332239944456,False,point_median
PRIOR_0003923,QMKVLTE,0.033209324,producible_prior,-2.5171695,-1.6908239,-2.5171695,True,False,False,-0.769888015,2.5503787498840333,1.7240332239944456,False,point_median
PRIOR_0003924,SRSTPMV,0.45523977,producible_prior,-2.095139,-1.2687935,-2.095139,True,False,False,-0.769888015,2.5503787498840333,1.7240332239944456,False,point_median
PRIOR_0003925,KFTNTDA,0.31243634,producible_prior,-2.2379425,-1.4115969,-2.2379425,True,False,False,-0.769888015,2.5503787498840333,1.7240332239944456,False,point_median
PRIOR_0003926,HSPSVKK,1.1817982,producible_prior,-1.3685806,-0.542235,-1.3685806,True,True,False,-0.769888015,2.5503787498840333,1.7240332239944456,False,point_median
PRIOR_0003927,IRTNDQD,0.08374214,producible_prior,-2.4666367,-1.6402911,-2.4666367,True,False,False,-0.769888015,2.5503787498840333,1.7240332239944456,False,point_median
PRIOR_0003928,ERDRNKE,1.0860229,producible_prior,-1.464356,-0.6380104,-1.464356,True,True,False,-0.769888015,2.5503787498840333,1.7240332239944456,False,point_median
PRIOR_0003929,VAKNTRP,1.8764763,producible_prior,-0.6739025,0.15244305,-0.6739025,True,True,True,-0.769888015,2.5503787498840333,1.7240332239944456,False,point_median
PRIOR_0003930,NMAMQKP,-0.06988144,producible_prior,-2.6202602,-1.7939147,-2.6202602,True,False,False,-0.769888015,2.5503787498840333,1.7240332239944456,False,point_median
PRIOR_0003931,KQFHTQF,-0.74934125,producible_prior,-3.29972,-2.4733744,-3.29972,True,False,False,-0.769888015,2.5503787498840333,1.7240332239944456,False,point_median
PRIOR_0003932,GGTSENK,0.4323101,producible_prior,-2.1180687,-1.2917231,-2.1180687,True,False,False,-0.769888015,2.5503787498840333,1.7240332239944456,False,point_median
PRIOR_0003933,TKQEQAP,1.0054953,producible_prior,-1.5448835,-0.7185379,-1.5448835,True,True,False,-0.769888015,2.5503787498840333,1.7240332239944456,False,point_median
PRIOR_0003934,AIHVKDF,-0.74273026,producible_prior,-3.293109,-2.4667635,-3.293109,True,False,False,-0.769888015,2.5503787498840333,1.7240332239944456,False,point_median
PRIOR_0003935,IAGVVKS,0.8607731,producible_prior,-1.6896057,-0.86326015,-1.6896057,True,False,False,-0.769888015,2.5503787498840333,1.7240332239944456,False,point_median
PRIOR_0003936,KAKGEHP,1.802258,producible_prior,-0.7481208,0.07822478,-0.7481208,True,True,True,-0.769888015,2.5503787498840333,1.7240332239944456,False,point_median
PRIOR_0003937,SITTQDR,-0.43840146,producible_prior,-2.9887803,-2.1624346,-2.9887803,True,False,False,-0.769888015,2.5503787498840333,1.7240332239944456,False,point_median
PRIOR_0003938,RKPADFL,-0.2931769,producible_prior,-2.8435557,-2.01721,-2.8435557,True,False,False,-0.769888015,2.5503787498840333,1.7240332239944456,False,point_median
PRIOR_0003939,TDKDNPN,-0.49454916,producible_prior,-3.044928,-2.2185824,-3.044928,True,False,False,-0.769888015,2.5503787498840333,1.7240332239944456,False,point_median
PRIOR_0003940,GTIKGHY,-0.5428097,producible_prior,-3.0931885,-2.2668428,-3.0931885,True,False,False,-0.769888015,2.5503787498840333,1.7240332239944456,False,point_median
PRIOR_0003941,NPHVMTI,-0.4435265,producible_prior,-2.9939053,-2.1675596,-2.9939053,True,False,False,-0.769888015,2.5503787498840333,1.7240332239944456,False,point_median
PRIOR_0003942,ALKGIKI,0.97361636,producible_prior,-1.5767624,-0.7504169,-1.5767624,True,True,False,-0.769888015,2.5503787498840333,1.7240332239944456,False,point_median
PRIOR_0003943,TKQLGFA,0.036334515,producible_prior,-2.5140443,-1.6876987,-2.5140443,True,False,False,-0.769888015,2.5503787498840333,1.7240332239944456,False,point_median
PRIOR_0003944,VLQRHLK,0.12569118,producible_prior,-2.4246876,-1.5983421,-2.4246876,True,False,False,-0.769888015,2.5503787498840333,1.7240332239944456,False,point_median
PRIOR_0003945,VAHKRTC,-0.2299385,producible_prior,-2.7803173,-1.9539717,-2.7803173,True,False,False,-0.769888015,2.5503787498840333,1.7240332239944456,False,point_median
PRIOR_0003946,VTPHMDR,-0.4903884,producible_prior,-3.0407672,-2.2144217,-3.0407672,True,False,False,-0.769888015,2.5503787498840333,1.7240332239944456,False,point_median
PRIOR_0003947,QKFKTHV,0.82952714,producible_prior,-1.7208517,-0.8945061,-1.7208517,True,False,False,-0.769888015,2.5503787498840333,1.7240332239944456,False,point_median
PRIOR_0003948,WRIKTPD,0.07577109,producible_prior,-2.4746077,-1.6482621,-2.4746077,True,False,False,-0.769888015,2.5503787498840333,1.7240332239944456,False,point_median
PRIOR_0003949,VKASTIE,0.6770508,producible_prior,-1.873328,-1.0469824,-1.873328,True,False,False,-0.769888015,2.5503787498840333,1.7240332239944456,False,point_median
PRIOR_0003950,PKLVSTL,-0.65762484,producible_prior,-3.2080035,-2.381658,-3.2080035,True,False,False,-0.769888015,2.5503787498840333,1.7240332239944456,False,point_median
PRIOR_0003951,GKEEIKI,0.21315122,producible_prior,-2.3372276,-1.510882,-2.3372276,True,False,False,-0.769888015,2.5503787498840333,1.7240332239944456,False,point_median
PRIOR_0003952,HQEKRLR,0.6322017,producible_prior,-1.9181771,-1.0918316,-1.9181771,True,False,False,-0.769888015,2.5503787498840333,1.7240332239944456,False,point_median
PRIOR_0003953,QITGRNV,0.56747127,producible_prior,-1.9829075,-1.156562,-1.9829075,True,False,False,-0.769888015,2.5503787498840333,1.7240332239944456,False,point_median
PRIOR_0003954,KNGQKFK,1.2809145,producible_prior,-1.2694643,-0.4431187,-1.2694643,True,True,False,-0.769888015,2.5503787498840333,1.7240332239944456,False,point_median
PRIOR_0003955,LINHKNF,-0.12571096,producible_prior,-2.6760898,-1.8497442,-2.6760898,True,False,False,-0.769888015,2.5503787498840333,1.7240332239944456,False,point_median
PRIOR_0003956,AAPNEAT,-0.4993174,producible_prior,-3.0496962,-2.2233505,-3.0496962,True,False,False,-0.769888015,2.5503787498840333,1.7240332239944456,False,point_median
PRIOR_0003957,NISRDQL,-0.5006771,producible_prior,-3.051056,-2.2247105,-3.051056,True,False,False,-0.769888015,2.5503787498840333,1.7240332239944456,False,point_median
PRIOR_0003958,SGGVPLT,-0.44325888,producible_prior,-2.9936376,-2.167292,-2.9936376,True,False,False,-0.769888015,2.5503787498840333,1.7240332239944456,False,point_median
PRIOR_0003959,QTTPSKP,1.0090678,producible_prior,-1.541311,-0.71496546,-1.541311,True,True,False,-0.769888015,2.5503787498840333,1.7240332239944456,False,point_median
PRIOR_0003960,PKTSANM,0.528245,producible_prior,-2.0221338,-1.1957883,-2.0221338,True,False,False,-0.769888015,2.5503787498840333,1.7240332239944456,False,point_median
PRIOR_0003961,SGPPSNQ,-0.37119436,producible_prior,-2.9215732,-2.0952277,-2.9215732,True,False,False,-0.769888015,2.5503787498840333,1.7240332239944456,False,point_median
PRIOR_0003962,KMKFPVN,-0.54298353,producible_prior,-3.0933623,-2.267017,-3.0933623,True,False,False,-0.769888015,2.5503787498840333,1.7240332239944456,False,point_median
PRIOR_0003963,QWTDKTA,-0.5972018,producible_prior,-3.1475806,-2.3212352,-3.1475806,True,False,False,-0.769888015,2.5503787498840333,1.7240332239944456,False,point_median
PRIOR_0003964,KDRDRSL,0.53097963,producible_prior,-2.0193992,-1.1930536,-2.0193992,True,False,False,-0.769888015,2.5503787498840333,1.7240332239944456,False,point_median
PRIOR_0003965,ISGAPTN,-0.37926912,producible_prior,-2.929648,-2.1033025,-2.929648,True,False,False,-0.769888015,2.5503787498840333,1.7240332239944456,False,point_median
PRIOR_0003966,GKIHYAP,-0.44089746,producible_prior,-2.9912763,-2.1649308,-2.9912763,True,False,False,-0.769888015,2.5503787498840333,1.7240332239944456,False,point_median
PRIOR_0003967,HVDHESE,-0.76236856,producible_prior,-3.3127475,-2.4864018,-3.3127475,True,False,False,-0.769888015,2.5503787498840333,1.7240332239944456,False,point_median
PRIOR_0003968,PSQHSHR,0.013699532,producible_prior,-2.5366793,-1.7103337,-2.5366793,True,False,False,-0.769888015,2.5503787498840333,1.7240332239944456,False,point_median
PRIOR_0003969,AINDPGV,-0.726403,producible_prior,-3.2767818,-2.450436,-3.2767818,True,False,False,-0.769888015,2.5503787498840333,1.7240332239944456,False,point_median
PRIOR_0003970,QPTNSSI,0.23768711,producible_prior,-2.3126917,-1.4863461,-2.3126917,True,False,False,-0.769888015,2.5503787498840333,1.7240332239944456,False,point_median
PRIOR_0003971,ICKHKME,-0.42001867,producible_prior,-2.9703975,-2.144052,-2.9703975,True,False,False,-0.769888015,2.5503787498840333,1.7240332239944456,False,point_median
PRIOR_0003972,KVVNAKL,0.53990746,producible_prior,-2.0104713,-1.1841258,-2.0104713,True,False,False,-0.769888015,2.5503787498840333,1.7240332239944456,False,point_median
PRIOR_0003973,GRDPGTL,0.1065619,producible_prior,-2.443817,-1.6174713,-2.443817,True,False,False,-0.769888015,2.5503787498840333,1.7240332239944456,False,point_median
PRIOR_0003974,GMAFTGG,-0.473956,producible_prior,-3.024335,-2.1979892,-3.024335,True,False,False,-0.769888015,2.5503787498840333,1.7240332239944456,False,point_median
PRIOR_0003975,HGVSRHR,0.45970607,producible_prior,-2.0906727,-1.2643272,-2.0906727,True,False,False,-0.769888015,2.5503787498840333,1.7240332239944456,False,point_median
PRIOR_0003976,HRQTVGA,1.0868025,producible_prior,-1.4635763,-0.63723075,-1.4635763,True,True,False,-0.769888015,2.5503787498840333,1.7240332239944456,False,point_median
PRIOR_0003977,LSNTRRM,0.7763939,producible_prior,-1.7739849,-0.94763935,-1.7739849,True,False,False,-0.769888015,2.5503787498840333,1.7240332239944456,False,point_median
PRIOR_0003978,ETPRPQS,0.20654082,producible_prior,-2.343838,-1.5174924,-2.343838,True,False,False,-0.769888015,2.5503787498840333,1.7240332239944456,False,point_median
PRIOR_0003979,NSMNASH,-0.7373711,producible_prior,-3.2877498,-2.4614043,-3.2877498,True,False,False,-0.769888015,2.5503787498840333,1.7240332239944456,False,point_median
PRIOR_0003980,RIIKRRW,0.040504932,producible_prior,-2.5098739,-1.6835283,-2.5098739,True,False,False,-0.769888015,2.5503787498840333,1.7240332239944456,False,point_median
PRIOR_0003981,SLKFPTA,0.027270794,producible_prior,-2.523108,-1.6967624,-2.523108,True,False,False,-0.769888015,2.5503787498840333,1.7240332239944456,False,point_median
PRIOR_0003982,PFHDGVK,-0.7608547,producible_prior,-3.3112335,-2.484888,-3.3112335,True,False,False,-0.769888015,2.5503787498840333,1.7240332239944456,False,point_median
PRIOR_0003983,GALHNGM,-0.6795242,producible_prior,-3.229903,-2.4035573,-3.229903,True,False,False,-0.769888015,2.5503787498840333,1.7240332239944456,False,point_median
PRIOR_0003984,QLNHRDA,0.5285897,producible_prior,-2.021789,-1.1954435,-2.021789,True,False,False,-0.769888015,2.5503787498840333,1.7240332239944456,False,point_median
PRIOR_0003985,TAPTMRM,0.24535894,producible_prior,-2.3050199,-1.4786743,-2.3050199,True,False,False,-0.769888015,2.5503787498840333,1.7240332239944456,False,point_median
PRIOR_0003986,ERTDQMR,-0.60056615,producible_prior,-3.150945,-2.3245993,-3.150945,True,False,False,-0.769888015,2.5503787498840333,1.7240332239944456,False,point_median
PRIOR_0003987,WKVKIIR,-0.061444998,producible_prior,-2.6118238,-1.7854782,-2.6118238,True,False,False,-0.769888015,2.5503787498840333,1.7240332239944456,False,point_median
PRIOR_0003988,NRGWVEA,-0.60726,producible_prior,-3.1576388,-2.331293,-3.1576388,True,False,False,-0.769888015,2.5503787498840333,1.7240332239944456,False,point_median
PRIOR_0003989,IHGRFRR,0.3432212,producible_prior,-2.2071576,-1.380812,-2.2071576,True,False,False,-0.769888015,2.5503787498840333,1.7240332239944456,False,point_median
PRIOR_0003990,AWQGQAG,-0.48912418,producible_prior,-3.039503,-2.2131574,-3.039503,True,False,False,-0.769888015,2.5503787498840333,1.7240332239944456,False,point_median
PRIOR_0003991,LGEQSNM,-0.46354914,producible_prior,-3.013928,-2.1875825,-3.013928,True,False,False,-0.769888015,2.5503787498840333,1.7240332239944456,False,point_median
PRIOR_0003992,SHPKNDY,-0.11129856,producible_prior,-2.6616774,-1.8353318,-2.6616774,True,False,False,-0.769888015,2.5503787498840333,1.7240332239944456,False,point_median
PRIOR_0003993,RRVTYDE,-0.4715098,producible_prior,-3.0218887,-2.195543,-3.0218887,True,False,False,-0.769888015,2.5503787498840333,1.7240332239944456,False,point_median
PRIOR_0003994,GMSQAPS,0.07264829,producible_prior,-2.4777305,-1.651385,-2.4777305,True,False,False,-0.769888015,2.5503787498840333,1.7240332239944456,False,point_median
PRIOR_0003995,NSNIKCA,-0.7482996,producible_prior,-3.2986784,-2.472333,-3.2986784,True,False,False,-0.769888015,2.5503787498840333,1.7240332239944456,False,point_median
PRIOR_0003996,EERPLKT,-0.62461376,producible_prior,-3.1749926,-2.348647,-3.1749926,True,False,False,-0.769888015,2.5503787498840333,1.7240332239944456,False,point_median
PRIOR_0003997,AGPPIQE,-0.07560086,producible_prior,-2.6259797,-1.7996341,-2.6259797,True,False,False,-0.769888015,2.5503787498840333,1.7240332239944456,False,point_median
PRIOR_0003998,HNTMQSV,-0.55833066,producible_prior,-3.1087093,-2.282364,-3.1087093,True,False,False,-0.769888015,2.5503787498840333,1.7240332239944456,False,point_median
PRIOR_0003999,KPGAPQN,0.6835437,producible_prior,-1.8668351,-1.0404896,-1.8668351,True,False,False,-0.769888015,2.5503787498840333,1.7240332239944456,False,point_median
PRIOR_0004000,HQRNKAF,0.9119923,producible_prior,-1.6383865,-0.8120409,-1.6383865,True,False,False,-0.769888015,2.5503787498840333,1.7240332239944456,False,point_median
PRIOR_0004001,LFKRAQW,-0.38223255,producible_prior,-2.9326115,-2.1062658,-2.9326115,True,False,False,-0.769888015,2.5503787498840333,1.7240332239944456,False,point_median
PRIOR_0004002,KKLGGYR,0.42032266,producible_prior,-2.1300561,-1.3037106,-2.1300561,True,False,False,-0.769888015,2.5503787498840333,1.7240332239944456,False,point_median
PRIOR_0004003,RPQERLI,0.23965573,producible_prior,-2.310723,-1.4843775,-2.310723,True,False,False,-0.769888015,2.5503787498840333,1.7240332239944456,False,point_median
PRIOR_0004004,RITKQKC,0.23628187,producible_prior,-2.314097,-1.4877514,-2.314097,True,False,False,-0.769888015,2.5503787498840333,1.7240332239944456,False,point_median
PRIOR_0004005,PAKKIVT,0.6550226,producible_prior,-1.8953562,-1.0690106,-1.8953562,True,False,False,-0.769888015,2.5503787498840333,1.7240332239944456,False,point_median
PRIOR_0004006,GTTKVYR,-0.2111907,producible_prior,-2.7615695,-1.9352239,-2.7615695,True,False,False,-0.769888015,2.5503787498840333,1.7240332239944456,False,point_median
PRIOR_0004007,DVKKMND,0.51775646,producible_prior,-2.0326223,-1.2062768,-2.0326223,True,False,False,-0.769888015,2.5503787498840333,1.7240332239944456,False,point_median
PRIOR_0004008,GARISVE,0.38432765,producible_prior,-2.1660511,-1.3397056,-2.1660511,True,False,False,-0.769888015,2.5503787498840333,1.7240332239944456,False,point_median
PRIOR_0004009,KQTMGVN,-0.5622146,producible_prior,-3.1125934,-2.2862477,-3.1125934,True,False,False,-0.769888015,2.5503787498840333,1.7240332239944456,False,point_median
PRIOR_0004010,AAGREEA,0.6458564,producible_prior,-1.9045224,-1.0781769,-1.9045224,True,False,False,-0.769888015,2.5503787498840333,1.7240332239944456,False,point_median
PRIOR_0004011,TKERQEF,0.36288548,producible_prior,-2.1874933,-1.3611478,-2.1874933,True,False,False,-0.769888015,2.5503787498840333,1.7240332239944456,False,point_median
PRIOR_0004012,AQSPTVM,-0.44034755,producible_prior,-2.9907265,-2.1643808,-2.9907265,True,False,False,-0.769888015,2.5503787498840333,1.7240332239944456,False,point_median
PRIOR_0004013,GLANGVE,0.051579237,producible_prior,-2.4987996,-1.672454,-2.4987996,True,False,False,-0.769888015,2.5503787498840333,1.7240332239944456,False,point_median
PRIOR_0004014,KMMRKNS,1.1145926,producible_prior,-1.4357862,-0.6094407,-1.4357862,True,True,False,-0.769888015,2.5503787498840333,1.7240332239944456,False,point_median
PRIOR_0004015,SPSPKNR,1.2116532,producible_prior,-1.3387256,-0.51238,-1.3387256,True,True,False,-0.769888015,2.5503787498840333,1.7240332239944456,False,point_median
PRIOR_0004016,HDKRDTM,0.090450525,producible_prior,-2.4599283,-1.6335827,-2.4599283,True,False,False,-0.769888015,2.5503787498840333,1.7240332239944456,False,point_median
PRIOR_0004017,LHHSYPK,-0.67736423,producible_prior,-3.2277431,-2.4013975,-3.2277431,True,False,False,-0.769888015,2.5503787498840333,1.7240332239944456,False,point_median
PRIOR_0004018,GKNYPKV,0.7020364,producible_prior,-1.8483424,-1.0219969,-1.8483424,True,False,False,-0.769888015,2.5503787498840333,1.7240332239944456,False,point_median
PRIOR_0004019,HYRRRKY,0.9438381,producible_prior,-1.6065407,-0.7801951,-1.6065407,True,False,False,-0.769888015,2.5503787498840333,1.7240332239944456,False,point_median
PRIOR_0004020,NRNITIR,0.18242359,producible_prior,-2.3679552,-1.5416096,-2.3679552,True,False,False,-0.769888015,2.5503787498840333,1.7240332239944456,False,point_median
PRIOR_0004021,RDHRGPW,-0.40354216,producible_prior,-2.9539208,-2.1275754,-2.9539208,True,False,False,-0.769888015,2.5503787498840333,1.7240332239944456,False,point_median
PRIOR_0004022,EGGDRAK,0.31613207,producible_prior,-2.2342467,-1.4079012,-2.2342467,True,False,False,-0.769888015,2.5503787498840333,1.7240332239944456,False,point_median
PRIOR_0004023,SMAVKMM,-0.3266362,producible_prior,-2.877015,-2.0506694,-2.877015,True,False,False,-0.769888015,2.5503787498840333,1.7240332239944456,False,point_median
PRIOR_0004024,QQNPQAM,-0.11971307,producible_prior,-2.6700919,-1.8437463,-2.6700919,True,False,False,-0.769888015,2.5503787498840333,1.7240332239944456,False,point_median
PRIOR_0004025,FIPKDQH,-0.31986928,producible_prior,-2.870248,-2.0439024,-2.870248,True,False,False,-0.769888015,2.5503787498840333,1.7240332239944456,False,point_median
PRIOR_0004026,IMRPSDK,0.27039218,producible_prior,-2.2799866,-1.453641,-2.2799866,True,False,False,-0.769888015,2.5503787498840333,1.7240332239944456,False,point_median
PRIOR_0004027,GAVKVKR,1.2979827,producible_prior,-1.2523961,-0.42605054,-1.2523961,True,True,False,-0.769888015,2.5503787498840333,1.7240332239944456,False,point_median
PRIOR_0004028,NPDSSDI,-0.6226492,producible_prior,-3.173028,-2.3466825,-3.173028,True,False,False,-0.769888015,2.5503787498840333,1.7240332239944456,False,point_median
PRIOR_0004029,VHMTHEK,-0.720521,producible_prior,-3.2708998,-2.4445543,-3.2708998,True,False,False,-0.769888015,2.5503787498840333,1.7240332239944456,False,point_median
PRIOR_0004030,RFAKQCE,-0.52183306,producible_prior,-3.0722117,-2.2458663,-3.0722117,True,False,False,-0.769888015,2.5503787498840333,1.7240332239944456,False,point_median
PRIOR_0004031,AFTGLKI,-0.32973552,producible_prior,-2.8801143,-2.0537686,-2.8801143,True,False,False,-0.769888015,2.5503787498840333,1.7240332239944456,False,point_median
PRIOR_0004032,RFEGKGV,0.87091637,producible_prior,-1.6794624,-0.85311687,-1.6794624,True,False,False,-0.769888015,2.5503787498840333,1.7240332239944456,False,point_median
PRIOR_0004033,DTPGDNK,-0.44512987,producible_prior,-2.9955087,-2.1691632,-2.9955087,True,False,False,-0.769888015,2.5503787498840333,1.7240332239944456,False,point_median
PRIOR_0004034,NFPNKDS,0.31116557,producible_prior,-2.2392132,-1.4128677,-2.2392132,True,False,False,-0.769888015,2.5503787498840333,1.7240332239944456,False,point_median
PRIOR_0004035,HPDIPHG,-0.44123626,producible_prior,-2.991615,-2.1652694,-2.991615,True,False,False,-0.769888015,2.5503787498840333,1.7240332239944456,False,point_median
PRIOR_0004036,LSNVGME,-0.19084716,producible_prior,-2.741226,-1.9148804,-2.741226,True,False,False,-0.769888015,2.5503787498840333,1.7240332239944456,False,point_median
PRIOR_0004037,NHPGLKR,0.9505861,producible_prior,-1.5997927,-0.77344716,-1.5997927,True,False,False,-0.769888015,2.5503787498840333,1.7240332239944456,False,point_median
PRIOR_0004038,RRPRTEF,1.3478537,producible_prior,-1.2025251,-0.37617958,-1.2025251,True,True,False,-0.769888015,2.5503787498840333,1.7240332239944456,False,point_median
PRIOR_0004039,CVEQKAS,-0.71253204,producible_prior,-3.2629108,-2.4365654,-3.2629108,True,False,False,-0.769888015,2.5503787498840333,1.7240332239944456,False,point_median
PRIOR_0004040,YGNNRKR,1.7372091,producible_prior,-0.8131697,0.013175845,-0.8131697,True,True,False,-0.769888015,2.5503787498840333,1.7240332239944456,False,point_median
PRIOR_0004041,QPPDRPK,0.7379999,producible_prior,-1.8123789,-0.9860333,-1.8123789,True,False,False,-0.769888015,2.5503787498840333,1.7240332239944456,False,point_median
PRIOR_0004042,PKRILGY,-0.40379786,producible_prior,-2.9541767,-2.127831,-2.9541767,True,False,False,-0.769888015,2.5503787498840333,1.7240332239944456,False,point_median
PRIOR_0004043,IVKPDMK,-0.014831543,producible_prior,-2.5652103,-1.7388648,-2.5652103,True,False,False,-0.769888015,2.5503787498840333,1.7240332239944456,False,point_median
PRIOR_0004044,REYHIRA,-0.38139057,producible_prior,-2.9317694,-2.105424,-2.9317694,True,False,False,-0.769888015,2.5503787498840333,1.7240332239944456,False,point_median
PRIOR_0004045,KQTQQML,-0.035861492,producible_prior,-2.5862403,-1.7598947,-2.5862403,True,False,False,-0.769888015,2.5503787498840333,1.7240332239944456,False,point_median
PRIOR_0004046,TPESREM,0.06641126,producible_prior,-2.4839675,-1.657622,-2.4839675,True,False,False,-0.769888015,2.5503787498840333,1.7240332239944456,False,point_median
PRIOR_0004047,FGKTIVA,0.62514806,producible_prior,-1.9252307,-1.0988852,-1.9252307,True,False,False,-0.769888015,2.5503787498840333,1.7240332239944456,False,point_median
PRIOR_0004048,NTKEQYK,-0.24905133,producible_prior,-2.7994301,-1.9730846,-2.7994301,True,False,False,-0.769888015,2.5503787498840333,1.7240332239944456,False,point_median
PRIOR_0004049,RTYHNRV,0.14573812,producible_prior,-2.4046407,-1.5782951,-2.4046407,True,False,False,-0.769888015,2.5503787498840333,1.7240332239944456,False,point_median
PRIOR_0004050,GSERKYR,0.11859012,producible_prior,-2.4317887,-1.6054431,-2.4317887,True,False,False,-0.769888015,2.5503787498840333,1.7240332239944456,False,point_median
PRIOR_0004051,FKNMNST,-0.19931841,producible_prior,-2.7496972,-1.9233516,-2.7496972,True,False,False,-0.769888015,2.5503787498840333,1.7240332239944456,False,point_median
PRIOR_0004052,ENKHIHG,0.4507141,producible_prior,-2.0996647,-1.2733191,-2.0996647,True,False,False,-0.769888015,2.5503787498840333,1.7240332239944456,False,point_median
PRIOR_0004053,DHARAAE,0.12277508,producible_prior,-2.4276037,-1.6012582,-2.4276037,True,False,False,-0.769888015,2.5503787498840333,1.7240332239944456,False,point_median
PRIOR_0004054,EKASRAA,1.260222,producible_prior,-1.2901568,-0.46381128,-1.2901568,True,True,False,-0.769888015,2.5503787498840333,1.7240332239944456,False,point_median
PRIOR_0004055,SNYTTSV,-0.72297347,producible_prior,-3.2733521,-2.4470067,-3.2733521,True,False,False,-0.769888015,2.5503787498840333,1.7240332239944456,False,point_median
PRIOR_0004056,MGLKHQH,-0.017714024,producible_prior,-2.5680928,-1.7417473,-2.5680928,True,False,False,-0.769888015,2.5503787498840333,1.7240332239944456,False,point_median
PRIOR_0004057,INGVPPT,-0.29886973,producible_prior,-2.8492484,-2.022903,-2.8492484,True,False,False,-0.769888015,2.5503787498840333,1.7240332239944456,False,point_median
PRIOR_0004058,HIPNLAK,-0.14703321,producible_prior,-2.697412,-1.8710665,-2.697412,True,False,False,-0.769888015,2.5503787498840333,1.7240332239944456,False,point_median
PRIOR_0004059,RHQFATN,-0.7572454,producible_prior,-3.3076243,-2.4812787,-3.3076243,True,False,False,-0.769888015,2.5503787498840333,1.7240332239944456,False,point_median
PRIOR_0004060,TQMEGSS,-0.60924566,producible_prior,-3.1596246,-2.333279,-3.1596246,True,False,False,-0.769888015,2.5503787498840333,1.7240332239944456,False,point_median
PRIOR_0004061,YTGNTSH,0.10893011,producible_prior,-2.4414487,-1.6151031,-2.4414487,True,False,False,-0.769888015,2.5503787498840333,1.7240332239944456,False,point_median
PRIOR_0004062,QQKLAVR,0.32284617,producible_prior,-2.2275326,-1.4011871,-2.2275326,True,False,False,-0.769888015,2.5503787498840333,1.7240332239944456,False,point_median
PRIOR_0004063,TKMFRVV,-0.30642056,producible_prior,-2.8567994,-2.0304537,-2.8567994,True,False,False,-0.769888015,2.5503787498840333,1.7240332239944456,False,point_median
PRIOR_0004064,IKNSMQP,1.1097896,producible_prior,-1.4405892,-0.6142436,-1.4405892,True,True,False,-0.769888015,2.5503787498840333,1.7240332239944456,False,point_median
PRIOR_0004065,KIPAHGA,0.9893451,producible_prior,-1.5610337,-0.73468816,-1.5610337,True,True,False,-0.769888015,2.5503787498840333,1.7240332239944456,False,point_median
PRIOR_0004066,KMNYGLG,-0.40045333,producible_prior,-2.9508321,-2.1244864,-2.9508321,True,False,False,-0.769888015,2.5503787498840333,1.7240332239944456,False,point_median
PRIOR_0004067,SNGSVDG,0.5036764,producible_prior,-2.0467024,-1.2203568,-2.0467024,True,False,False,-0.769888015,2.5503787498840333,1.7240332239944456,False,point_median
PRIOR_0004068,PSRWSKV,-0.375939,producible_prior,-2.9263177,-2.0999722,-2.9263177,True,False,False,-0.769888015,2.5503787498840333,1.7240332239944456,False,point_median
PRIOR_0004069,DVHQSAV,-0.44949853,producible_prior,-2.9998775,-2.1735318,-2.9998775,True,False,False,-0.769888015,2.5503787498840333,1.7240332239944456,False,point_median
PRIOR_0004070,YKDDVKH,0.20955753,producible_prior,-2.3408213,-1.5144757,-2.3408213,True,False,False,-0.769888015,2.5503787498840333,1.7240332239944456,False,point_median
PRIOR_0004071,RTPDRHK,1.0950689,producible_prior,-1.4553099,-0.6289643,-1.4553099,True,True,False,-0.769888015,2.5503787498840333,1.7240332239944456,False,point_median
PRIOR_0004072,KHTPRTY,0.25079322,producible_prior,-2.2995856,-1.47324,-2.2995856,True,False,False,-0.769888015,2.5503787498840333,1.7240332239944456,False,point_median
PRIOR_0004073,VTPSGRG,1.3916733,producible_prior,-1.1587055,-0.3323599,-1.1587055,True,True,False,-0.769888015,2.5503787498840333,1.7240332239944456,False,point_median
PRIOR_0004074,TPIIKTV,-0.16459274,producible_prior,-2.7149715,-1.888626,-2.7149715,True,False,False,-0.769888015,2.5503787498840333,1.7240332239944456,False,point_median
PRIOR_0004075,PNIGTMG,-0.33635008,producible_prior,-2.8867288,-2.0603833,-2.8867288,True,False,False,-0.769888015,2.5503787498840333,1.7240332239944456,False,point_median
PRIOR_0004076,AVTAGKE,0.8517034,producible_prior,-1.6986754,-0.87232983,-1.6986754,True,False,False,-0.769888015,2.5503787498840333,1.7240332239944456,False,point_median
PRIOR_0004077,PKMAVSI,-0.454134,producible_prior,-3.0045128,-2.1781673,-3.0045128,True,False,False,-0.769888015,2.5503787498840333,1.7240332239944456,False,point_median
PRIOR_0004078,RSVIPTA,-0.10420966,producible_prior,-2.6545885,-1.8282429,-2.6545885,True,False,False,-0.769888015,2.5503787498840333,1.7240332239944456,False,point_median
PRIOR_0004079,KRLAQAP,0.9417329,producible_prior,-1.6086459,-0.78230035,-1.6086459,True,False,False,-0.769888015,2.5503787498840333,1.7240332239944456,False,point_median
PRIOR_0004080,QQAGIID,-0.6545441,producible_prior,-3.204923,-2.3785772,-3.204923,True,False,False,-0.769888015,2.5503787498840333,1.7240332239944456,False,point_median
PRIOR_0004081,ATLPRGM,-0.7665818,producible_prior,-3.3169606,-2.490615,-3.3169606,True,False,False,-0.769888015,2.5503787498840333,1.7240332239944456,False,point_median
PRIOR_0004082,VIVKQRS,0.6745324,producible_prior,-1.8758464,-1.0495008,-1.8758464,True,False,False,-0.769888015,2.5503787498840333,1.7240332239944456,False,point_median
PRIOR_0004083,KNNDLGA,0.49164844,producible_prior,-2.0587304,-1.2323848,-2.0587304,True,False,False,-0.769888015,2.5503787498840333,1.7240332239944456,False,point_median
PRIOR_0004084,LRSMPQM,-0.25426483,producible_prior,-2.8046436,-1.9782981,-2.8046436,True,False,False,-0.769888015,2.5503787498840333,1.7240332239944456,False,point_median
PRIOR_0004085,YRINKPT,0.26540995,producible_prior,-2.2849689,-1.4586233,-2.2849689,True,False,False,-0.769888015,2.5503787498840333,1.7240332239944456,False,point_median
PRIOR_0004086,RQNHPFG,0.31248093,producible_prior,-2.2378979,-1.4115523,-2.2378979,True,False,False,-0.769888015,2.5503787498840333,1.7240332239944456,False,point_median
PRIOR_0004087,LEQGGKR,0.938251,producible_prior,-1.6121278,-0.7857822,-1.6121278,True,False,False,-0.769888015,2.5503787498840333,1.7240332239944456,False,point_median
PRIOR_0004088,PSQPTEK,-0.04588461,producible_prior,-2.5962634,-1.7699178,-2.5962634,True,False,False,-0.769888015,2.5503787498840333,1.7240332239944456,False,point_median
PRIOR_0004089,NQGMMQP,-0.44513905,producible_prior,-2.9955177,-2.1691723,-2.9955177,True,False,False,-0.769888015,2.5503787498840333,1.7240332239944456,False,point_median
PRIOR_0004090,QHNRPTF,-0.036738396,producible_prior,-2.5871172,-1.7607716,-2.5871172,True,False,False,-0.769888015,2.5503787498840333,1.7240332239944456,False,point_median
PRIOR_0004091,SVTKHYK,-0.06741309,producible_prior,-2.617792,-1.7914463,-2.617792,True,False,False,-0.769888015,2.5503787498840333,1.7240332239944456,False,point_median
PRIOR_0004092,RPNNPVG,1.3357363,producible_prior,-1.2146425,-0.38829696,-1.2146425,True,True,False,-0.769888015,2.5503787498840333,1.7240332239944456,False,point_median
PRIOR_0004093,NMRWQKI,-0.7479336,producible_prior,-3.2983124,-2.4719667,-3.2983124,True,False,False,-0.769888015,2.5503787498840333,1.7240332239944456,False,point_median
PRIOR_0004094,TEKLQIM,-0.7681179,producible_prior,-3.3184967,-2.4921513,-3.3184967,True,False,False,-0.769888015,2.5503787498840333,1.7240332239944456,False,point_median
PRIOR_0004095,SGKVREE,1.517267,producible_prior,-1.0331118,-0.20676625,-1.0331118,True,True,False,-0.769888015,2.5503787498840333,1.7240332239944456,False,point_median
PRIOR_0004096,RKIKSIH,1.1702528,producible_prior,-1.380126,-0.55378044,-1.380126,True,True,False,-0.769888015,2.5503787498840333,1.7240332239944456,False,point_median
PRIOR_0004097,NRIPQMA,-0.10030222,producible_prior,-2.650681,-1.8243355,-2.650681,True,False,False,-0.769888015,2.5503787498840333,1.7240332239944456,False,point_median
PRIOR_0004098,WPAERER,-0.43710637,producible_prior,-2.9874852,-2.1611395,-2.9874852,True,False,False,-0.769888015,2.5503787498840333,1.7240332239944456,False,point_median
PRIOR_0004099,EENKRGE,0.569746,producible_prior,-1.9806328,-1.1542872,-1.9806328,True,False,False,-0.769888015,2.5503787498840333,1.7240332239944456,False,point_median
PRIOR_0004100,RLMLKRQ,-0.608932,producible_prior,-3.1593108,-2.3329654,-3.1593108,True,False,False,-0.769888015,2.5503787498840333,1.7240332239944456,False,point_median
PRIOR_0004101,APEPATH,-0.65835536,producible_prior,-3.208734,-2.3823886,-3.208734,True,False,False,-0.769888015,2.5503787498840333,1.7240332239944456,False,point_median
PRIOR_0004102,LTPNDAG,-0.0032827854,producible_prior,-2.5536616,-1.727316,-2.5536616,True,False,False,-0.769888015,2.5503787498840333,1.7240332239944456,False,point_median
PRIOR_0004103,CAQGGPM,-0.76526356,producible_prior,-3.3156424,-2.489297,-3.3156424,True,False,False,-0.769888015,2.5503787498840333,1.7240332239944456,False,point_median
PRIOR_0004104,MFGVTGE,-0.25162172,producible_prior,-2.8020005,-1.975655,-2.8020005,True,False,False,-0.769888015,2.5503787498840333,1.7240332239944456,False,point_median
PRIOR_0004105,RAPMRID,0.076896906,producible_prior,-2.473482,-1.6471363,-2.473482,True,False,False,-0.769888015,2.5503787498840333,1.7240332239944456,False,point_median
PRIOR_0004106,NKKAGFH,0.98137283,producible_prior,-1.569006,-0.7426604,-1.569006,True,True,False,-0.769888015,2.5503787498840333,1.7240332239944456,False,point_median
PRIOR_0004107,NNRLAPT,-0.1862328,producible_prior,-2.7366116,-1.910266,-2.7366116,True,False,False,-0.769888015,2.5503787498840333,1.7240332239944456,False,point_median
PRIOR_0004108,KKQKKVW,1.7783599,producible_prior,-0.7720189,0.054326653,-0.7720189,True,True,False,-0.769888015,2.5503787498840333,1.7240332239944456,False,point_median
PRIOR_0004109,GSMTRGH,-0.18326473,producible_prior,-2.7336435,-1.907298,-2.7336435,True,False,False,-0.769888015,2.5503787498840333,1.7240332239944456,False,point_median
PRIOR_0004110,KENVAPG,0.73609066,producible_prior,-1.8142881,-0.9879426,-1.8142881,True,False,False,-0.769888015,2.5503787498840333,1.7240332239944456,False,point_median
PRIOR_0004111,VKNKEQE,1.6757264,producible_prior,-0.8746524,-0.048306823,-0.8746524,True,True,False,-0.769888015,2.5503787498840333,1.7240332239944456,False,point_median
PRIOR_0004112,FVEHRGV,-0.24537468,producible_prior,-2.7957535,-1.9694079,-2.7957535,True,False,False,-0.769888015,2.5503787498840333,1.7240332239944456,False,point_median
PRIOR_0004113,TPLTMKE,-0.034595728,producible_prior,-2.5849745,-1.758629,-2.5849745,True,False,False,-0.769888015,2.5503787498840333,1.7240332239944456,False,point_median
PRIOR_0004114,HKAYKIF,-0.63150275,producible_prior,-3.1818814,-2.355536,-3.1818814,True,False,False,-0.769888015,2.5503787498840333,1.7240332239944456,False,point_median
PRIOR_0004115,IQAPKHI,0.28781843,producible_prior,-2.2625604,-1.4362148,-2.2625604,True,False,False,-0.769888015,2.5503787498840333,1.7240332239944456,False,point_median
PRIOR_0004116,PNRLAAG,0.45025063,producible_prior,-2.1001282,-1.2737826,-2.1001282,True,False,False,-0.769888015,2.5503787498840333,1.7240332239944456,False,point_median
PRIOR_0004117,GSAPDMP,-0.76440096,producible_prior,-3.3147798,-2.4884343,-3.3147798,True,False,False,-0.769888015,2.5503787498840333,1.7240332239944456,False,point_median
PRIOR_0004118,KFNKIQP,1.0832362,producible_prior,-1.4671426,-0.640797,-1.4671426,True,True,False,-0.769888015,2.5503787498840333,1.7240332239944456,False,point_median
PRIOR_0004119,KGAQVTE,0.82922864,producible_prior,-1.7211502,-0.8948046,-1.7211502,True,False,False,-0.769888015,2.5503787498840333,1.7240332239944456,False,point_median
PRIOR_0004120,RAGQPEW,-0.60216546,producible_prior,-3.1525443,-2.3261986,-3.1525443,True,False,False,-0.769888015,2.5503787498840333,1.7240332239944456,False,point_median
PRIOR_0004121,MRMNSGQ,-0.66553116,producible_prior,-3.21591,-2.3895645,-3.21591,True,False,False,-0.769888015,2.5503787498840333,1.7240332239944456,False,point_median
PRIOR_0004122,IGAKFRS,0.5542033,producible_prior,-1.9961755,-1.16983,-1.9961755,True,False,False,-0.769888015,2.5503787498840333,1.7240332239944456,False,point_median
PRIOR_0004123,ISKLAKW,-0.41792107,producible_prior,-2.9682999,-2.1419544,-2.9682999,True,False,False,-0.769888015,2.5503787498840333,1.7240332239944456,False,point_median
PRIOR_0004124,RVHITAR,0.40258265,producible_prior,-2.1477962,-1.3214506,-2.1477962,True,False,False,-0.769888015,2.5503787498840333,1.7240332239944456,False,point_median
PRIOR_0004125,TMQVALS,-0.55321074,producible_prior,-3.1035895,-2.277244,-3.1035895,True,False,False,-0.769888015,2.5503787498840333,1.7240332239944456,False,point_median
PRIOR_0004126,GQHVENA,0.08248353,producible_prior,-2.4678953,-1.6415497,-2.4678953,True,False,False,-0.769888015,2.5503787498840333,1.7240332239944456,False,point_median
PRIOR_0004127,PGHGLNI,-0.29997325,producible_prior,-2.850352,-2.0240064,-2.850352,True,False,False,-0.769888015,2.5503787498840333,1.7240332239944456,False,point_median
PRIOR_0004128,RIRTAFN,-0.4642911,producible_prior,-3.01467,-2.1883245,-3.01467,True,False,False,-0.769888015,2.5503787498840333,1.7240332239944456,False,point_median
PRIOR_0004129,HSRRKPH,1.8650937,producible_prior,-0.6852851,0.14106047,-0.6852851,True,True,True,-0.769888015,2.5503787498840333,1.7240332239944456,False,point_median
PRIOR_0004130,EGHSAAS,0.052211523,producible_prior,-2.4981673,-1.6718217,-2.4981673,True,False,False,-0.769888015,2.5503787498840333,1.7240332239944456,False,point_median
PRIOR_0004131,KAEHSKS,1.4209211,producible_prior,-1.1294577,-0.30311215,-1.1294577,True,True,False,-0.769888015,2.5503787498840333,1.7240332239944456,False,point_median
PRIOR_0004132,KEPNEAL,-0.3565712,producible_prior,-2.90695,-2.0806046,-2.90695,True,False,False,-0.769888015,2.5503787498840333,1.7240332239944456,False,point_median
PRIOR_0004133,GAHRGYH,-0.09998417,producible_prior,-2.650363,-1.8240174,-2.650363,True,False,False,-0.769888015,2.5503787498840333,1.7240332239944456,False,point_median
PRIOR_0004134,ATQAMMA,-0.451236,producible_prior,-3.0016148,-2.1752691,-3.0016148,True,False,False,-0.769888015,2.5503787498840333,1.7240332239944456,False,point_median
PRIOR_0004135,KVYNSMP,-0.39600003,producible_prior,-2.9463787,-2.1200333,-2.9463787,True,False,False,-0.769888015,2.5503787498840333,1.7240332239944456,False,point_median
PRIOR_0004136,DVMGTTA,-0.7180116,producible_prior,-3.2683904,-2.4420447,-3.2683904,True,False,False,-0.769888015,2.5503787498840333,1.7240332239944456,False,point_median
PRIOR_0004137,SLNAPPA,0.19652724,producible_prior,-2.3538516,-1.527506,-2.3538516,True,False,False,-0.769888015,2.5503787498840333,1.7240332239944456,False,point_median
PRIOR_0004138,DDKGINK,0.03481388,producible_prior,-2.515565,-1.6892194,-2.515565,True,False,False,-0.769888015,2.5503787498840333,1.7240332239944456,False,point_median
PRIOR_0004139,GLHTPHE,-0.09681368,producible_prior,-2.6471925,-1.8208469,-2.6471925,True,False,False,-0.769888015,2.5503787498840333,1.7240332239944456,False,point_median
PRIOR_0004140,HHTNHSV,0.03707099,producible_prior,-2.5133078,-1.6869622,-2.5133078,True,False,False,-0.769888015,2.5503787498840333,1.7240332239944456,False,point_median
PRIOR_0004141,PNRTIMK,0.11024785,producible_prior,-2.440131,-1.6137854,-2.440131,True,False,False,-0.769888015,2.5503787498840333,1.7240332239944456,False,point_median
PRIOR_0004142,MKRSLTC,-0.6289799,producible_prior,-3.1793587,-2.353013,-3.1793587,True,False,False,-0.769888015,2.5503787498840333,1.7240332239944456,False,point_median
PRIOR_0004143,KVAETER,0.16524434,producible_prior,-2.3851345,-1.5587889,-2.3851345,True,False,False,-0.769888015,2.5503787498840333,1.7240332239944456,False,point_median
PRIOR_0004144,WRGRQEL,0.40824056,producible_prior,-2.1421382,-1.3157927,-2.1421382,True,False,False,-0.769888015,2.5503787498840333,1.7240332239944456,False,point_median
PRIOR_0004145,CERHRHA,-0.04211998,producible_prior,-2.5924988,-1.7661532,-2.5924988,True,False,False,-0.769888015,2.5503787498840333,1.7240332239944456,False,point_median
PRIOR_0004146,SVRLSQQ,-0.6861992,producible_prior,-3.236578,-2.4102325,-3.236578,True,False,False,-0.769888015,2.5503787498840333,1.7240332239944456,False,point_median
PRIOR_0004147,LGHQHPI,-0.10665059,producible_prior,-2.6570294,-1.8306838,-2.6570294,True,False,False,-0.769888015,2.5503787498840333,1.7240332239944456,False,point_median
PRIOR_0004148,RERQKNF,0.9758282,producible_prior,-1.5745506,-0.74820507,-1.5745506,True,True,False,-0.769888015,2.5503787498840333,1.7240332239944456,False,point_median
PRIOR_0004149,SMALKRT,-0.06672835,producible_prior,-2.6171072,-1.7907616,-2.6171072,True,False,False,-0.769888015,2.5503787498840333,1.7240332239944456,False,point_median
PRIOR_0004150,IKHMNEG,0.6806717,producible_prior,-1.8697071,-1.0433615,-1.8697071,True,False,False,-0.769888015,2.5503787498840333,1.7240332239944456,False,point_median
PRIOR_0004151,DGKTAMM,0.015290737,producible_prior,-2.535088,-1.7087425,-2.535088,True,False,False,-0.769888015,2.5503787498840333,1.7240332239944456,False,point_median
PRIOR_0004152,IGDHDVK,-0.63369656,producible_prior,-3.1840754,-2.35773,-3.1840754,True,False,False,-0.769888015,2.5503787498840333,1.7240332239944456,False,point_median
PRIOR_0004153,LHKEARG,1.4268894,producible_prior,-1.1234894,-0.29714382,-1.1234894,True,True,False,-0.769888015,2.5503787498840333,1.7240332239944456,False,point_median
PRIOR_0004154,HFKWRQV,-0.641114,producible_prior,-3.1914928,-2.365147,-3.1914928,True,False,False,-0.769888015,2.5503787498840333,1.7240332239944456,False,point_median
PRIOR_0004155,GKYSGRV,0.8294482,producible_prior,-1.7209306,-0.894585,-1.7209306,True,False,False,-0.769888015,2.5503787498840333,1.7240332239944456,False,point_median
PRIOR_0004156,NLKDDMS,-0.6050316,producible_prior,-3.1554103,-2.3290648,-3.1554103,True,False,False,-0.769888015,2.5503787498840333,1.7240332239944456,False,point_median
PRIOR_0004157,GHKHINY,-0.14014268,producible_prior,-2.6905215,-1.8641759,-2.6905215,True,False,False,-0.769888015,2.5503787498840333,1.7240332239944456,False,point_median
PRIOR_0004158,AHRHTLN,-0.258703,producible_prior,-2.8090818,-1.9827362,-2.8090818,True,False,False,-0.769888015,2.5503787498840333,1.7240332239944456,False,point_median
PRIOR_0004159,SIRPAAP,0.6637814,producible_prior,-1.8865974,-1.0602518,-1.8865974,True,False,False,-0.769888015,2.5503787498840333,1.7240332239944456,False,point_median
PRIOR_0004160,AASMPQE,-0.56339014,producible_prior,-3.113769,-2.2874234,-3.113769,True,False,False,-0.769888015,2.5503787498840333,1.7240332239944456,False,point_median
PRIOR_0004161,VRQEHHI,-0.19495106,producible_prior,-2.7453299,-1.9189843,-2.7453299,True,False,False,-0.769888015,2.5503787498840333,1.7240332239944456,False,point_median
PRIOR_0004162,NSKPRGH,1.2977488,producible_prior,-1.25263,-0.42628443,-1.25263,True,True,False,-0.769888015,2.5503787498840333,1.7240332239944456,False,point_median
PRIOR_0004163,GKGRWNH,0.10825372,producible_prior,-2.442125,-1.6157795,-2.442125,True,False,False,-0.769888015,2.5503787498840333,1.7240332239944456,False,point_median
PRIOR_0004164,RHPSLRD,0.77307343,producible_prior,-1.7773054,-0.9509598,-1.7773054,True,False,False,-0.769888015,2.5503787498840333,1.7240332239944456,False,point_median
PRIOR_0004165,MDHALRK,-0.11874294,producible_prior,-2.6691217,-1.8427762,-2.6691217,True,False,False,-0.769888015,2.5503787498840333,1.7240332239944456,False,point_median
PRIOR_0004166,IKFGKKY,0.9384129,producible_prior,-1.6119659,-0.78562033,-1.6119659,True,False,False,-0.769888015,2.5503787498840333,1.7240332239944456,False,point_median
PRIOR_0004167,KTIRHPM,0.03250599,producible_prior,-2.5178728,-1.6915272,-2.5178728,True,False,False,-0.769888015,2.5503787498840333,1.7240332239944456,False,point_median
PRIOR_0004168,TIHGGLA,0.47962403,producible_prior,-2.0707548,-1.2444092,-2.0707548,True,False,False,-0.769888015,2.5503787498840333,1.7240332239944456,False,point_median
PRIOR_0004169,ALKVNSN,-0.06377077,producible_prior,-2.6141496,-1.787804,-2.6141496,True,False,False,-0.769888015,2.5503787498840333,1.7240332239944456,False,point_median
PRIOR_0004170,DNGGEPA,0.019160748,producible_prior,-2.531218,-1.7048725,-2.531218,True,False,False,-0.769888015,2.5503787498840333,1.7240332239944456,False,point_median
PRIOR_0004171,GAKMSQA,1.0037963,producible_prior,-1.5465825,-0.7202369,-1.5465825,True,True,False,-0.769888015,2.5503787498840333,1.7240332239944456,False,point_median
PRIOR_0004172,PAIRNES,-0.35100198,producible_prior,-2.9013808,-2.075035,-2.9013808,True,False,False,-0.769888015,2.5503787498840333,1.7240332239944456,False,point_median
PRIOR_0004173,ADGYKQA,-0.27805984,producible_prior,-2.8284388,-2.002093,-2.8284388,True,False,False,-0.769888015,2.5503787498840333,1.7240332239944456,False,point_median
PRIOR_0004174,SFTPDKE,-0.441231,producible_prior,-2.9916098,-2.1652641,-2.9916098,True,False,False,-0.769888015,2.5503787498840333,1.7240332239944456,False,point_median
PRIOR_0004175,TSRDMPV,-0.07685995,producible_prior,-2.6272388,-1.8008932,-2.6272388,True,False,False,-0.769888015,2.5503787498840333,1.7240332239944456,False,point_median
PRIOR_0004176,TYRRGTQ,0.06329775,producible_prior,-2.487081,-1.6607355,-2.487081,True,False,False,-0.769888015,2.5503787498840333,1.7240332239944456,False,point_median
PRIOR_0004177,MKKQQTY,0.9833987,producible_prior,-1.5669801,-0.74063456,-1.5669801,True,True,False,-0.769888015,2.5503787498840333,1.7240332239944456,False,point_median
PRIOR_0004178,WNSHNQT,-0.4902134,producible_prior,-3.0405922,-2.2142467,-3.0405922,True,False,False,-0.769888015,2.5503787498840333,1.7240332239944456,False,point_median
PRIOR_0004179,NELTGSG,-0.45989573,producible_prior,-3.0102744,-2.183929,-3.0102744,True,False,False,-0.769888015,2.5503787498840333,1.7240332239944456,False,point_median
PRIOR_0004180,TLRGPFS,-0.023319244,producible_prior,-2.573698,-1.7473525,-2.573698,True,False,False,-0.769888015,2.5503787498840333,1.7240332239944456,False,point_median
PRIOR_0004181,NRQYGIR,-0.43960047,producible_prior,-2.9899793,-2.1636338,-2.9899793,True,False,False,-0.769888015,2.5503787498840333,1.7240332239944456,False,point_median
PRIOR_0004182,MAPERIG,0.25227833,producible_prior,-2.2981005,-1.4717549,-2.2981005,True,False,False,-0.769888015,2.5503787498840333,1.7240332239944456,False,point_median
PRIOR_0004183,GGKGRQP,2.5498762,producible_prior,-0.00050258636,0.825843,-0.00050258636,True,True,True,-0.769888015,2.5503787498840333,1.7240332239944456,False,point_median
PRIOR_0004184,TNDHDQR,-0.4523487,producible_prior,-3.0027275,-2.176382,-3.0027275,True,False,False,-0.769888015,2.5503787498840333,1.7240332239944456,False,point_median
PRIOR_0004185,RRAPEYG,0.2906835,producible_prior,-2.2596953,-1.4333497,-2.2596953,True,False,False,-0.769888015,2.5503787498840333,1.7240332239944456,False,point_median
PRIOR_0004186,STKKCAV,-0.5442306,producible_prior,-3.0946093,-2.2682638,-3.0946093,True,False,False,-0.769888015,2.5503787498840333,1.7240332239944456,False,point_median
PRIOR_0004187,PNHDKGN,-0.12635255,producible_prior,-2.6767313,-1.8503858,-2.6767313,True,False,False,-0.769888015,2.5503787498840333,1.7240332239944456,False,point_median
PRIOR_0004188,TYGHTNG,0.36100245,producible_prior,-2.1893764,-1.3630308,-2.1893764,True,False,False,-0.769888015,2.5503787498840333,1.7240332239944456,False,point_median
PRIOR_0004189,TNHRPSP,1.2411087,producible_prior,-1.3092701,-0.48292458,-1.3092701,True,True,False,-0.769888015,2.5503787498840333,1.7240332239944456,False,point_median
PRIOR_0004190,HKMSGYP,-0.32797992,producible_prior,-2.8783588,-2.0520132,-2.8783588,True,False,False,-0.769888015,2.5503787498840333,1.7240332239944456,False,point_median
PRIOR_0004191,FHSHISM,-0.761799,producible_prior,-3.3121777,-2.4858322,-3.3121777,True,False,False,-0.769888015,2.5503787498840333,1.7240332239944456,False,point_median
PRIOR_0004192,IEAGKTL,0.15250897,producible_prior,-2.3978698,-1.5715243,-2.3978698,True,False,False,-0.769888015,2.5503787498840333,1.7240332239944456,False,point_median
PRIOR_0004193,LVNVGPI,-0.34375787,producible_prior,-2.8941367,-2.067791,-2.8941367,True,False,False,-0.769888015,2.5503787498840333,1.7240332239944456,False,point_median
PRIOR_0004194,EHHEKQL,-0.51838017,producible_prior,-3.068759,-2.2424135,-3.068759,True,False,False,-0.769888015,2.5503787498840333,1.7240332239944456,False,point_median
PRIOR_0004195,GAANPRY,-0.17812586,producible_prior,-2.7285047,-1.9021591,-2.7285047,True,False,False,-0.769888015,2.5503787498840333,1.7240332239944456,False,point_median
PRIOR_0004196,FFPHKTS,0.31727982,producible_prior,-2.233099,-1.4067534,-2.233099,True,False,False,-0.769888015,2.5503787498840333,1.7240332239944456,False,point_median
PRIOR_0004197,GFVKQQQ,-0.74200845,producible_prior,-3.2923872,-2.4660416,-3.2923872,True,False,False,-0.769888015,2.5503787498840333,1.7240332239944456,False,point_median
PRIOR_0004198,INTHDMR,-0.73118186,producible_prior,-3.2815607,-2.455215,-3.2815607,True,False,False,-0.769888015,2.5503787498840333,1.7240332239944456,False,point_median
PRIOR_0004199,PKREADR,0.7314904,producible_prior,-1.8188884,-0.99254286,-1.8188884,True,False,False,-0.769888015,2.5503787498840333,1.7240332239944456,False,point_median
PRIOR_0004200,KTRQLTI,0.6478188,producible_prior,-1.90256,-1.0762144,-1.90256,True,False,False,-0.769888015,2.5503787498840333,1.7240332239944456,False,point_median
PRIOR_0004201,DTAPARA,0.11210251,producible_prior,-2.4382763,-1.6119307,-2.4382763,True,False,False,-0.769888015,2.5503787498840333,1.7240332239944456,False,point_median
PRIOR_0004202,NPSAGAA,1.0250931,producible_prior,-1.5252857,-0.69894016,-1.5252857,True,True,False,-0.769888015,2.5503787498840333,1.7240332239944456,False,point_median
PRIOR_0004203,NGGSLEP,0.26919007,producible_prior,-2.2811887,-1.4548432,-2.2811887,True,False,False,-0.769888015,2.5503787498840333,1.7240332239944456,False,point_median
PRIOR_0004204,HLVKFKD,-0.36715925,producible_prior,-2.9175382,-2.0911925,-2.9175382,True,False,False,-0.769888015,2.5503787498840333,1.7240332239944456,False,point_median
PRIOR_0004205,AGMPTRT,-0.48691857,producible_prior,-3.0372972,-2.2109518,-3.0372972,True,False,False,-0.769888015,2.5503787498840333,1.7240332239944456,False,point_median
PRIOR_0004206,TRQWSGE,-0.3836552,producible_prior,-2.9340339,-2.1076884,-2.9340339,True,False,False,-0.769888015,2.5503787498840333,1.7240332239944456,False,point_median
PRIOR_0004207,VVHSGHQ,-0.6702225,producible_prior,-3.2206013,-2.3942556,-3.2206013,True,False,False,-0.769888015,2.5503787498840333,1.7240332239944456,False,point_median
PRIOR_0004208,VATPAHM,-0.42755127,producible_prior,-2.97793,-2.1515846,-2.97793,True,False,False,-0.769888015,2.5503787498840333,1.7240332239944456,False,point_median
PRIOR_0004209,APNGFPK,-0.27313685,producible_prior,-2.8235157,-1.9971701,-2.8235157,True,False,False,-0.769888015,2.5503787498840333,1.7240332239944456,False,point_median
PRIOR_0004210,HNQHPPL,-0.33876598,producible_prior,-2.889145,-2.0627992,-2.889145,True,False,False,-0.769888015,2.5503787498840333,1.7240332239944456,False,point_median
PRIOR_0004211,FERSPKY,-0.184309,producible_prior,-2.7346878,-1.9083422,-2.7346878,True,False,False,-0.769888015,2.5503787498840333,1.7240332239944456,False,point_median
PRIOR_0004212,KNPSKEV,1.7046976,producible_prior,-0.8456812,-0.019335628,-0.8456812,True,True,False,-0.769888015,2.5503787498840333,1.7240332239944456,False,point_median
PRIOR_0004213,APVDTSR,-0.5703014,producible_prior,-3.1206803,-2.2943347,-3.1206803,True,False,False,-0.769888015,2.5503787498840333,1.7240332239944456,False,point_median
PRIOR_0004214,CEVKRAP,-0.43237495,producible_prior,-2.9827538,-2.1564083,-2.9827538,True,False,False,-0.769888015,2.5503787498840333,1.7240332239944456,False,point_median
PRIOR_0004215,RLRYGRL,0.19151926,producible_prior,-2.3588595,-1.532514,-2.3588595,True,False,False,-0.769888015,2.5503787498840333,1.7240332239944456,False,point_median
PRIOR_0004216,HRHQQMI,0.33716822,producible_prior,-2.2132106,-1.386865,-2.2132106,True,False,False,-0.769888015,2.5503787498840333,1.7240332239944456,False,point_median
PRIOR_0004217,PTNTTST,-0.31656277,producible_prior,-2.8669415,-2.040596,-2.8669415,True,False,False,-0.769888015,2.5503787498840333,1.7240332239944456,False,point_median
PRIOR_0004218,MHGSQTH,0.1182642,producible_prior,-2.4321146,-1.605769,-2.4321146,True,False,False,-0.769888015,2.5503787498840333,1.7240332239944456,False,point_median
PRIOR_0004219,SWDRHKK,-0.1124053,producible_prior,-2.662784,-1.8364385,-2.662784,True,False,False,-0.769888015,2.5503787498840333,1.7240332239944456,False,point_median
PRIOR_0004220,DSSQGSA,0.20373368,producible_prior,-2.346645,-1.5202996,-2.346645,True,False,False,-0.769888015,2.5503787498840333,1.7240332239944456,False,point_median
PRIOR_0004221,YVPAMVA,-0.33923578,producible_prior,-2.8896146,-2.0632691,-2.8896146,True,False,False,-0.769888015,2.5503787498840333,1.7240332239944456,False,point_median
PRIOR_0004222,GRARNQV,1.5779457,producible_prior,-0.9724331,-0.14608753,-0.9724331,True,True,False,-0.769888015,2.5503787498840333,1.7240332239944456,False,point_median
PRIOR_0004223,KLKNWRS,0.43382215,producible_prior,-2.1165566,-1.2902111,-2.1165566,True,False,False,-0.769888015,2.5503787498840333,1.7240332239944456,False,point_median
PRIOR_0004224,KHALLER,-0.5189915,producible_prior,-3.0693703,-2.2430248,-3.0693703,True,False,False,-0.769888015,2.5503787498840333,1.7240332239944456,False,point_median
PRIOR_0004225,WFTNKSA,0.11008191,producible_prior,-2.440297,-1.6139513,-2.440297,True,False,False,-0.769888015,2.5503787498840333,1.7240332239944456,False,point_median
PRIOR_0004226,RPPHHAN,0.44254422,producible_prior,-2.1078346,-1.281489,-2.1078346,True,False,False,-0.769888015,2.5503787498840333,1.7240332239944456,False,point_median
PRIOR_0004227,KREGQTA,1.686461,producible_prior,-0.8639178,-0.037572265,-0.8639178,True,True,False,-0.769888015,2.5503787498840333,1.7240332239944456,False,point_median
PRIOR_0004228,GLKVTMV,0.37580562,producible_prior,-2.1745732,-1.3482276,-2.1745732,True,False,False,-0.769888015,2.5503787498840333,1.7240332239944456,False,point_median
PRIOR_0004229,MKQPKVQ,0.56364083,producible_prior,-1.986738,-1.1603924,-1.986738,True,False,False,-0.769888015,2.5503787498840333,1.7240332239944456,False,point_median
PRIOR_0004230,YIGSRLE,0.022220612,producible_prior,-2.5281582,-1.7018126,-2.5281582,True,False,False,-0.769888015,2.5503787498840333,1.7240332239944456,False,point_median
PRIOR_0004231,LFTKGTH,0.22064161,producible_prior,-2.3297372,-1.5033916,-2.3297372,True,False,False,-0.769888015,2.5503787498840333,1.7240332239944456,False,point_median
PRIOR_0004232,ERMKYGG,-0.29905534,producible_prior,-2.8494341,-2.0230885,-2.8494341,True,False,False,-0.769888015,2.5503787498840333,1.7240332239944456,False,point_median
PRIOR_0004233,WSKVHGQ,-0.6854615,producible_prior,-3.2358403,-2.4094949,-3.2358403,True,False,False,-0.769888015,2.5503787498840333,1.7240332239944456,False,point_median
PRIOR_0004234,HLQENGH,-0.6983799,producible_prior,-3.2487588,-2.422413,-3.2487588,True,False,False,-0.769888015,2.5503787498840333,1.7240332239944456,False,point_median
PRIOR_0004235,QRMHVHD,-0.36648345,producible_prior,-2.9168622,-2.0905166,-2.9168622,True,False,False,-0.769888015,2.5503787498840333,1.7240332239944456,False,point_median
PRIOR_0004236,IDNNSVM,-0.71005106,producible_prior,-3.2604299,-2.4340844,-3.2604299,True,False,False,-0.769888015,2.5503787498840333,1.7240332239944456,False,point_median
PRIOR_0004237,KWPHKMF,-0.7102212,producible_prior,-3.2606,-2.4342544,-3.2606,True,False,False,-0.769888015,2.5503787498840333,1.7240332239944456,False,point_median
PRIOR_0004238,EVDAHAG,-0.7431594,producible_prior,-3.293538,-2.4671926,-3.293538,True,False,False,-0.769888015,2.5503787498840333,1.7240332239944456,False,point_median
PRIOR_0004239,YKQDNKW,-0.27099097,producible_prior,-2.8213696,-1.9950242,-2.8213696,True,False,False,-0.769888015,2.5503787498840333,1.7240332239944456,False,point_median
PRIOR_0004240,LLKVQAY,-0.3937093,producible_prior,-2.944088,-2.1177425,-2.944088,True,False,False,-0.769888015,2.5503787498840333,1.7240332239944456,False,point_median
PRIOR_0004241,YQGGHDN,-0.5853044,producible_prior,-3.135683,-2.3093376,-3.135683,True,False,False,-0.769888015,2.5503787498840333,1.7240332239944456,False,point_median
PRIOR_0004242,YRLKVAN,-0.19324803,producible_prior,-2.7436268,-1.9172813,-2.7436268,True,False,False,-0.769888015,2.5503787498840333,1.7240332239944456,False,point_median
PRIOR_0004243,YKRSVMF,0.22941065,producible_prior,-2.3209682,-1.4946226,-2.3209682,True,False,False,-0.769888015,2.5503787498840333,1.7240332239944456,False,point_median
PRIOR_0004244,TTNDTPG,0.38819313,producible_prior,-2.1621857,-1.3358401,-2.1621857,True,False,False,-0.769888015,2.5503787498840333,1.7240332239944456,False,point_median
PRIOR_0004245,RKLNRHV,1.2461298,producible_prior,-1.304249,-0.4779035,-1.304249,True,True,False,-0.769888015,2.5503787498840333,1.7240332239944456,False,point_median
PRIOR_0004246,VTAKAPH,0.5299394,producible_prior,-2.0204394,-1.1940938,-2.0204394,True,False,False,-0.769888015,2.5503787498840333,1.7240332239944456,False,point_median
PRIOR_0004247,NREDTVM,-0.53060246,producible_prior,-3.0809813,-2.2546358,-3.0809813,True,False,False,-0.769888015,2.5503787498840333,1.7240332239944456,False,point_median
PRIOR_0004248,DPKIDQE,-0.48419833,producible_prior,-3.0345771,-2.2082314,-3.0345771,True,False,False,-0.769888015,2.5503787498840333,1.7240332239944456,False,point_median
PRIOR_0004249,VAPPILS,-0.6877111,producible_prior,-3.23809,-2.4117444,-3.23809,True,False,False,-0.769888015,2.5503787498840333,1.7240332239944456,False,point_median
PRIOR_0004250,VVNKQLS,0.53389645,producible_prior,-2.0164824,-1.1901368,-2.0164824,True,False,False,-0.769888015,2.5503787498840333,1.7240332239944456,False,point_median
PRIOR_0004251,KSKRKGQ,2.3245697,producible_prior,-0.2258091,0.60053647,-0.2258091,True,True,True,-0.769888015,2.5503787498840333,1.7240332239944456,False,point_median
PRIOR_0004252,GRTSHHS,0.91561556,producible_prior,-1.6347632,-0.8084177,-1.6347632,True,False,False,-0.769888015,2.5503787498840333,1.7240332239944456,False,point_median
PRIOR_0004253,GLQRMQI,-0.0029745102,producible_prior,-2.5533533,-1.7270077,-2.5533533,True,False,False,-0.769888015,2.5503787498840333,1.7240332239944456,False,point_median
PRIOR_0004254,STPTGVP,0.4671502,producible_prior,-2.0832286,-1.256883,-2.0832286,True,False,False,-0.769888015,2.5503787498840333,1.7240332239944456,False,point_median
PRIOR_0004255,KMHLHRS,0.3079934,producible_prior,-2.2423854,-1.4160398,-2.2423854,True,False,False,-0.769888015,2.5503787498840333,1.7240332239944456,False,point_median
PRIOR_0004256,ADGIGRP,0.0431571,producible_prior,-2.5072217,-1.6808761,-2.5072217,True,False,False,-0.769888015,2.5503787498840333,1.7240332239944456,False,point_median
PRIOR_0004257,HLDAVNP,-0.6012846,producible_prior,-3.1516633,-2.3253179,-3.1516633,True,False,False,-0.769888015,2.5503787498840333,1.7240332239944456,False,point_median
PRIOR_0004258,WMQHNHA,-0.5831286,producible_prior,-3.1335073,-2.3071618,-3.1335073,True,False,False,-0.769888015,2.5503787498840333,1.7240332239944456,False,point_median
PRIOR_0004259,KRHRSNP,2.5349693,producible_prior,-0.01540947,0.8109361,-0.01540947,True,True,True,-0.769888015,2.5503787498840333,1.7240332239944456,False,point_median
PRIOR_0004260,FTPKALP,0.49376297,producible_prior,-2.0566158,-1.2302703,-2.0566158,True,False,False,-0.769888015,2.5503787498840333,1.7240332239944456,False,point_median
PRIOR_0004261,RRLGGHG,1.5468373,producible_prior,-1.0035415,-0.1771959,-1.0035415,True,True,False,-0.769888015,2.5503787498840333,1.7240332239944456,False,point_median
PRIOR_0004262,MFHNHSH,-0.67769694,producible_prior,-3.2280757,-2.40173,-3.2280757,True,False,False,-0.769888015,2.5503787498840333,1.7240332239944456,False,point_median
PRIOR_0004263,NRPHQSW,-0.32397437,producible_prior,-2.8743532,-2.0480075,-2.8743532,True,False,False,-0.769888015,2.5503787498840333,1.7240332239944456,False,point_median
PRIOR_0004264,TAQDGTG,0.6093483,producible_prior,-1.9410305,-1.1146849,-1.9410305,True,False,False,-0.769888015,2.5503787498840333,1.7240332239944456,False,point_median
PRIOR_0004265,PGQSHSG,0.6199384,producible_prior,-1.9304404,-1.1040949,-1.9304404,True,False,False,-0.769888015,2.5503787498840333,1.7240332239944456,False,point_median
PRIOR_0004266,LDQKDMR,-0.6041472,producible_prior,-3.154526,-2.3281803,-3.154526,True,False,False,-0.769888015,2.5503787498840333,1.7240332239944456,False,point_median
PRIOR_0004267,DAKRLFA,-0.15485811,producible_prior,-2.705237,-1.8788913,-2.705237,True,False,False,-0.769888015,2.5503787498840333,1.7240332239944456,False,point_median
PRIOR_0004268,RTDGLPA,0.31045008,producible_prior,-2.2399287,-1.4135832,-2.2399287,True,False,False,-0.769888015,2.5503787498840333,1.7240332239944456,False,point_median
PRIOR_0004269,TIMSISG,-0.64595985,producible_prior,-3.1963387,-2.3699932,-3.1963387,True,False,False,-0.769888015,2.5503787498840333,1.7240332239944456,False,point_median
PRIOR_0004270,RKFYIKV,-0.28311098,producible_prior,-2.83349,-2.0071442,-2.83349,True,False,False,-0.769888015,2.5503787498840333,1.7240332239944456,False,point_median
PRIOR_0004271,GPETMSH,-0.66279435,producible_prior,-3.2131732,-2.3868275,-3.2131732,True,False,False,-0.769888015,2.5503787498840333,1.7240332239944456,False,point_median
PRIOR_0004272,VHSVGPQ,-0.75812507,producible_prior,-3.3085039,-2.4821582,-3.3085039,True,False,False,-0.769888015,2.5503787498840333,1.7240332239944456,False,point_median
PRIOR_0004273,VGPHTAY,-0.2980057,producible_prior,-2.8483844,-2.022039,-2.8483844,True,False,False,-0.769888015,2.5503787498840333,1.7240332239944456,False,point_median
PRIOR_0004274,MIQGGAD,0.094239,producible_prior,-2.4561398,-1.6297942,-2.4561398,True,False,False,-0.769888015,2.5503787498840333,1.7240332239944456,False,point_median
PRIOR_0004275,MNLRHAK,0.041974068,producible_prior,-2.5084047,-1.6820592,-2.5084047,True,False,False,-0.769888015,2.5503787498840333,1.7240332239944456,False,point_median
PRIOR_0004276,RFKRYNG,1.0712378,producible_prior,-1.479141,-0.65279543,-1.479141,True,True,False,-0.769888015,2.5503787498840333,1.7240332239944456,False,point_median
PRIOR_0004277,RKVNRSW,0.37457418,producible_prior,-2.1758046,-1.349459,-2.1758046,True,False,False,-0.769888015,2.5503787498840333,1.7240332239944456,False,point_median
PRIOR_0004278,GTKDMNP,0.41561913,producible_prior,-2.1347597,-1.3084141,-2.1347597,True,False,False,-0.769888015,2.5503787498840333,1.7240332239944456,False,point_median
PRIOR_0004279,SKGRIQL,1.1194339,producible_prior,-1.4309449,-0.60459936,-1.4309449,True,True,False,-0.769888015,2.5503787498840333,1.7240332239944456,False,point_median
PRIOR_0004280,DLNGITE,-0.7465284,producible_prior,-3.2969072,-2.4705615,-3.2969072,True,False,False,-0.769888015,2.5503787498840333,1.7240332239944456,False,point_median
PRIOR_0004281,PTVRTRV,0.35335088,producible_prior,-2.197028,-1.3706824,-2.197028,True,False,False,-0.769888015,2.5503787498840333,1.7240332239944456,False,point_median
PRIOR_0004282,FQSMRRM,-0.19158411,producible_prior,-2.741963,-1.9156173,-2.741963,True,False,False,-0.769888015,2.5503787498840333,1.7240332239944456,False,point_median
PRIOR_0004283,TTATLIA,-0.463861,producible_prior,-3.0142398,-2.1878943,-3.0142398,True,False,False,-0.769888015,2.5503787498840333,1.7240332239944456,False,point_median
PRIOR_0004284,RQQSIYV,-0.72283447,producible_prior,-3.2732134,-2.4468677,-3.2732134,True,False,False,-0.769888015,2.5503787498840333,1.7240332239944456,False,point_median
PRIOR_0004285,HHQQRNQ,-0.21152115,producible_prior,-2.7619,-1.9355544,-2.7619,True,False,False,-0.769888015,2.5503787498840333,1.7240332239944456,False,point_median
PRIOR_0004286,SMADRIK,-0.37803137,producible_prior,-2.92841,-2.1020646,-2.92841,True,False,False,-0.769888015,2.5503787498840333,1.7240332239944456,False,point_median
PRIOR_0004287,PKANISV,0.3320179,producible_prior,-2.218361,-1.3920153,-2.218361,True,False,False,-0.769888015,2.5503787498840333,1.7240332239944456,False,point_median
PRIOR_0004288,YTQRWRG,-0.23925972,producible_prior,-2.7896385,-1.963293,-2.7896385,True,False,False,-0.769888015,2.5503787498840333,1.7240332239944456,False,point_median
PRIOR_0004289,LSKIGNG,1.0313041,producible_prior,-1.5190747,-0.6927291,-1.5190747,True,True,False,-0.769888015,2.5503787498840333,1.7240332239944456,False,point_median
PRIOR_0004290,SPATSRD,0.6953106,producible_prior,-1.8550682,-1.0287226,-1.8550682,True,False,False,-0.769888015,2.5503787498840333,1.7240332239944456,False,point_median
PRIOR_0004291,KYNGVAH,0.011376858,producible_prior,-2.539002,-1.7126564,-2.539002,True,False,False,-0.769888015,2.5503787498840333,1.7240332239944456,False,point_median
PRIOR_0004292,NRSPIME,0.055507183,producible_prior,-2.4948716,-1.668526,-2.4948716,True,False,False,-0.769888015,2.5503787498840333,1.7240332239944456,False,point_median
PRIOR_0004293,HRATKTT,1.236201,producible_prior,-1.3141778,-0.4878322,-1.3141778,True,True,False,-0.769888015,2.5503787498840333,1.7240332239944456,False,point_median
PRIOR_0004294,VWKNHKH,0.08832836,producible_prior,-2.4620504,-1.6357049,-2.4620504,True,False,False,-0.769888015,2.5503787498840333,1.7240332239944456,False,point_median
PRIOR_0004295,MGAPQTR,0.18732452,producible_prior,-2.3630543,-1.5367087,-2.3630543,True,False,False,-0.769888015,2.5503787498840333,1.7240332239944456,False,point_median
PRIOR_0004296,QELSRRL,-0.6167977,producible_prior,-3.1671765,-2.3408308,-3.1671765,True,False,False,-0.769888015,2.5503787498840333,1.7240332239944456,False,point_median
PRIOR_0004297,TLRKEAI,0.84959793,producible_prior,-1.7007809,-0.8744353,-1.7007809,True,False,False,-0.769888015,2.5503787498840333,1.7240332239944456,False,point_median
PRIOR_0004298,RAPYPEE,-0.4709462,producible_prior,-3.021325,-2.1949794,-3.021325,True,False,False,-0.769888015,2.5503787498840333,1.7240332239944456,False,point_median
PRIOR_0004299,QRHGKEF,1.1594198,producible_prior,-1.390959,-0.56461346,-1.390959,True,True,False,-0.769888015,2.5503787498840333,1.7240332239944456,False,point_median
PRIOR_0004300,WGSQANK,0.19505596,producible_prior,-2.3553228,-1.5289773,-2.3553228,True,False,False,-0.769888015,2.5503787498840333,1.7240332239944456,False,point_median
PRIOR_0004301,SPMHSHG,0.089254856,producible_prior,-2.461124,-1.6347784,-2.461124,True,False,False,-0.769888015,2.5503787498840333,1.7240332239944456,False,point_median
PRIOR_0004302,IGKRQKA,2.888968,producible_prior,0.3385892,1.1649348,0.3385892,True,True,True,-0.769888015,2.5503787498840333,1.7240332239944456,False,point_median
PRIOR_0004303,KNLHTTN,-0.41441047,producible_prior,-2.9647894,-2.1384437,-2.9647894,True,False,False,-0.769888015,2.5503787498840333,1.7240332239944456,False,point_median
PRIOR_0004304,RFQQGNP,0.6608486,producible_prior,-1.8895302,-1.0631846,-1.8895302,True,False,False,-0.769888015,2.5503787498840333,1.7240332239944456,False,point_median
PRIOR_0004305,TAHDAGE,0.17100811,producible_prior,-2.3793707,-1.5530251,-2.3793707,True,False,False,-0.769888015,2.5503787498840333,1.7240332239944456,False,point_median
PRIOR_0004306,FGNVISI,-0.6946243,producible_prior,-3.2450032,-2.4186575,-3.2450032,True,False,False,-0.769888015,2.5503787498840333,1.7240332239944456,False,point_median
PRIOR_0004307,GGVHKGG,1.439362,producible_prior,-1.1110168,-0.2846712,-1.1110168,True,True,False,-0.769888015,2.5503787498840333,1.7240332239944456,False,point_median
PRIOR_0004308,HYTRETA,-0.24412489,producible_prior,-2.7945037,-1.9681581,-2.7945037,True,False,False,-0.769888015,2.5503787498840333,1.7240332239944456,False,point_median
PRIOR_0004309,SSHDSSS,0.05063486,producible_prior,-2.499744,-1.6733984,-2.499744,True,False,False,-0.769888015,2.5503787498840333,1.7240332239944456,False,point_median
PRIOR_0004310,TSYGESG,-0.35778856,producible_prior,-2.9081674,-2.081822,-2.9081674,True,False,False,-0.769888015,2.5503787498840333,1.7240332239944456,False,point_median
PRIOR_0004311,EGHFKTR,-0.2858665,producible_prior,-2.8362453,-2.0098996,-2.8362453,True,False,False,-0.769888015,2.5503787498840333,1.7240332239944456,False,point_median
PRIOR_0004312,YNSKAYE,-0.051071644,producible_prior,-2.6014504,-1.7751049,-2.6014504,True,False,False,-0.769888015,2.5503787498840333,1.7240332239944456,False,point_median
PRIOR_0004313,QRHRVTS,1.4592705,producible_prior,-1.0911083,-0.26476276,-1.0911083,True,True,False,-0.769888015,2.5503787498840333,1.7240332239944456,False,point_median
PRIOR_0004314,SQRTAQY,0.09760213,producible_prior,-2.4527767,-1.6264311,-2.4527767,True,False,False,-0.769888015,2.5503787498840333,1.7240332239944456,False,point_median
PRIOR_0004315,TMQKAMA,0.77393055,producible_prior,-1.7764482,-0.9501027,-1.7764482,True,False,False,-0.769888015,2.5503787498840333,1.7240332239944456,False,point_median
PRIOR_0004316,MEIQGNG,-0.58264434,producible_prior,-3.1330233,-2.3066776,-3.1330233,True,False,False,-0.769888015,2.5503787498840333,1.7240332239944456,False,point_median
PRIOR_0004317,FSKRLEY,-0.29966414,producible_prior,-2.8500428,-2.0236974,-2.8500428,True,False,False,-0.769888015,2.5503787498840333,1.7240332239944456,False,point_median
PRIOR_0004318,VRKPYIV,-0.077257395,producible_prior,-2.6276362,-1.8012906,-2.6276362,True,False,False,-0.769888015,2.5503787498840333,1.7240332239944456,False,point_median
PRIOR_0004319,NDNEVHG,-0.6111342,producible_prior,-3.1615129,-2.3351674,-3.1615129,True,False,False,-0.769888015,2.5503787498840333,1.7240332239944456,False,point_median
PRIOR_0004320,VGSGKCI,-0.33842218,producible_prior,-2.888801,-2.0624554,-2.888801,True,False,False,-0.769888015,2.5503787498840333,1.7240332239944456,False,point_median
PRIOR_0004321,LNAGHGN,-0.23096848,producible_prior,-2.7813473,-1.9550017,-2.7813473,True,False,False,-0.769888015,2.5503787498840333,1.7240332239944456,False,point_median
PRIOR_0004322,ARGLVIK,-0.09759498,producible_prior,-2.6479738,-1.8216282,-2.6479738,True,False,False,-0.769888015,2.5503787498840333,1.7240332239944456,False,point_median
PRIOR_0004323,WKGFGSD,-0.22257566,producible_prior,-2.7729545,-1.9466089,-2.7729545,True,False,False,-0.769888015,2.5503787498840333,1.7240332239944456,False,point_median
PRIOR_0004324,AGARGQA,1.4209976,producible_prior,-1.1293812,-0.30303562,-1.1293812,True,True,False,-0.769888015,2.5503787498840333,1.7240332239944456,False,point_median
PRIOR_0004325,KHKSRNP,2.5062666,producible_prior,-0.044112206,0.78223336,-0.044112206,True,True,True,-0.769888015,2.5503787498840333,1.7240332239944456,False,point_median
PRIOR_0004326,QVPQGFK,-0.34287786,producible_prior,-2.8932567,-2.0669112,-2.8932567,True,False,False,-0.769888015,2.5503787498840333,1.7240332239944456,False,point_median
PRIOR_0004327,QKEWPKM,-0.7435101,producible_prior,-3.293889,-2.4675434,-3.293889,True,False,False,-0.769888015,2.5503787498840333,1.7240332239944456,False,point_median
PRIOR_0004328,EPKMHKS,0.51559305,producible_prior,-2.0347857,-1.2084402,-2.0347857,True,False,False,-0.769888015,2.5503787498840333,1.7240332239944456,False,point_median
PRIOR_0004329,YGGEAEM,-0.5025828,producible_prior,-3.0529616,-2.226616,-3.0529616,True,False,False,-0.769888015,2.5503787498840333,1.7240332239944456,False,point_median
PRIOR_0004330,NRFKIGN,-0.26541996,producible_prior,-2.8157988,-1.9894532,-2.8157988,True,False,False,-0.769888015,2.5503787498840333,1.7240332239944456,False,point_median
PRIOR_0004331,VGPKLSW,-0.6350244,producible_prior,-3.1854033,-2.3590577,-3.1854033,True,False,False,-0.769888015,2.5503787498840333,1.7240332239944456,False,point_median
PRIOR_0004332,GKVTNDI,0.027067184,producible_prior,-2.5233116,-1.696966,-2.5233116,True,False,False,-0.769888015,2.5503787498840333,1.7240332239944456,False,point_median
PRIOR_0004333,NEPIAPA,-0.48128462,producible_prior,-3.0316634,-2.205318,-3.0316634,True,False,False,-0.769888015,2.5503787498840333,1.7240332239944456,False,point_median
PRIOR_0004334,YQEAFKP,-0.71422076,producible_prior,-3.2645996,-2.4382539,-3.2645996,True,False,False,-0.769888015,2.5503787498840333,1.7240332239944456,False,point_median
PRIOR_0004335,LIGERQK,0.3974204,producible_prior,-2.1529584,-1.3266128,-2.1529584,True,False,False,-0.769888015,2.5503787498840333,1.7240332239944456,False,point_median
PRIOR_0004336,WRYGAIA,-0.6559663,producible_prior,-3.206345,-2.3799996,-3.206345,True,False,False,-0.769888015,2.5503787498840333,1.7240332239944456,False,point_median
PRIOR_0004337,CGNSKST,-0.06352258,producible_prior,-2.6139014,-1.7875558,-2.6139014,True,False,False,-0.769888015,2.5503787498840333,1.7240332239944456,False,point_median
PRIOR_0004338,GQKRTAF,1.0739489,producible_prior,-1.4764299,-0.6500844,-1.4764299,True,True,False,-0.769888015,2.5503787498840333,1.7240332239944456,False,point_median
PRIOR_0004339,RKPQHHS,1.753305,producible_prior,-0.79707384,0.029271722,-0.79707384,True,True,False,-0.769888015,2.5503787498840333,1.7240332239944456,False,point_median
PRIOR_0004340,NADRSAM,0.1440537,producible_prior,-2.406325,-1.5799795,-2.406325,True,False,False,-0.769888015,2.5503787498840333,1.7240332239944456,False,point_median
PRIOR_0004341,DFKKYTS,-0.30637717,producible_prior,-2.856756,-2.0304103,-2.856756,True,False,False,-0.769888015,2.5503787498840333,1.7240332239944456,False,point_median
PRIOR_0004342,VHAPGHL,-0.5048053,producible_prior,-3.0551841,-2.2288384,-3.0551841,True,False,False,-0.769888015,2.5503787498840333,1.7240332239944456,False,point_median
PRIOR_0004343,NLYKMNA,-0.44914258,producible_prior,-2.9995213,-2.1731758,-2.9995213,True,False,False,-0.769888015,2.5503787498840333,1.7240332239944456,False,point_median
PRIOR_0004344,KLGPVVM,-0.060411215,producible_prior,-2.61079,-1.7844445,-2.61079,True,False,False,-0.769888015,2.5503787498840333,1.7240332239944456,False,point_median
PRIOR_0004345,WRKQAFD,-0.050530672,producible_prior,-2.6009095,-1.7745639,-2.6009095,True,False,False,-0.769888015,2.5503787498840333,1.7240332239944456,False,point_median
PRIOR_0004346,DLKADDS,-0.7354145,producible_prior,-3.2857933,-2.4594479,-3.2857933,True,False,False,-0.769888015,2.5503787498840333,1.7240332239944456,False,point_median
PRIOR_0004347,PENRHEA,0.09355903,producible_prior,-2.4568198,-1.6304742,-2.4568198,True,False,False,-0.769888015,2.5503787498840333,1.7240332239944456,False,point_median
PRIOR_0004348,SRSLIAM,-0.46550095,producible_prior,-3.0158796,-2.1895342,-3.0158796,True,False,False,-0.769888015,2.5503787498840333,1.7240332239944456,False,point_median
PRIOR_0004349,AHRFMSR,-0.564412,producible_prior,-3.114791,-2.2884452,-3.114791,True,False,False,-0.769888015,2.5503787498840333,1.7240332239944456,False,point_median
PRIOR_0004350,ASSSRVD,0.3043847,producible_prior,-2.245994,-1.4196485,-2.245994,True,False,False,-0.769888015,2.5503787498840333,1.7240332239944456,False,point_median
PRIOR_0004351,YEHRVGG,0.4956193,producible_prior,-2.0547595,-1.2284139,-2.0547595,True,False,False,-0.769888015,2.5503787498840333,1.7240332239944456,False,point_median
PRIOR_0004352,AWRRMSD,-0.6353893,producible_prior,-3.1857681,-2.3594227,-3.1857681,True,False,False,-0.769888015,2.5503787498840333,1.7240332239944456,False,point_median
PRIOR_0004353,FKLGGHQ,-0.5921221,producible_prior,-3.1425009,-2.3161554,-3.1425009,True,False,False,-0.769888015,2.5503787498840333,1.7240332239944456,False,point_median
PRIOR_0004354,FTQPTGP,0.036979675,producible_prior,-2.5133991,-1.6870536,-2.5133991,True,False,False,-0.769888015,2.5503787498840333,1.7240332239944456,False,point_median
PRIOR_0004355,VGGNSNQ,-0.15552282,producible_prior,-2.7059016,-1.8795561,-2.7059016,True,False,False,-0.769888015,2.5503787498840333,1.7240332239944456,False,point_median
PRIOR_0004356,RMRIRYH,-0.3110323,producible_prior,-2.861411,-2.0350657,-2.861411,True,False,False,-0.769888015,2.5503787498840333,1.7240332239944456,False,point_median
PRIOR_0004357,NSSDSET,-0.6680169,producible_prior,-3.2183957,-2.3920503,-3.2183957,True,False,False,-0.769888015,2.5503787498840333,1.7240332239944456,False,point_median
PRIOR_0004358,GSEMRQV,-0.48444772,producible_prior,-3.0348265,-2.2084808,-3.0348265,True,False,False,-0.769888015,2.5503787498840333,1.7240332239944456,False,point_median
PRIOR_0004359,SKNKHEK,2.1165266,producible_prior,-0.4338522,0.39249337,-0.4338522,True,True,True,-0.769888015,2.5503787498840333,1.7240332239944456,False,point_median
PRIOR_0004360,QRAGKMC,-0.22449899,producible_prior,-2.7748778,-1.9485322,-2.7748778,True,False,False,-0.769888015,2.5503787498840333,1.7240332239944456,False,point_median
PRIOR_0004361,VPQLTRM,-0.21337438,producible_prior,-2.7637532,-1.9374076,-2.7637532,True,False,False,-0.769888015,2.5503787498840333,1.7240332239944456,False,point_median
PRIOR_0004362,TRRAYDN,-0.3621894,producible_prior,-2.912568,-2.0862226,-2.912568,True,False,False,-0.769888015,2.5503787498840333,1.7240332239944456,False,point_median
PRIOR_0004363,KGKFLPH,0.17580867,producible_prior,-2.3745701,-1.5482246,-2.3745701,True,False,False,-0.769888015,2.5503787498840333,1.7240332239944456,False,point_median
PRIOR_0004364,GGTSAFE,-0.42662644,producible_prior,-2.9770052,-2.1506596,-2.9770052,True,False,False,-0.769888015,2.5503787498840333,1.7240332239944456,False,point_median
PRIOR_0004365,TMNVTLP,-0.3077097,producible_prior,-2.8580885,-2.031743,-2.8580885,True,False,False,-0.769888015,2.5503787498840333,1.7240332239944456,False,point_median
PRIOR_0004366,INLRRAS,0.5074146,producible_prior,-2.0429642,-1.2166187,-2.0429642,True,False,False,-0.769888015,2.5503787498840333,1.7240332239944456,False,point_median
PRIOR_0004367,ISSPKDE,0.4664185,producible_prior,-2.0839603,-1.2576147,-2.0839603,True,False,False,-0.769888015,2.5503787498840333,1.7240332239944456,False,point_median
PRIOR_0004368,LRKWERE,0.05288291,producible_prior,-2.497496,-1.6711503,-2.497496,True,False,False,-0.769888015,2.5503787498840333,1.7240332239944456,False,point_median
PRIOR_0004369,FLPREPH,-0.4929273,producible_prior,-3.043306,-2.2169604,-3.043306,True,False,False,-0.769888015,2.5503787498840333,1.7240332239944456,False,point_median
PRIOR_0004370,NLPEKML,-0.53266585,producible_prior,-3.0830445,-2.256699,-3.0830445,True,False,False,-0.769888015,2.5503787498840333,1.7240332239944456,False,point_median
PRIOR_0004371,YRFVSKM,-0.019459248,producible_prior,-2.569838,-1.7434925,-2.569838,True,False,False,-0.769888015,2.5503787498840333,1.7240332239944456,False,point_median
PRIOR_0004372,IFFKGLG,-0.46600485,producible_prior,-3.0163836,-2.1900382,-3.0163836,True,False,False,-0.769888015,2.5503787498840333,1.7240332239944456,False,point_median
PRIOR_0004373,LQRKVTR,1.4048486,producible_prior,-1.1455302,-0.31918466,-1.1455302,True,True,False,-0.769888015,2.5503787498840333,1.7240332239944456,False,point_median
PRIOR_0004374,KEERHAS,0.4227171,producible_prior,-2.1276617,-1.3013161,-2.1276617,True,False,False,-0.769888015,2.5503787498840333,1.7240332239944456,False,point_median
PRIOR_0004375,VSSERGG,0.75862265,producible_prior,-1.7917562,-0.9654106,-1.7917562,True,False,False,-0.769888015,2.5503787498840333,1.7240332239944456,False,point_median
PRIOR_0004376,KGRSISC,-0.3893218,producible_prior,-2.9397006,-2.1133552,-2.9397006,True,False,False,-0.769888015,2.5503787498840333,1.7240332239944456,False,point_median
PRIOR_0004377,LQWGGRA,-0.7284765,producible_prior,-3.2788553,-2.4525099,-3.2788553,True,False,False,-0.769888015,2.5503787498840333,1.7240332239944456,False,point_median
PRIOR_0004378,VNPDHLS,-0.6644776,producible_prior,-3.2148564,-2.3885107,-3.2148564,True,False,False,-0.769888015,2.5503787498840333,1.7240332239944456,False,point_median
PRIOR_0004379,YTARAGP,0.7559507,producible_prior,-1.7944281,-0.96808255,-1.7944281,True,False,False,-0.769888015,2.5503787498840333,1.7240332239944456,False,point_median
PRIOR_0004380,RLHIKFP,0.024908781,producible_prior,-2.52547,-1.6991245,-2.52547,True,False,False,-0.769888015,2.5503787498840333,1.7240332239944456,False,point_median
PRIOR_0004381,PQTKSFD,-0.46192837,producible_prior,-3.0123072,-2.1859617,-3.0123072,True,False,False,-0.769888015,2.5503787498840333,1.7240332239944456,False,point_median
PRIOR_0004382,MTASLEK,-0.37219834,producible_prior,-2.9225771,-2.0962315,-2.9225771,True,False,False,-0.769888015,2.5503787498840333,1.7240332239944456,False,point_median
PRIOR_0004383,SVVNHHP,-0.44229198,producible_prior,-2.9926708,-2.166325,-2.9926708,True,False,False,-0.769888015,2.5503787498840333,1.7240332239944456,False,point_median
PRIOR_0004384,MHKGLYH,-0.6120372,producible_prior,-3.162416,-2.3360705,-3.162416,True,False,False,-0.769888015,2.5503787498840333,1.7240332239944456,False,point_median
PRIOR_0004385,GMHDAAM,-0.755538,producible_prior,-3.3059168,-2.4795713,-3.3059168,True,False,False,-0.769888015,2.5503787498840333,1.7240332239944456,False,point_median
PRIOR_0004386,YKDDEKA,0.56577325,producible_prior,-1.9846056,-1.15826,-1.9846056,True,False,False,-0.769888015,2.5503787498840333,1.7240332239944456,False,point_median
PRIOR_0004387,KNDDSSP,0.3408556,producible_prior,-2.2095232,-1.3831776,-2.2095232,True,False,False,-0.769888015,2.5503787498840333,1.7240332239944456,False,point_median
PRIOR_0004388,RRQVDGI,0.51833963,producible_prior,-2.0320392,-1.2056936,-2.0320392,True,False,False,-0.769888015,2.5503787498840333,1.7240332239944456,False,point_median
PRIOR_0004389,HTHKSDL,0.28696632,producible_prior,-2.2634125,-1.4370669,-2.2634125,True,False,False,-0.769888015,2.5503787498840333,1.7240332239944456,False,point_median
PRIOR_0004390,IQTRPEP,0.5378351,producible_prior,-2.0125437,-1.1861981,-2.0125437,True,False,False,-0.769888015,2.5503787498840333,1.7240332239944456,False,point_median
PRIOR_0004391,GTTTHSI,-0.1917026,producible_prior,-2.7420814,-1.9157358,-2.7420814,True,False,False,-0.769888015,2.5503787498840333,1.7240332239944456,False,point_median
PRIOR_0004392,SIARDSP,-0.005380392,producible_prior,-2.5557592,-1.7294136,-2.5557592,True,False,False,-0.769888015,2.5503787498840333,1.7240332239944456,False,point_median
PRIOR_0004393,KNKATGQ,1.1949501,producible_prior,-1.3554287,-0.52908313,-1.3554287,True,True,False,-0.769888015,2.5503787498840333,1.7240332239944456,False,point_median
PRIOR_0004394,WPPNLNP,-0.46828628,producible_prior,-3.018665,-2.1923194,-3.018665,True,False,False,-0.769888015,2.5503787498840333,1.7240332239944456,False,point_median
PRIOR_0004395,QHLSGAD,-0.5829824,producible_prior,-3.1333613,-2.3070157,-3.1333613,True,False,False,-0.769888015,2.5503787498840333,1.7240332239944456,False,point_median
PRIOR_0004396,QPNGWKD,-0.32004476,producible_prior,-2.8704236,-2.0440779,-2.8704236,True,False,False,-0.769888015,2.5503787498840333,1.7240332239944456,False,point_median
PRIOR_0004397,VARHDHN,-0.50889385,producible_prior,-3.0592728,-2.232927,-3.0592728,True,False,False,-0.769888015,2.5503787498840333,1.7240332239944456,False,point_median
PRIOR_0004398,ARGGVVR,0.9950328,producible_prior,-1.555346,-0.72900045,-1.555346,True,True,False,-0.769888015,2.5503787498840333,1.7240332239944456,False,point_median
PRIOR_0004399,IIKLVQV,-0.23647714,producible_prior,-2.786856,-1.9605104,-2.786856,True,False,False,-0.769888015,2.5503787498840333,1.7240332239944456,False,point_median
PRIOR_0004400,LENAPNV,-0.5072777,producible_prior,-3.0576565,-2.2313108,-3.0576565,True,False,False,-0.769888015,2.5503787498840333,1.7240332239944456,False,point_median
PRIOR_0004401,QSRDRSH,0.6684079,producible_prior,-1.8819709,-1.0556253,-1.8819709,True,False,False,-0.769888015,2.5503787498840333,1.7240332239944456,False,point_median
PRIOR_0004402,GGGIFNP,-0.74128675,producible_prior,-3.2916656,-2.46532,-3.2916656,True,False,False,-0.769888015,2.5503787498840333,1.7240332239944456,False,point_median
PRIOR_0004403,AGMGAKD,0.3807764,producible_prior,-2.1696024,-1.3432568,-2.1696024,True,False,False,-0.769888015,2.5503787498840333,1.7240332239944456,False,point_median
PRIOR_0004404,SKRRFCV,-0.41374612,producible_prior,-2.964125,-2.1377792,-2.964125,True,False,False,-0.769888015,2.5503787498840333,1.7240332239944456,False,point_median
PRIOR_0004405,KISKRLQ,0.62422276,producible_prior,-1.926156,-1.0998105,-1.926156,True,False,False,-0.769888015,2.5503787498840333,1.7240332239944456,False,point_median
PRIOR_0004406,ISGKVHH,0.5875573,producible_prior,-1.9628215,-1.1364759,-1.9628215,True,False,False,-0.769888015,2.5503787498840333,1.7240332239944456,False,point_median
PRIOR_0004407,GRTEYAP,-0.43029392,producible_prior,-2.9806728,-2.1543272,-2.9806728,True,False,False,-0.769888015,2.5503787498840333,1.7240332239944456,False,point_median
PRIOR_0004408,TKWAQPG,-0.3767085,producible_prior,-2.9270873,-2.1007419,-2.9270873,True,False,False,-0.769888015,2.5503787498840333,1.7240332239944456,False,point_median
PRIOR_0004409,MQGEVVV,-0.69613886,producible_prior,-3.2465177,-2.4201722,-3.2465177,True,False,False,-0.769888015,2.5503787498840333,1.7240332239944456,False,point_median
PRIOR_0004410,QCDGKKA,-0.014881134,producible_prior,-2.56526,-1.7389144,-2.56526,True,False,False,-0.769888015,2.5503787498840333,1.7240332239944456,False,point_median
PRIOR_0004411,NMDVPQA,-0.55684936,producible_prior,-3.1072283,-2.2808826,-3.1072283,True,False,False,-0.769888015,2.5503787498840333,1.7240332239944456,False,point_median
PRIOR_0004412,LTPFPTG,-0.5355916,producible_prior,-3.0859704,-2.259625,-3.0859704,True,False,False,-0.769888015,2.5503787498840333,1.7240332239944456,False,point_median
PRIOR_0004413,NTNRSVI,0.42823935,producible_prior,-2.1221395,-1.2957939,-2.1221395,True,False,False,-0.769888015,2.5503787498840333,1.7240332239944456,False,point_median
PRIOR_0004414,RDQKRER,1.5389392,producible_prior,-1.0114396,-0.185094,-1.0114396,True,True,False,-0.769888015,2.5503787498840333,1.7240332239944456,False,point_median
PRIOR_0004415,QETKKTM,0.9574406,producible_prior,-1.5929382,-0.7665926,-1.5929382,True,True,False,-0.769888015,2.5503787498840333,1.7240332239944456,False,point_median
PRIOR_0004416,IRDPVAD,-0.20456028,producible_prior,-2.754939,-1.9285935,-2.754939,True,False,False,-0.769888015,2.5503787498840333,1.7240332239944456,False,point_median
PRIOR_0004417,NNPSVSS,0.4078784,producible_prior,-2.1425004,-1.3161548,-2.1425004,True,False,False,-0.769888015,2.5503787498840333,1.7240332239944456,False,point_median
PRIOR_0004418,HNQKAHD,0.86867166,producible_prior,-1.6817071,-0.8553616,-1.6817071,True,False,False,-0.769888015,2.5503787498840333,1.7240332239944456,False,point_median
PRIOR_0004419,RIEISKG,0.7617035,producible_prior,-1.7886753,-0.96232975,-1.7886753,True,False,False,-0.769888015,2.5503787498840333,1.7240332239944456,False,point_median
PRIOR_0004420,QVNTVVK,0.042173386,producible_prior,-2.5082054,-1.6818599,-2.5082054,True,False,False,-0.769888015,2.5503787498840333,1.7240332239944456,False,point_median
PRIOR_0004421,GGVIPIG,-0.65418994,producible_prior,-3.2045689,-2.3782232,-3.2045689,True,False,False,-0.769888015,2.5503787498840333,1.7240332239944456,False,point_median
PRIOR_0004422,QSTATNP,0.42794704,producible_prior,-2.1224318,-1.2960862,-2.1224318,True,False,False,-0.769888015,2.5503787498840333,1.7240332239944456,False,point_median
PRIOR_0004423,LHGPSRL,0.22858238,producible_prior,-2.3217964,-1.4954509,-2.3217964,True,False,False,-0.769888015,2.5503787498840333,1.7240332239944456,False,point_median
PRIOR_0004424,GMGPKFR,-0.130368,producible_prior,-2.6807468,-1.8544012,-2.6807468,True,False,False,-0.769888015,2.5503787498840333,1.7240332239944456,False,point_median
PRIOR_0004425,TGIKRQD,1.011966,producible_prior,-1.5384128,-0.71206725,-1.5384128,True,True,False,-0.769888015,2.5503787498840333,1.7240332239944456,False,point_median
PRIOR_0004426,WGKSGLP,0.670506,producible_prior,-1.8798728,-1.0535272,-1.8798728,True,False,False,-0.769888015,2.5503787498840333,1.7240332239944456,False,point_median
PRIOR_0004427,YAQGLAH,-0.3795805,producible_prior,-2.9299593,-2.1036139,-2.9299593,True,False,False,-0.769888015,2.5503787498840333,1.7240332239944456,False,point_median
PRIOR_0004428,GPGSLYA,-0.5193951,producible_prior,-3.069774,-2.2434282,-3.069774,True,False,False,-0.769888015,2.5503787498840333,1.7240332239944456,False,point_median
PRIOR_0004429,GLGKAEY,0.06930518,producible_prior,-2.4810736,-1.654728,-2.4810736,True,False,False,-0.769888015,2.5503787498840333,1.7240332239944456,False,point_median
PRIOR_0004430,FASIKPN,-0.4637649,producible_prior,-3.0141437,-2.187798,-3.0141437,True,False,False,-0.769888015,2.5503787498840333,1.7240332239944456,False,point_median
PRIOR_0004431,HLPDRRM,0.1799941,producible_prior,-2.3703847,-1.5440391,-2.3703847,True,False,False,-0.769888015,2.5503787498840333,1.7240332239944456,False,point_median
PRIOR_0004432,RRGYDHA,0.122823715,producible_prior,-2.427555,-1.6012095,-2.427555,True,False,False,-0.769888015,2.5503787498840333,1.7240332239944456,False,point_median
PRIOR_0004433,VCRVRRA,-0.048293114,producible_prior,-2.598672,-1.7723264,-2.598672,True,False,False,-0.769888015,2.5503787498840333,1.7240332239944456,False,point_median
PRIOR_0004434,KDQKMMV,0.2900629,producible_prior,-2.260316,-1.4339703,-2.260316,True,False,False,-0.769888015,2.5503787498840333,1.7240332239944456,False,point_median
PRIOR_0004435,AKDMAEH,-0.65957844,producible_prior,-3.2099571,-2.3836117,-3.2099571,True,False,False,-0.769888015,2.5503787498840333,1.7240332239944456,False,point_median
PRIOR_0004436,KYNIRTE,0.10092187,producible_prior,-2.449457,-1.6231114,-2.449457,True,False,False,-0.769888015,2.5503787498840333,1.7240332239944456,False,point_median
PRIOR_0004437,RDKHNYV,0.047002077,producible_prior,-2.5033767,-1.6770312,-2.5033767,True,False,False,-0.769888015,2.5503787498840333,1.7240332239944456,False,point_median
PRIOR_0004438,EAPKMNM,-0.24668717,producible_prior,-2.797066,-1.9707204,-2.797066,True,False,False,-0.769888015,2.5503787498840333,1.7240332239944456,False,point_median
PRIOR_0004439,GHAKEAF,-0.14356089,producible_prior,-2.6939397,-1.8675941,-2.6939397,True,False,False,-0.769888015,2.5503787498840333,1.7240332239944456,False,point_median
PRIOR_0004440,NQQAGET,-0.09948349,producible_prior,-2.6498623,-1.8235167,-2.6498623,True,False,False,-0.769888015,2.5503787498840333,1.7240332239944456,False,point_median
PRIOR_0004441,IREQSMN,-0.5728606,producible_prior,-3.1232395,-2.2968938,-3.1232395,True,False,False,-0.769888015,2.5503787498840333,1.7240332239944456,False,point_median
PRIOR_0004442,IQLQQNK,-0.47494566,producible_prior,-3.0253243,-2.198979,-3.0253243,True,False,False,-0.769888015,2.5503787498840333,1.7240332239944456,False,point_median
PRIOR_0004443,SNPFAND,-0.736073,producible_prior,-3.2864518,-2.4601064,-3.2864518,True,False,False,-0.769888015,2.5503787498840333,1.7240332239944456,False,point_median
PRIOR_0004444,VNYARAD,-0.5346128,producible_prior,-3.0849915,-2.258646,-3.0849915,True,False,False,-0.769888015,2.5503787498840333,1.7240332239944456,False,point_median
PRIOR_0004445,QERDIGA,-0.15775299,producible_prior,-2.7081318,-1.8817862,-2.7081318,True,False,False,-0.769888015,2.5503787498840333,1.7240332239944456,False,point_median
PRIOR_0004446,RTKRWPS,0.57194996,producible_prior,-1.9784288,-1.1520833,-1.9784288,True,False,False,-0.769888015,2.5503787498840333,1.7240332239944456,False,point_median
PRIOR_0004447,SFHTGVP,-0.06651974,producible_prior,-2.6168985,-1.790553,-2.6168985,True,False,False,-0.769888015,2.5503787498840333,1.7240332239944456,False,point_median
PRIOR_0004448,AQKGYEE,-0.012617111,producible_prior,-2.562996,-1.7366503,-2.562996,True,False,False,-0.769888015,2.5503787498840333,1.7240332239944456,False,point_median
PRIOR_0004449,KFREEAE,0.062122345,producible_prior,-2.4882565,-1.6619109,-2.4882565,True,False,False,-0.769888015,2.5503787498840333,1.7240332239944456,False,point_median
PRIOR_0004450,PTDKQGA,0.5998399,producible_prior,-1.9505389,-1.1241933,-1.9505389,True,False,False,-0.769888015,2.5503787498840333,1.7240332239944456,False,point_median
PRIOR_0004451,ANHNQIP,0.037920475,producible_prior,-2.5124583,-1.6861128,-2.5124583,True,False,False,-0.769888015,2.5503787498840333,1.7240332239944456,False,point_median
PRIOR_0004452,LRGEAGF,-0.13961554,producible_prior,-2.6899943,-1.8636488,-2.6899943,True,False,False,-0.769888015,2.5503787498840333,1.7240332239944456,False,point_median
PRIOR_0004453,PRQSQAW,-0.75252676,producible_prior,-3.3029056,-2.47656,-3.3029056,True,False,False,-0.769888015,2.5503787498840333,1.7240332239944456,False,point_median
PRIOR_0004454,SPFNTNK,-0.23350453,producible_prior,-2.7838833,-1.9575378,-2.7838833,True,False,False,-0.769888015,2.5503787498840333,1.7240332239944456,False,point_median
PRIOR_0004455,GPALKVL,-0.21056151,producible_prior,-2.7609403,-1.9345948,-2.7609403,True,False,False,-0.769888015,2.5503787498840333,1.7240332239944456,False,point_median
PRIOR_0004456,IARQPPK,0.9570079,producible_prior,-1.5933709,-0.76702535,-1.5933709,True,True,False,-0.769888015,2.5503787498840333,1.7240332239944456,False,point_median
PRIOR_0004457,EKNKTNG,1.9195762,producible_prior,-0.63080263,0.19554293,-0.63080263,True,True,True,-0.769888015,2.5503787498840333,1.7240332239944456,False,point_median
PRIOR_0004458,IFANRPV,-0.12112951,producible_prior,-2.6715083,-1.8451627,-2.6715083,True,False,False,-0.769888015,2.5503787498840333,1.7240332239944456,False,point_median
PRIOR_0004459,GPPPAKF,0.4347036,producible_prior,-2.1156752,-1.2893296,-2.1156752,True,False,False,-0.769888015,2.5503787498840333,1.7240332239944456,False,point_median
PRIOR_0004460,KQHEVKS,1.0896413,producible_prior,-1.4607375,-0.6343919,-1.4607375,True,True,False,-0.769888015,2.5503787498840333,1.7240332239944456,False,point_median
PRIOR_0004461,WRARKRW,0.5575671,producible_prior,-1.9928117,-1.1664661,-1.9928117,True,False,False,-0.769888015,2.5503787498840333,1.7240332239944456,False,point_median
PRIOR_0004462,RNHVYTV,-0.35594058,producible_prior,-2.9063194,-2.0799737,-2.9063194,True,False,False,-0.769888015,2.5503787498840333,1.7240332239944456,False,point_median
PRIOR_0004463,RTEERDT,-0.5036169,producible_prior,-3.0539956,-2.2276502,-3.0539956,True,False,False,-0.769888015,2.5503787498840333,1.7240332239944456,False,point_median
PRIOR_0004464,NMNHQVP,-0.01881218,producible_prior,-2.569191,-1.7428454,-2.569191,True,False,False,-0.769888015,2.5503787498840333,1.7240332239944456,False,point_median
PRIOR_0004465,LPDRNAT,-0.03811407,producible_prior,-2.5884929,-1.7621473,-2.5884929,True,False,False,-0.769888015,2.5503787498840333,1.7240332239944456,False,point_median
PRIOR_0004466,ITPLMKL,-0.7121856,producible_prior,-3.2625644,-2.4362187,-3.2625644,True,False,False,-0.769888015,2.5503787498840333,1.7240332239944456,False,point_median
PRIOR_0004467,KDLKMLV,-0.70927227,producible_prior,-3.2596512,-2.4333055,-3.2596512,True,False,False,-0.769888015,2.5503787498840333,1.7240332239944456,False,point_median
PRIOR_0004468,QSSTERL,-0.17217302,producible_prior,-2.7225518,-1.8962063,-2.7225518,True,False,False,-0.769888015,2.5503787498840333,1.7240332239944456,False,point_median
PRIOR_0004469,PTRKKMD,1.5476418,producible_prior,-1.002737,-0.17639148,-1.002737,True,True,False,-0.769888015,2.5503787498840333,1.7240332239944456,False,point_median
PRIOR_0004470,YQMPQSG,-0.44875026,producible_prior,-2.999129,-2.1727834,-2.999129,True,False,False,-0.769888015,2.5503787498840333,1.7240332239944456,False,point_median
PRIOR_0004471,FGDEKKR,0.7483387,producible_prior,-1.8020401,-0.97569454,-1.8020401,True,False,False,-0.769888015,2.5503787498840333,1.7240332239944456,False,point_median
PRIOR_0004472,IVQDKAS,0.38497448,producible_prior,-2.1654043,-1.3390588,-2.1654043,True,False,False,-0.769888015,2.5503787498840333,1.7240332239944456,False,point_median
PRIOR_0004473,AKVILVA,-0.51783323,producible_prior,-3.068212,-2.2418666,-3.068212,True,False,False,-0.769888015,2.5503787498840333,1.7240332239944456,False,point_median
PRIOR_0004474,RKRVPPQ,1.1539953,producible_prior,-1.3963835,-0.57003796,-1.3963835,True,True,False,-0.769888015,2.5503787498840333,1.7240332239944456,False,point_median
PRIOR_0004475,QDRHQQG,0.94265914,producible_prior,-1.6077197,-0.7813741,-1.6077197,True,False,False,-0.769888015,2.5503787498840333,1.7240332239944456,False,point_median
PRIOR_0004476,HLTHSGI,-0.19007254,producible_prior,-2.7404513,-1.9141058,-2.7404513,True,False,False,-0.769888015,2.5503787498840333,1.7240332239944456,False,point_median
PRIOR_0004477,VQKAAMI,0.38556743,producible_prior,-2.1648114,-1.3384658,-2.1648114,True,False,False,-0.769888015,2.5503787498840333,1.7240332239944456,False,point_median
PRIOR_0004478,WNAKQLN,-0.678478,producible_prior,-3.2288568,-2.4025111,-3.2288568,True,False,False,-0.769888015,2.5503787498840333,1.7240332239944456,False,point_median
PRIOR_0004479,IEFNKVG,-0.3091433,producible_prior,-2.859522,-2.0331764,-2.859522,True,False,False,-0.769888015,2.5503787498840333,1.7240332239944456,False,point_median
PRIOR_0004480,WLPKRKS,1.5563376,producible_prior,-0.9940412,-0.16769564,-0.9940412,True,True,False,-0.769888015,2.5503787498840333,1.7240332239944456,False,point_median
PRIOR_0004481,APQTKNQ,0.10582781,producible_prior,-2.444551,-1.6182054,-2.444551,True,False,False,-0.769888015,2.5503787498840333,1.7240332239944456,False,point_median
PRIOR_0004482,GGNSTDM,0.10544181,producible_prior,-2.444937,-1.6185914,-2.444937,True,False,False,-0.769888015,2.5503787498840333,1.7240332239944456,False,point_median
PRIOR_0004483,FVRGKED,1.0889506,producible_prior,-1.4614282,-0.6350826,-1.4614282,True,True,False,-0.769888015,2.5503787498840333,1.7240332239944456,False,point_median
PRIOR_0004484,KDNWNRK,-0.46394944,producible_prior,-3.0143282,-2.1879826,-3.0143282,True,False,False,-0.769888015,2.5503787498840333,1.7240332239944456,False,point_median
PRIOR_0004485,QLERKFL,-0.752929,producible_prior,-3.3033078,-2.476962,-3.3033078,True,False,False,-0.769888015,2.5503787498840333,1.7240332239944456,False,point_median
PRIOR_0004486,IAYPTSA,-0.61218166,producible_prior,-3.1625605,-2.336215,-3.1625605,True,False,False,-0.769888015,2.5503787498840333,1.7240332239944456,False,point_median
PRIOR_0004487,HKFNQVT,-0.44720864,producible_prior,-2.9975874,-2.1712418,-2.9975874,True,False,False,-0.769888015,2.5503787498840333,1.7240332239944456,False,point_median
PRIOR_0004488,FGKRGGR,1.9675016,producible_prior,-0.58287716,0.2434684,-0.58287716,True,True,True,-0.769888015,2.5503787498840333,1.7240332239944456,False,point_median
PRIOR_0004489,RQQRIFR,0.009560823,producible_prior,-2.540818,-1.7144724,-2.540818,True,False,False,-0.769888015,2.5503787498840333,1.7240332239944456,False,point_median
PRIOR_0004490,RKANATW,0.31594706,producible_prior,-2.2344317,-1.4080862,-2.2344317,True,False,False,-0.769888015,2.5503787498840333,1.7240332239944456,False,point_median
PRIOR_0004491,ATEQAGV,-0.45644772,producible_prior,-3.0068264,-2.180481,-3.0068264,True,False,False,-0.769888015,2.5503787498840333,1.7240332239944456,False,point_median
PRIOR_0004492,PIGVRVR,0.03504753,producible_prior,-2.5153313,-1.6889857,-2.5153313,True,False,False,-0.769888015,2.5503787498840333,1.7240332239944456,False,point_median
PRIOR_0004493,GAPQMSR,0.22699857,producible_prior,-2.3233802,-1.4970347,-2.3233802,True,False,False,-0.769888015,2.5503787498840333,1.7240332239944456,False,point_median
PRIOR_0004494,KPRSAMI,1.1270611,producible_prior,-1.4233177,-0.5969721,-1.4233177,True,True,False,-0.769888015,2.5503787498840333,1.7240332239944456,False,point_median
PRIOR_0004495,VKDGPDM,0.035316467,producible_prior,-2.5150623,-1.6887168,-2.5150623,True,False,False,-0.769888015,2.5503787498840333,1.7240332239944456,False,point_median
PRIOR_0004496,GKRDGRC,0.2650838,producible_prior,-2.285295,-1.4589494,-2.285295,True,False,False,-0.769888015,2.5503787498840333,1.7240332239944456,False,point_median
PRIOR_0004497,HRQNMDN,-0.4350685,producible_prior,-2.9854474,-2.1591017,-2.9854474,True,False,False,-0.769888015,2.5503787498840333,1.7240332239944456,False,point_median
PRIOR_0004498,GHDQRQE,0.43396354,producible_prior,-2.1164153,-1.2900697,-2.1164153,True,False,False,-0.769888015,2.5503787498840333,1.7240332239944456,False,point_median
PRIOR_0004499,YRIQTVK,0.07446766,producible_prior,-2.4759111,-1.6495656,-2.4759111,True,False,False,-0.769888015,2.5503787498840333,1.7240332239944456,False,point_median
PRIOR_0004500,RRMVKRC,-0.006822586,producible_prior,-2.5572014,-1.7308558,-2.5572014,True,False,False,-0.769888015,2.5503787498840333,1.7240332239944456,False,point_median
PRIOR_0004501,PRQDVKV,0.57573557,producible_prior,-1.9746432,-1.1482977,-1.9746432,True,False,False,-0.769888015,2.5503787498840333,1.7240332239944456,False,point_median
PRIOR_0004502,MFGVSER,-0.42950034,producible_prior,-2.9798791,-2.1535335,-2.9798791,True,False,False,-0.769888015,2.5503787498840333,1.7240332239944456,False,point_median
PRIOR_0004503,WYASSSG,-0.6564348,producible_prior,-3.2068136,-2.380468,-3.2068136,True,False,False,-0.769888015,2.5503787498840333,1.7240332239944456,False,point_median
PRIOR_0004504,GNGKHRC,0.020460367,producible_prior,-2.5299184,-1.7035729,-2.5299184,True,False,False,-0.769888015,2.5503787498840333,1.7240332239944456,False,point_median
PRIOR_0004505,KFDPPRT,-0.3491987,producible_prior,-2.8995776,-2.073232,-2.8995776,True,False,False,-0.769888015,2.5503787498840333,1.7240332239944456,False,point_median
PRIOR_0004506,RIQGERP,1.07725,producible_prior,-1.4731288,-0.64678323,-1.4731288,True,True,False,-0.769888015,2.5503787498840333,1.7240332239944456,False,point_median
PRIOR_0004507,ANGTEPM,-0.44936728,producible_prior,-2.999746,-2.1734004,-2.999746,True,False,False,-0.769888015,2.5503787498840333,1.7240332239944456,False,point_median
PRIOR_0004508,GTSVKNG,1.4069195,producible_prior,-1.1434593,-0.31711376,-1.1434593,True,True,False,-0.769888015,2.5503787498840333,1.7240332239944456,False,point_median
PRIOR_0004509,QCKSKSL,-0.374851,producible_prior,-2.9252298,-2.098884,-2.9252298,True,False,False,-0.769888015,2.5503787498840333,1.7240332239944456,False,point_median
PRIOR_0004510,TYYKGRA,0.2606802,producible_prior,-2.2896986,-1.463353,-2.2896986,True,False,False,-0.769888015,2.5503787498840333,1.7240332239944456,False,point_median
PRIOR_0004511,GHMKNEL,-0.33482432,producible_prior,-2.8852031,-2.0588574,-2.8852031,True,False,False,-0.769888015,2.5503787498840333,1.7240332239944456,False,point_median
PRIOR_0004512,QDSGPAT,-0.42549276,producible_prior,-2.9758716,-2.1495261,-2.9758716,True,False,False,-0.769888015,2.5503787498840333,1.7240332239944456,False,point_median
PRIOR_0004513,KAWKMTP,-0.5395874,producible_prior,-3.0899663,-2.2636206,-3.0899663,True,False,False,-0.769888015,2.5503787498840333,1.7240332239944456,False,point_median
PRIOR_0004514,LIQDRVP,-0.24539638,producible_prior,-2.7957752,-1.9694296,-2.7957752,True,False,False,-0.769888015,2.5503787498840333,1.7240332239944456,False,point_median
PRIOR_0004515,GMGKYLG,-0.107336044,producible_prior,-2.6577148,-1.8313693,-2.6577148,True,False,False,-0.769888015,2.5503787498840333,1.7240332239944456,False,point_median
PRIOR_0004516,GITKQMV,0.33185577,producible_prior,-2.218523,-1.3921775,-2.218523,True,False,False,-0.769888015,2.5503787498840333,1.7240332239944456,False,point_median
PRIOR_0004517,FVRKSQK,1.6999846,producible_prior,-0.85039425,-0.024048686,-0.85039425,True,True,False,-0.769888015,2.5503787498840333,1.7240332239944456,False,point_median
PRIOR_0004518,RLPYQIG,-0.5267135,producible_prior,-3.0770922,-2.2507467,-3.0770922,True,False,False,-0.769888015,2.5503787498840333,1.7240332239944456,False,point_median
PRIOR_0004519,TELQAGK,-0.58861613,producible_prior,-3.138995,-2.3126493,-3.138995,True,False,False,-0.769888015,2.5503787498840333,1.7240332239944456,False,point_median
PRIOR_0004520,MPRGIRI,0.9073119,producible_prior,-1.6430669,-0.8167213,-1.6430669,True,False,False,-0.769888015,2.5503787498840333,1.7240332239944456,False,point_median
PRIOR_0004521,QKQRNRS,2.318204,producible_prior,-0.23217487,0.5941707,-0.23217487,True,True,True,-0.769888015,2.5503787498840333,1.7240332239944456,False,point_median
PRIOR_0004522,RVGFMMK,-0.55155706,producible_prior,-3.1019359,-2.2755904,-3.1019359,True,False,False,-0.769888015,2.5503787498840333,1.7240332239944456,False,point_median
PRIOR_0004523,GGRHRHH,1.4027953,producible_prior,-1.1475835,-0.32123792,-1.1475835,True,True,False,-0.769888015,2.5503787498840333,1.7240332239944456,False,point_median
PRIOR_0004524,FLRKSNC,-0.6741326,producible_prior,-3.2245114,-2.3981657,-3.2245114,True,False,False,-0.769888015,2.5503787498840333,1.7240332239944456,False,point_median
PRIOR_0004525,FRPSLNS,0.32109118,producible_prior,-2.2292876,-1.4029421,-2.2292876,True,False,False,-0.769888015,2.5503787498840333,1.7240332239944456,False,point_median
PRIOR_0004526,GYAKVTV,-0.05870509,producible_prior,-2.609084,-1.7827383,-2.609084,True,False,False,-0.769888015,2.5503787498840333,1.7240332239944456,False,point_median
PRIOR_0004527,TNEAKNT,0.35126662,producible_prior,-2.1991122,-1.3727666,-2.1991122,True,False,False,-0.769888015,2.5503787498840333,1.7240332239944456,False,point_median
PRIOR_0004528,GREKGYD,0.25392342,producible_prior,-2.2964554,-1.4701098,-2.2964554,True,False,False,-0.769888015,2.5503787498840333,1.7240332239944456,False,point_median
PRIOR_0004529,RFRDKHK,1.4164326,producible_prior,-1.1339462,-0.30760062,-1.1339462,True,True,False,-0.769888015,2.5503787498840333,1.7240332239944456,False,point_median
PRIOR_0004530,RQQWVRK,-0.28637564,producible_prior,-2.8367543,-2.0104089,-2.8367543,True,False,False,-0.769888015,2.5503787498840333,1.7240332239944456,False,point_median
PRIOR_0004531,NNDQQQE,-0.05051756,producible_prior,-2.6008964,-1.7745508,-2.6008964,True,False,False,-0.769888015,2.5503787498840333,1.7240332239944456,False,point_median
PRIOR_0004532,FAGRHEL,-0.0529871,producible_prior,-2.603366,-1.7770203,-2.603366,True,False,False,-0.769888015,2.5503787498840333,1.7240332239944456,False,point_median
PRIOR_0004533,QVDKVLM,-0.61906385,producible_prior,-3.1694427,-2.3430972,-3.1694427,True,False,False,-0.769888015,2.5503787498840333,1.7240332239944456,False,point_median
PRIOR_0004534,DKEKLND,0.08490276,producible_prior,-2.465476,-1.6391305,-2.465476,True,False,False,-0.769888015,2.5503787498840333,1.7240332239944456,False,point_median
PRIOR_0004535,LNPRHAE,0.7516818,producible_prior,-1.798697,-0.97235143,-1.798697,True,False,False,-0.769888015,2.5503787498840333,1.7240332239944456,False,point_median
PRIOR_0004536,VPYNQSE,-0.6877768,producible_prior,-3.2381556,-2.41181,-3.2381556,True,False,False,-0.769888015,2.5503787498840333,1.7240332239944456,False,point_median
PRIOR_0004537,KGEQATH,0.3810401,producible_prior,-2.1693387,-1.3429931,-2.1693387,True,False,False,-0.769888015,2.5503787498840333,1.7240332239944456,False,point_median
PRIOR_0004538,RHIGENK,0.17399454,producible_prior,-2.3763843,-1.5500387,-2.3763843,True,False,False,-0.769888015,2.5503787498840333,1.7240332239944456,False,point_median
PRIOR_0004539,ERGPAGI,0.15511012,producible_prior,-2.3952687,-1.5689231,-2.3952687,True,False,False,-0.769888015,2.5503787498840333,1.7240332239944456,False,point_median
PRIOR_0004540,DSNSNSP,-0.018222809,producible_prior,-2.5686016,-1.742256,-2.5686016,True,False,False,-0.769888015,2.5503787498840333,1.7240332239944456,False,point_median
PRIOR_0004541,ALGSHKM,0.39713717,producible_prior,-2.1532416,-1.3268961,-2.1532416,True,False,False,-0.769888015,2.5503787498840333,1.7240332239944456,False,point_median
PRIOR_0004542,KGRSHRE,2.2126627,producible_prior,-0.3377161,0.48862946,-0.3377161,True,True,True,-0.769888015,2.5503787498840333,1.7240332239944456,False,point_median
PRIOR_0004543,RAMQDAS,-0.45810986,producible_prior,-3.0084887,-2.1821432,-3.0084887,True,False,False,-0.769888015,2.5503787498840333,1.7240332239944456,False,point_median
PRIOR_0004544,MKQDHMP,0.20679164,producible_prior,-2.3435872,-1.5172416,-2.3435872,True,False,False,-0.769888015,2.5503787498840333,1.7240332239944456,False,point_median
PRIOR_0004545,KPAGQSA,1.6513247,producible_prior,-0.89905405,-0.07270849,-0.89905405,True,True,False,-0.769888015,2.5503787498840333,1.7240332239944456,False,point_median
PRIOR_0004546,RFMRAPG,0.44461727,producible_prior,-2.1057615,-1.279416,-2.1057615,True,False,False,-0.769888015,2.5503787498840333,1.7240332239944456,False,point_median
PRIOR_0004547,LGSPIKH,0.29740095,producible_prior,-2.2529778,-1.4266323,-2.2529778,True,False,False,-0.769888015,2.5503787498840333,1.7240332239944456,False,point_median
PRIOR_0004548,YNPPAVI,-0.41710973,producible_prior,-2.9674885,-2.1411428,-2.9674885,True,False,False,-0.769888015,2.5503787498840333,1.7240332239944456,False,point_median
PRIOR_0004549,LNSKKLV,1.329793,producible_prior,-1.2205858,-0.39424026,-1.2205858,True,True,False,-0.769888015,2.5503787498840333,1.7240332239944456,False,point_median
PRIOR_0004550,KTGFHIE,-0.5100565,producible_prior,-3.0604353,-2.2340899,-3.0604353,True,False,False,-0.769888015,2.5503787498840333,1.7240332239944456,False,point_median
PRIOR_0004551,TEPNKVK,0.92481995,producible_prior,-1.6255589,-0.7992133,-1.6255589,True,False,False,-0.769888015,2.5503787498840333,1.7240332239944456,False,point_median
PRIOR_0004552,YPGNRMK,0.8813834,producible_prior,-1.6689954,-0.8426498,-1.6689954,True,False,False,-0.769888015,2.5503787498840333,1.7240332239944456,False,point_median
PRIOR_0004553,QRGAIDR,0.46677256,producible_prior,-2.0836062,-1.2572607,-2.0836062,True,False,False,-0.769888015,2.5503787498840333,1.7240332239944456,False,point_median
PRIOR_0004554,FIWHKRG,-0.761415,producible_prior,-3.3117938,-2.4854484,-3.3117938,True,False,False,-0.769888015,2.5503787498840333,1.7240332239944456,False,point_median
PRIOR_0004555,EVHGKDF,-0.6429206,producible_prior,-3.1932993,-2.3669538,-3.1932993,True,False,False,-0.769888015,2.5503787498840333,1.7240332239944456,False,point_median
PRIOR_0004556,QHNKEVV,0.45553637,producible_prior,-2.0948424,-1.2684969,-2.0948424,True,False,False,-0.769888015,2.5503787498840333,1.7240332239944456,False,point_median
PRIOR_0004557,TMRQNKM,1.0628502,producible_prior,-1.4875286,-0.661183,-1.4875286,True,True,False,-0.769888015,2.5503787498840333,1.7240332239944456,False,point_median
PRIOR_0004558,IQDAIRH,-0.57216036,producible_prior,-3.122539,-2.2961936,-3.122539,True,False,False,-0.769888015,2.5503787498840333,1.7240332239944456,False,point_median
PRIOR_0004559,CRHKPFH,-0.703637,producible_prior,-3.254016,-2.4276702,-3.254016,True,False,False,-0.769888015,2.5503787498840333,1.7240332239944456,False,point_median
PRIOR_0004560,WLAVTKA,0.14968157,producible_prior,-2.4006972,-1.5743517,-2.4006972,True,False,False,-0.769888015,2.5503787498840333,1.7240332239944456,False,point_median
PRIOR_0004561,SEDGLHA,-0.7668737,producible_prior,-3.3172526,-2.490907,-3.3172526,True,False,False,-0.769888015,2.5503787498840333,1.7240332239944456,False,point_median
PRIOR_0004562,HDQIRNE,-0.43348467,producible_prior,-2.9838634,-2.157518,-2.9838634,True,False,False,-0.769888015,2.5503787498840333,1.7240332239944456,False,point_median
PRIOR_0004563,KTRMVVH,0.019779682,producible_prior,-2.530599,-1.7042536,-2.530599,True,False,False,-0.769888015,2.5503787498840333,1.7240332239944456,False,point_median
PRIOR_0004564,RNNVPFM,-0.62735796,producible_prior,-3.1777368,-2.3513913,-3.1777368,True,False,False,-0.769888015,2.5503787498840333,1.7240332239944456,False,point_median
PRIOR_0004565,PEKMTMP,-0.58566046,producible_prior,-3.1360393,-2.3096938,-3.1360393,True,False,False,-0.769888015,2.5503787498840333,1.7240332239944456,False,point_median
PRIOR_0004566,FSPKQGQ,-0.0024240017,producible_prior,-2.5528028,-1.7264572,-2.5528028,True,False,False,-0.769888015,2.5503787498840333,1.7240332239944456,False,point_median
PRIOR_0004567,RPASQDA,0.9442313,producible_prior,-1.6061475,-0.77980196,-1.6061475,True,False,False,-0.769888015,2.5503787498840333,1.7240332239944456,False,point_median
PRIOR_0004568,MRRDPVK,0.9408171,producible_prior,-1.6095617,-0.7832161,-1.6095617,True,False,False,-0.769888015,2.5503787498840333,1.7240332239944456,False,point_median
PRIOR_0004569,KTRLGIV,0.41305113,producible_prior,-2.1373277,-1.3109821,-2.1373277,True,False,False,-0.769888015,2.5503787498840333,1.7240332239944456,False,point_median
PRIOR_0004570,VRATAQY,-0.020347118,producible_prior,-2.570726,-1.7443804,-2.570726,True,False,False,-0.769888015,2.5503787498840333,1.7240332239944456,False,point_median
PRIOR_0004571,ANKTDKF,0.3286848,producible_prior,-2.221694,-1.3953484,-2.221694,True,False,False,-0.769888015,2.5503787498840333,1.7240332239944456,False,point_median
PRIOR_0004572,AENPGDP,-0.45034432,producible_prior,-3.0007231,-2.1743774,-3.0007231,True,False,False,-0.769888015,2.5503787498840333,1.7240332239944456,False,point_median
PRIOR_0004573,LTRKLRT,1.0688925,producible_prior,-1.4814863,-0.65514076,-1.4814863,True,True,False,-0.769888015,2.5503787498840333,1.7240332239944456,False,point_median
PRIOR_0004574,AVISTKG,0.46388054,producible_prior,-2.0864983,-1.2601527,-2.0864983,True,False,False,-0.769888015,2.5503787498840333,1.7240332239944456,False,point_median
PRIOR_0004575,VRVKMII,-0.052796602,producible_prior,-2.6031754,-1.7768298,-2.6031754,True,False,False,-0.769888015,2.5503787498840333,1.7240332239944456,False,point_median
PRIOR_0004576,ETQIKSD,-0.47194195,producible_prior,-3.0223207,-2.1959753,-3.0223207,True,False,False,-0.769888015,2.5503787498840333,1.7240332239944456,False,point_median
PRIOR_0004577,YNPRGHP,1.0557728,producible_prior,-1.494606,-0.66826046,-1.494606,True,True,False,-0.769888015,2.5503787498840333,1.7240332239944456,False,point_median
PRIOR_0004578,SARRLNT,0.606297,producible_prior,-1.9440818,-1.1177362,-1.9440818,True,False,False,-0.769888015,2.5503787498840333,1.7240332239944456,False,point_median
PRIOR_0004579,RVPDMEE,-0.26796222,producible_prior,-2.818341,-1.9919955,-2.818341,True,False,False,-0.769888015,2.5503787498840333,1.7240332239944456,False,point_median
PRIOR_0004580,RTPISQS,0.6211684,producible_prior,-1.9292104,-1.1028649,-1.9292104,True,False,False,-0.769888015,2.5503787498840333,1.7240332239944456,False,point_median
PRIOR_0004581,VKLDNEA,-0.19550729,producible_prior,-2.745886,-1.9195405,-2.745886,True,False,False,-0.769888015,2.5503787498840333,1.7240332239944456,False,point_median
PRIOR_0004582,KRKEDSS,1.4779067,producible_prior,-1.0724721,-0.24612653,-1.0724721,True,True,False,-0.769888015,2.5503787498840333,1.7240332239944456,False,point_median
PRIOR_0004583,DNKSPIL,-0.4439299,producible_prior,-2.9943087,-2.167963,-2.9943087,True,False,False,-0.769888015,2.5503787498840333,1.7240332239944456,False,point_median
PRIOR_0004584,GEKDIIS,-0.6093811,producible_prior,-3.15976,-2.3334143,-3.15976,True,False,False,-0.769888015,2.5503787498840333,1.7240332239944456,False,point_median
PRIOR_0004585,SQMKNMV,-0.1929388,producible_prior,-2.7433176,-1.916972,-2.7433176,True,False,False,-0.769888015,2.5503787498840333,1.7240332239944456,False,point_median
PRIOR_0004586,AKQLMRP,0.52301884,producible_prior,-2.02736,-1.2010144,-2.02736,True,False,False,-0.769888015,2.5503787498840333,1.7240332239944456,False,point_median
PRIOR_0004587,KRLETPS,0.30429196,producible_prior,-2.2460868,-1.4197413,-2.2460868,True,False,False,-0.769888015,2.5503787498840333,1.7240332239944456,False,point_median
PRIOR_0004588,QMNQRKS,1.3016555,producible_prior,-1.2487233,-0.4223777,-1.2487233,True,True,False,-0.769888015,2.5503787498840333,1.7240332239944456,False,point_median
PRIOR_0004589,ILFHGRD,-0.6804708,producible_prior,-3.2308497,-2.404504,-3.2308497,True,False,False,-0.769888015,2.5503787498840333,1.7240332239944456,False,point_median
PRIOR_0004590,IVAMRQS,-0.18053365,producible_prior,-2.7309124,-1.9045669,-2.7309124,True,False,False,-0.769888015,2.5503787498840333,1.7240332239944456,False,point_median
PRIOR_0004591,RHFPGPM,-0.57583594,producible_prior,-3.1262147,-2.299869,-3.1262147,True,False,False,-0.769888015,2.5503787498840333,1.7240332239944456,False,point_median
PRIOR_0004592,KPSAIDG,0.79758835,producible_prior,-1.7527905,-0.9264449,-1.7527905,True,False,False,-0.769888015,2.5503787498840333,1.7240332239944456,False,point_median
PRIOR_0004593,KKHDNNA,1.7136798,producible_prior,-0.836699,-0.010353446,-0.836699,True,True,False,-0.769888015,2.5503787498840333,1.7240332239944456,False,point_median
PRIOR_0004594,MFHTNAH,-0.64608705,producible_prior,-3.196466,-2.3701203,-3.196466,True,False,False,-0.769888015,2.5503787498840333,1.7240332239944456,False,point_median
PRIOR_0004595,ADSQRDR,-0.19832349,producible_prior,-2.7487023,-1.9223567,-2.7487023,True,False,False,-0.769888015,2.5503787498840333,1.7240332239944456,False,point_median
PRIOR_0004596,KDDNVHV,-0.5369983,producible_prior,-3.087377,-2.2610316,-3.087377,True,False,False,-0.769888015,2.5503787498840333,1.7240332239944456,False,point_median
PRIOR_0004597,GKLGRQA,1.5661173,producible_prior,-0.9842615,-0.15791595,-0.9842615,True,True,False,-0.769888015,2.5503787498840333,1.7240332239944456,False,point_median
PRIOR_0004598,KMQVGVV,0.2494893,producible_prior,-2.3008895,-1.4745439,-2.3008895,True,False,False,-0.769888015,2.5503787498840333,1.7240332239944456,False,point_median
PRIOR_0004599,PKKSTEW,0.23416638,producible_prior,-2.3162124,-1.4898669,-2.3162124,True,False,False,-0.769888015,2.5503787498840333,1.7240332239944456,False,point_median
PRIOR_0004600,VADQSDA,-0.2788416,producible_prior,-2.8292203,-2.0028749,-2.8292203,True,False,False,-0.769888015,2.5503787498840333,1.7240332239944456,False,point_median
PRIOR_0004601,PQRQVAR,0.43467236,producible_prior,-2.1157064,-1.2893609,-2.1157064,True,False,False,-0.769888015,2.5503787498840333,1.7240332239944456,False,point_median
PRIOR_0004602,IKHQKNK,2.2276573,producible_prior,-0.32272148,0.5036241,-0.32272148,True,True,True,-0.769888015,2.5503787498840333,1.7240332239944456,False,point_median
PRIOR_0004603,SARKMFT,-0.054461956,producible_prior,-2.6048408,-1.7784952,-2.6048408,True,False,False,-0.769888015,2.5503787498840333,1.7240332239944456,False,point_median
PRIOR_0004604,RSSDFDG,-0.63809824,producible_prior,-3.188477,-2.3621316,-3.188477,True,False,False,-0.769888015,2.5503787498840333,1.7240332239944456,False,point_median
PRIOR_0004605,RQRHKVR,2.231422,producible_prior,-0.31895685,0.5073887,-0.31895685,True,True,True,-0.769888015,2.5503787498840333,1.7240332239944456,False,point_median
PRIOR_0004606,REQMNHP,-0.33044887,producible_prior,-2.8808277,-2.054482,-2.8808277,True,False,False,-0.769888015,2.5503787498840333,1.7240332239944456,False,point_median
PRIOR_0004607,FSHVNSV,-0.27378607,producible_prior,-2.8241649,-1.9978193,-2.8241649,True,False,False,-0.769888015,2.5503787498840333,1.7240332239944456,False,point_median
PRIOR_0004608,RHRMVES,0.39578605,producible_prior,-2.1545928,-1.3282472,-2.1545928,True,False,False,-0.769888015,2.5503787498840333,1.7240332239944456,False,point_median
PRIOR_0004609,NPTIKSH,0.35232282,producible_prior,-2.198056,-1.3717104,-2.198056,True,False,False,-0.769888015,2.5503787498840333,1.7240332239944456,False,point_median
PRIOR_0004610,NMKPPQY,-0.34606218,producible_prior,-2.896441,-2.0700955,-2.896441,True,False,False,-0.769888015,2.5503787498840333,1.7240332239944456,False,point_median
PRIOR_0004611,KINEVKE,0.7075105,producible_prior,-1.8428683,-1.0165228,-1.8428683,True,False,False,-0.769888015,2.5503787498840333,1.7240332239944456,False,point_median
PRIOR_0004612,KHIANIT,-0.7644429,producible_prior,-3.3148217,-2.4884763,-3.3148217,True,False,False,-0.769888015,2.5503787498840333,1.7240332239944456,False,point_median
PRIOR_0004613,LGPKCKD,-0.57275915,producible_prior,-3.123138,-2.2967925,-3.123138,True,False,False,-0.769888015,2.5503787498840333,1.7240332239944456,False,point_median
PRIOR_0004614,DGAKEPK,0.37730265,producible_prior,-2.1730762,-1.3467306,-2.1730762,True,False,False,-0.769888015,2.5503787498840333,1.7240332239944456,False,point_median
PRIOR_0004615,MQSQDTD,-0.7068393,producible_prior,-3.2572181,-2.4308724,-3.2572181,True,False,False,-0.769888015,2.5503787498840333,1.7240332239944456,False,point_median
PRIOR_0004616,QIHRSTK,0.9659431,producible_prior,-1.5844357,-0.75809014,-1.5844357,True,True,False,-0.769888015,2.5503787498840333,1.7240332239944456,False,point_median
PRIOR_0004617,TWKMKHH,-0.4554808,producible_prior,-3.0058596,-2.179514,-3.0058596,True,False,False,-0.769888015,2.5503787498840333,1.7240332239944456,False,point_median
PRIOR_0004618,RPTDQSM,0.18420672,producible_prior,-2.366172,-1.5398265,-2.366172,True,False,False,-0.769888015,2.5503787498840333,1.7240332239944456,False,point_median
PRIOR_0004619,IQVAASK,0.002001524,producible_prior,-2.5483773,-1.7220317,-2.5483773,True,False,False,-0.769888015,2.5503787498840333,1.7240332239944456,False,point_median
PRIOR_0004620,HKGDFMK,-0.33723295,producible_prior,-2.8876119,-2.0612662,-2.8876119,True,False,False,-0.769888015,2.5503787498840333,1.7240332239944456,False,point_median
PRIOR_0004621,NSPHQVT,-0.2262423,producible_prior,-2.776621,-1.9502755,-2.776621,True,False,False,-0.769888015,2.5503787498840333,1.7240332239944456,False,point_median
PRIOR_0004622,TVLGDTG,-0.5837468,producible_prior,-3.1341257,-2.30778,-3.1341257,True,False,False,-0.769888015,2.5503787498840333,1.7240332239944456,False,point_median
PRIOR_0004623,NAQMSIK,-0.55395603,producible_prior,-3.1043348,-2.2779894,-3.1043348,True,False,False,-0.769888015,2.5503787498840333,1.7240332239944456,False,point_median
PRIOR_0004624,FSTSHSE,-0.2102294,producible_prior,-2.7606082,-1.9342626,-2.7606082,True,False,False,-0.769888015,2.5503787498840333,1.7240332239944456,False,point_median
PRIOR_0004625,QQDKGIS,0.4106114,producible_prior,-2.1397674,-1.3134218,-2.1397674,True,False,False,-0.769888015,2.5503787498840333,1.7240332239944456,False,point_median
PRIOR_0004626,IQPHAAQ,-0.5633575,producible_prior,-3.1137362,-2.2873907,-3.1137362,True,False,False,-0.769888015,2.5503787498840333,1.7240332239944456,False,point_median
PRIOR_0004627,HRHVHLK,0.5344069,producible_prior,-2.015972,-1.1896263,-2.015972,True,False,False,-0.769888015,2.5503787498840333,1.7240332239944456,False,point_median
PRIOR_0004628,MMYPRRV,-0.6599798,producible_prior,-3.2103586,-2.3840132,-3.2103586,True,False,False,-0.769888015,2.5503787498840333,1.7240332239944456,False,point_median
PRIOR_0004629,YHVKLKG,0.9851804,producible_prior,-1.5651984,-0.73885286,-1.5651984,True,True,False,-0.769888015,2.5503787498840333,1.7240332239944456,False,point_median
PRIOR_0004630,IILTSQK,-0.59753156,producible_prior,-3.1479104,-2.3215647,-3.1479104,True,False,False,-0.769888015,2.5503787498840333,1.7240332239944456,False,point_median
PRIOR_0004631,EWEAKKP,-0.6185614,producible_prior,-3.16894,-2.3425946,-3.16894,True,False,False,-0.769888015,2.5503787498840333,1.7240332239944456,False,point_median
PRIOR_0004632,WQLHRQP,-0.5170822,producible_prior,-3.067461,-2.2411156,-3.067461,True,False,False,-0.769888015,2.5503787498840333,1.7240332239944456,False,point_median
PRIOR_0004633,QNRSTRG,2.082077,producible_prior,-0.46830177,0.3580438,-0.46830177,True,True,True,-0.769888015,2.5503787498840333,1.7240332239944456,False,point_median
PRIOR_0004634,DKNEIRQ,-0.7660432,producible_prior,-3.316422,-2.4900765,-3.316422,True,False,False,-0.769888015,2.5503787498840333,1.7240332239944456,False,point_median
PRIOR_0004635,PSLRSDA,-0.42590582,producible_prior,-2.9762845,-2.149939,-2.9762845,True,False,False,-0.769888015,2.5503787498840333,1.7240332239944456,False,point_median
PRIOR_0004636,KKRELSF,0.6975174,producible_prior,-1.8528614,-1.0265158,-1.8528614,True,False,False,-0.769888015,2.5503787498840333,1.7240332239944456,False,point_median
PRIOR_0004637,NHKWGKH,0.12790442,producible_prior,-2.4224744,-1.5961288,-2.4224744,True,False,False,-0.769888015,2.5503787498840333,1.7240332239944456,False,point_median
PRIOR_0004638,DNRFGMS,-0.74313164,producible_prior,-3.2935104,-2.467165,-3.2935104,True,False,False,-0.769888015,2.5503787498840333,1.7240332239944456,False,point_median
PRIOR_0004639,HVHTRAV,0.5596311,producible_prior,-1.9907477,-1.1644021,-1.9907477,True,False,False,-0.769888015,2.5503787498840333,1.7240332239944456,False,point_median
PRIOR_0004640,FQHRSFP,-0.23510885,producible_prior,-2.7854877,-1.9591421,-2.7854877,True,False,False,-0.769888015,2.5503787498840333,1.7240332239944456,False,point_median
PRIOR_0004641,YHTNTAG,0.5441861,producible_prior,-2.0061927,-1.1798471,-2.0061927,True,False,False,-0.769888015,2.5503787498840333,1.7240332239944456,False,point_median
PRIOR_0004642,FRHFAGS,-0.09646869,producible_prior,-2.6468475,-1.8205019,-2.6468475,True,False,False,-0.769888015,2.5503787498840333,1.7240332239944456,False,point_median
PRIOR_0004643,GYQGERN,-0.7657436,producible_prior,-3.3161225,-2.4897768,-3.3161225,True,False,False,-0.769888015,2.5503787498840333,1.7240332239944456,False,point_median
PRIOR_0004644,GTTQHAF,-0.70534754,producible_prior,-3.2557263,-2.429381,-3.2557263,True,False,False,-0.769888015,2.5503787498840333,1.7240332239944456,False,point_median
PRIOR_0004645,HFKNEQY,-0.66196895,producible_prior,-3.2123477,-2.386002,-3.2123477,True,False,False,-0.769888015,2.5503787498840333,1.7240332239944456,False,point_median
PRIOR_0004646,AISTRLG,0.32168484,producible_prior,-2.228694,-1.4023484,-2.228694,True,False,False,-0.769888015,2.5503787498840333,1.7240332239944456,False,point_median
PRIOR_0004647,KEMQTPP,-0.23757243,producible_prior,-2.7879512,-1.9616057,-2.7879512,True,False,False,-0.769888015,2.5503787498840333,1.7240332239944456,False,point_median
PRIOR_0004648,KVAMVAM,-0.6684514,producible_prior,-3.21883,-2.3924847,-3.21883,True,False,False,-0.769888015,2.5503787498840333,1.7240332239944456,False,point_median
PRIOR_0004649,INQGMTS,0.20847273,producible_prior,-2.341906,-1.5155605,-2.341906,True,False,False,-0.769888015,2.5503787498840333,1.7240332239944456,False,point_median
PRIOR_0004650,TSNVETL,-0.67822313,producible_prior,-3.228602,-2.4022565,-3.228602,True,False,False,-0.769888015,2.5503787498840333,1.7240332239944456,False,point_median
PRIOR_0004651,RMPNEIH,-0.51908875,producible_prior,-3.0694675,-2.243122,-3.0694675,True,False,False,-0.769888015,2.5503787498840333,1.7240332239944456,False,point_median
PRIOR_0004652,FKEKFYG,-0.67839575,producible_prior,-3.2287745,-2.402429,-3.2287745,True,False,False,-0.769888015,2.5503787498840333,1.7240332239944456,False,point_median
PRIOR_0004653,HVNGPAH,0.11533499,producible_prior,-2.4350438,-1.6086982,-2.4350438,True,False,False,-0.769888015,2.5503787498840333,1.7240332239944456,False,point_median
PRIOR_0004654,GTHNPKM,0.7068639,producible_prior,-1.8435149,-1.0171694,-1.8435149,True,False,False,-0.769888015,2.5503787498840333,1.7240332239944456,False,point_median
PRIOR_0004655,DISKGGT,0.108953476,producible_prior,-2.4414253,-1.6150798,-2.4414253,True,False,False,-0.769888015,2.5503787498840333,1.7240332239944456,False,point_median
PRIOR_0004656,LKPLARE,0.89866996,producible_prior,-1.6517088,-0.8253633,-1.6517088,True,False,False,-0.769888015,2.5503787498840333,1.7240332239944456,False,point_median
PRIOR_0004657,WLTDKQK,-0.08861971,producible_prior,-2.6389985,-1.812653,-2.6389985,True,False,False,-0.769888015,2.5503787498840333,1.7240332239944456,False,point_median
PRIOR_0004658,CSAHKMG,-0.09640694,producible_prior,-2.6467857,-1.8204402,-2.6467857,True,False,False,-0.769888015,2.5503787498840333,1.7240332239944456,False,point_median
PRIOR_0004659,NHKSISH,0.5094359,producible_prior,-2.040943,-1.2145973,-2.040943,True,False,False,-0.769888015,2.5503787498840333,1.7240332239944456,False,point_median
PRIOR_0004660,HNSKPDM,0.39296627,producible_prior,-2.1574125,-1.331067,-2.1574125,True,False,False,-0.769888015,2.5503787498840333,1.7240332239944456,False,point_median
PRIOR_0004661,NKGTQQS,1.5757048,producible_prior,-0.974674,-0.14832842,-0.974674,True,True,False,-0.769888015,2.5503787498840333,1.7240332239944456,False,point_median
PRIOR_0004662,HVRLARR,0.5737953,producible_prior,-1.9765835,-1.1502379,-1.9765835,True,False,False,-0.769888015,2.5503787498840333,1.7240332239944456,False,point_median
PRIOR_0004663,THKTDES,0.4836049,producible_prior,-2.066774,-1.2404283,-2.066774,True,False,False,-0.769888015,2.5503787498840333,1.7240332239944456,False,point_median
PRIOR_0004664,KEPMKAQ,-0.36831903,producible_prior,-2.9186978,-2.0923524,-2.9186978,True,False,False,-0.769888015,2.5503787498840333,1.7240332239944456,False,point_median
PRIOR_0004665,HYHIEKG,-0.3030653,producible_prior,-2.853444,-2.0270987,-2.853444,True,False,False,-0.769888015,2.5503787498840333,1.7240332239944456,False,point_median
PRIOR_0004666,HLGVDNP,-0.5111182,producible_prior,-3.061497,-2.2351513,-3.061497,True,False,False,-0.769888015,2.5503787498840333,1.7240332239944456,False,point_median
PRIOR_0004667,SKMGEKH,0.7277489,producible_prior,-1.8226299,-0.99628437,-1.8226299,True,False,False,-0.769888015,2.5503787498840333,1.7240332239944456,False,point_median
PRIOR_0004668,EKNLTSL,-0.5453665,producible_prior,-3.0957453,-2.2693996,-3.0957453,True,False,False,-0.769888015,2.5503787498840333,1.7240332239944456,False,point_median
PRIOR_0004669,QASVIDR,-0.5511036,producible_prior,-3.1014824,-2.275137,-3.1014824,True,False,False,-0.769888015,2.5503787498840333,1.7240332239944456,False,point_median
PRIOR_0004670,VSKQICA,-0.74117196,producible_prior,-3.2915506,-2.4652052,-3.2915506,True,False,False,-0.769888015,2.5503787498840333,1.7240332239944456,False,point_median
PRIOR_0004671,QHAQIGA,0.10146642,producible_prior,-2.4489124,-1.6225668,-2.4489124,True,False,False,-0.769888015,2.5503787498840333,1.7240332239944456,False,point_median
PRIOR_0004672,TLNVTTI,-0.23230505,producible_prior,-2.7826838,-1.9563383,-2.7826838,True,False,False,-0.769888015,2.5503787498840333,1.7240332239944456,False,point_median
PRIOR_0004673,YARVKNT,0.9131062,producible_prior,-1.6372726,-0.81092703,-1.6372726,True,False,False,-0.769888015,2.5503787498840333,1.7240332239944456,False,point_median
PRIOR_0004674,KISMRRA,1.1534476,producible_prior,-1.3969312,-0.5705856,-1.3969312,True,True,False,-0.769888015,2.5503787498840333,1.7240332239944456,False,point_median
PRIOR_0004675,KVGSQAY,0.15358996,producible_prior,-2.3967888,-1.5704433,-2.3967888,True,False,False,-0.769888015,2.5503787498840333,1.7240332239944456,False,point_median
PRIOR_0004676,AHRNDKN,0.23104,producible_prior,-2.3193388,-1.4929932,-2.3193388,True,False,False,-0.769888015,2.5503787498840333,1.7240332239944456,False,point_median
PRIOR_0004677,RQMISRR,0.121592045,producible_prior,-2.4287868,-1.6024412,-2.4287868,True,False,False,-0.769888015,2.5503787498840333,1.7240332239944456,False,point_median
PRIOR_0004678,TERHYVS,-0.6568706,producible_prior,-3.2072494,-2.3809037,-3.2072494,True,False,False,-0.769888015,2.5503787498840333,1.7240332239944456,False,point_median
PRIOR_0004679,SKQEIAY,-0.68377256,producible_prior,-3.2341514,-2.407806,-3.2341514,True,False,False,-0.769888015,2.5503787498840333,1.7240332239944456,False,point_median
PRIOR_0004680,AGPFSAH,-0.71503496,producible_prior,-3.2654138,-2.4390683,-3.2654138,True,False,False,-0.769888015,2.5503787498840333,1.7240332239944456,False,point_median
PRIOR_0004681,LGMATKP,0.5353148,producible_prior,-2.015064,-1.1887184,-2.015064,True,False,False,-0.769888015,2.5503787498840333,1.7240332239944456,False,point_median
PRIOR_0004682,LSSNRAI,0.39421463,producible_prior,-2.1561642,-1.3298186,-2.1561642,True,False,False,-0.769888015,2.5503787498840333,1.7240332239944456,False,point_median
PRIOR_0004683,DQGQEKP,0.33363533,producible_prior,-2.2167435,-1.3903979,-2.2167435,True,False,False,-0.769888015,2.5503787498840333,1.7240332239944456,False,point_median
PRIOR_0004684,IKGILHM,-0.2314694,producible_prior,-2.7818482,-1.9555026,-2.7818482,True,False,False,-0.769888015,2.5503787498840333,1.7240332239944456,False,point_median
PRIOR_0004685,VRTMSRN,-0.047519684,producible_prior,-2.5978985,-1.7715529,-2.5978985,True,False,False,-0.769888015,2.5503787498840333,1.7240332239944456,False,point_median
PRIOR_0004686,LVRVLEH,-0.5557537,producible_prior,-3.1061325,-2.279787,-3.1061325,True,False,False,-0.769888015,2.5503787498840333,1.7240332239944456,False,point_median
PRIOR_0004687,VHGPKGF,0.29286194,producible_prior,-2.2575169,-1.4311713,-2.2575169,True,False,False,-0.769888015,2.5503787498840333,1.7240332239944456,False,point_median
PRIOR_0004688,MDQHLPK,-0.73499644,producible_prior,-3.285375,-2.4590297,-3.285375,True,False,False,-0.769888015,2.5503787498840333,1.7240332239944456,False,point_median
PRIOR_0004689,GRKVDDP,0.89007545,producible_prior,-1.6603034,-0.8339578,-1.6603034,True,False,False,-0.769888015,2.5503787498840333,1.7240332239944456,False,point_median
PRIOR_0004690,LTGHQMG,0.39663506,producible_prior,-2.1537437,-1.3273982,-2.1537437,True,False,False,-0.769888015,2.5503787498840333,1.7240332239944456,False,point_median
PRIOR_0004691,NHGDPQP,0.12729692,producible_prior,-2.4230819,-1.5967363,-2.4230819,True,False,False,-0.769888015,2.5503787498840333,1.7240332239944456,False,point_median
PRIOR_0004692,SISDNHK,-0.27975607,producible_prior,-2.8301349,-2.0037894,-2.8301349,True,False,False,-0.769888015,2.5503787498840333,1.7240332239944456,False,point_median
PRIOR_0004693,GKLVKGS,1.1569936,producible_prior,-1.3933852,-0.5670396,-1.3933852,True,True,False,-0.769888015,2.5503787498840333,1.7240332239944456,False,point_median
PRIOR_0004694,GGANAQG,1.1549623,producible_prior,-1.3954165,-0.56907094,-1.3954165,True,True,False,-0.769888015,2.5503787498840333,1.7240332239944456,False,point_median
PRIOR_0004695,NNKVEII,-0.17979026,producible_prior,-2.730169,-1.9038235,-2.730169,True,False,False,-0.769888015,2.5503787498840333,1.7240332239944456,False,point_median
PRIOR_0004696,SSEVNKQ,-0.6264868,producible_prior,-3.1768656,-2.3505201,-3.1768656,True,False,False,-0.769888015,2.5503787498840333,1.7240332239944456,False,point_median
PRIOR_0004697,NHAANQI,-0.029768467,producible_prior,-2.5801473,-1.7538017,-2.5801473,True,False,False,-0.769888015,2.5503787498840333,1.7240332239944456,False,point_median
PRIOR_0004698,TNAPARF,-0.050569534,producible_prior,-2.6009483,-1.7746028,-2.6009483,True,False,False,-0.769888015,2.5503787498840333,1.7240332239944456,False,point_median
PRIOR_0004699,SKTFIRA,0.42648053,producible_prior,-2.1238983,-1.2975527,-2.1238983,True,False,False,-0.769888015,2.5503787498840333,1.7240332239944456,False,point_median
PRIOR_0004700,DRQWSQG,-0.70991063,producible_prior,-3.2602894,-2.4339437,-3.2602894,True,False,False,-0.769888015,2.5503787498840333,1.7240332239944456,False,point_median
PRIOR_0004701,QFSKVED,-0.026268244,producible_prior,-2.576647,-1.7503015,-2.576647,True,False,False,-0.769888015,2.5503787498840333,1.7240332239944456,False,point_median
PRIOR_0004702,AETGIMA,-0.71196723,producible_prior,-3.262346,-2.4360003,-3.262346,True,False,False,-0.769888015,2.5503787498840333,1.7240332239944456,False,point_median
PRIOR_0004703,TAKQNFV,0.21316528,producible_prior,-2.3372135,-1.510868,-2.3372135,True,False,False,-0.769888015,2.5503787498840333,1.7240332239944456,False,point_median
PRIOR_0004704,ADQSMKE,-0.07527256,producible_prior,-2.6256514,-1.7993058,-2.6256514,True,False,False,-0.769888015,2.5503787498840333,1.7240332239944456,False,point_median
PRIOR_0004705,YPVMEKS,-0.73801696,producible_prior,-3.288396,-2.4620502,-3.288396,True,False,False,-0.769888015,2.5503787498840333,1.7240332239944456,False,point_median
PRIOR_0004706,MKSDMTL,-0.32551646,producible_prior,-2.8758953,-2.0495496,-2.8758953,True,False,False,-0.769888015,2.5503787498840333,1.7240332239944456,False,point_median
PRIOR_0004707,AVSQGSI,-0.04613161,producible_prior,-2.5965104,-1.7701648,-2.5965104,True,False,False,-0.769888015,2.5503787498840333,1.7240332239944456,False,point_median
PRIOR_0004708,RNFSRKD,1.0118194,producible_prior,-1.5385594,-0.7122139,-1.5385594,True,True,False,-0.769888015,2.5503787498840333,1.7240332239944456,False,point_median
PRIOR_0004709,DNGNAHE,-0.09440422,producible_prior,-2.644783,-1.8184375,-2.644783,True,False,False,-0.769888015,2.5503787498840333,1.7240332239944456,False,point_median
PRIOR_0004710,RGNFSDR,0.0068461895,producible_prior,-2.5435326,-1.717187,-2.5435326,True,False,False,-0.769888015,2.5503787498840333,1.7240332239944456,False,point_median
PRIOR_0004711,RVAEGLV,-0.21842241,producible_prior,-2.7688012,-1.9424556,-2.7688012,True,False,False,-0.769888015,2.5503787498840333,1.7240332239944456,False,point_median
PRIOR_0004712,VVNQTSL,-0.28964233,producible_prior,-2.8400211,-2.0136757,-2.8400211,True,False,False,-0.769888015,2.5503787498840333,1.7240332239944456,False,point_median
PRIOR_0004713,GNKEQLS,0.43987775,producible_prior,-2.110501,-1.2841555,-2.110501,True,False,False,-0.769888015,2.5503787498840333,1.7240332239944456,False,point_median
PRIOR_0004714,MMGNKYP,-0.14581847,producible_prior,-2.6961973,-1.8698517,-2.6961973,True,False,False,-0.769888015,2.5503787498840333,1.7240332239944456,False,point_median
PRIOR_0004715,RKTMPIK,0.6599164,producible_prior,-1.8904624,-1.0641168,-1.8904624,True,False,False,-0.769888015,2.5503787498840333,1.7240332239944456,False,point_median
PRIOR_0004716,SGTTRYM,-0.5395715,producible_prior,-3.0899503,-2.2636046,-3.0899503,True,False,False,-0.769888015,2.5503787498840333,1.7240332239944456,False,point_median
PRIOR_0004717,IPHSPPH,0.010403395,producible_prior,-2.5399754,-1.7136298,-2.5399754,True,False,False,-0.769888015,2.5503787498840333,1.7240332239944456,False,point_median
PRIOR_0004718,PGRADTQ,-0.74435925,producible_prior,-3.294738,-2.4683924,-3.294738,True,False,False,-0.769888015,2.5503787498840333,1.7240332239944456,False,point_median
PRIOR_0004719,QTARYNK,-0.15919447,producible_prior,-2.7095733,-1.8832277,-2.7095733,True,False,False,-0.769888015,2.5503787498840333,1.7240332239944456,False,point_median
PRIOR_0004720,WQPKNME,0.13718724,producible_prior,-2.4131916,-1.586846,-2.4131916,True,False,False,-0.769888015,2.5503787498840333,1.7240332239944456,False,point_median
PRIOR_0004721,QRYRFRS,-0.15520859,producible_prior,-2.7055874,-1.8792418,-2.7055874,True,False,False,-0.769888015,2.5503787498840333,1.7240332239944456,False,point_median
PRIOR_0004722,TRDTFTP,-0.39343953,producible_prior,-2.9438183,-2.1174726,-2.9438183,True,False,False,-0.769888015,2.5503787498840333,1.7240332239944456,False,point_median
PRIOR_0004723,NQPETRR,0.47532248,producible_prior,-2.0750563,-1.2487108,-2.0750563,True,False,False,-0.769888015,2.5503787498840333,1.7240332239944456,False,point_median
PRIOR_0004724,FIGPMKS,0.07442093,producible_prior,-2.4759579,-1.6496123,-2.4759579,True,False,False,-0.769888015,2.5503787498840333,1.7240332239944456,False,point_median
PRIOR_0004725,ANQNGKF,0.3829379,producible_prior,-2.167441,-1.3410953,-2.167441,True,False,False,-0.769888015,2.5503787498840333,1.7240332239944456,False,point_median
PRIOR_0004726,NIETTRN,-0.70330596,producible_prior,-3.2536848,-2.427339,-3.2536848,True,False,False,-0.769888015,2.5503787498840333,1.7240332239944456,False,point_median
PRIOR_0004727,PKMWRKK,-0.11454034,producible_prior,-2.6649191,-1.8385736,-2.6649191,True,False,False,-0.769888015,2.5503787498840333,1.7240332239944456,False,point_median
PRIOR_0004728,HYHLQKE,-0.4895426,producible_prior,-3.0399213,-2.2135758,-3.0399213,True,False,False,-0.769888015,2.5503787498840333,1.7240332239944456,False,point_median
PRIOR_0004729,FPPGEAI,-0.27384484,producible_prior,-2.8242235,-1.9978781,-2.8242235,True,False,False,-0.769888015,2.5503787498840333,1.7240332239944456,False,point_median
PRIOR_0004730,RGDPYVP,-0.6727996,producible_prior,-3.2231784,-2.396833,-3.2231784,True,False,False,-0.769888015,2.5503787498840333,1.7240332239944456,False,point_median
PRIOR_0004731,NQQGRMF,-0.15062737,producible_prior,-2.7010062,-1.8746606,-2.7010062,True,False,False,-0.769888015,2.5503787498840333,1.7240332239944456,False,point_median
PRIOR_0004732,LMRFGRR,0.11049914,producible_prior,-2.4398797,-1.6135341,-2.4398797,True,False,False,-0.769888015,2.5503787498840333,1.7240332239944456,False,point_median
PRIOR_0004733,GEDEKKI,0.071306705,producible_prior,-2.479072,-1.6527265,-2.479072,True,False,False,-0.769888015,2.5503787498840333,1.7240332239944456,False,point_median
PRIOR_0004734,HHREVDI,-0.57825017,producible_prior,-3.128629,-2.3022833,-3.128629,True,False,False,-0.769888015,2.5503787498840333,1.7240332239944456,False,point_median
PRIOR_0004735,FEPRSIM,-0.6581254,producible_prior,-3.2085042,-2.3821588,-3.2085042,True,False,False,-0.769888015,2.5503787498840333,1.7240332239944456,False,point_median
PRIOR_0004736,PTKFHTG,0.07693243,producible_prior,-2.4734464,-1.6471008,-2.4734464,True,False,False,-0.769888015,2.5503787498840333,1.7240332239944456,False,point_median
PRIOR_0004737,NGHINHE,-0.105495214,producible_prior,-2.655874,-1.8295285,-2.655874,True,False,False,-0.769888015,2.5503787498840333,1.7240332239944456,False,point_median
PRIOR_0004738,PHVGVQD,-0.66662884,producible_prior,-3.2170076,-2.3906622,-3.2170076,True,False,False,-0.769888015,2.5503787498840333,1.7240332239944456,False,point_median
PRIOR_0004739,LFSKESA,0.33993983,producible_prior,-2.210439,-1.3840934,-2.210439,True,False,False,-0.769888015,2.5503787498840333,1.7240332239944456,False,point_median
PRIOR_0004740,GRDKARH,1.6437104,producible_prior,-0.9066684,-0.08032286,-0.9066684,True,True,False,-0.769888015,2.5503787498840333,1.7240332239944456,False,point_median
PRIOR_0004741,TATTPEF,-0.7401521,producible_prior,-3.290531,-2.4641852,-3.290531,True,False,False,-0.769888015,2.5503787498840333,1.7240332239944456,False,point_median
PRIOR_0004742,RTPRVTI,0.9131503,producible_prior,-1.6372285,-0.8108829,-1.6372285,True,False,False,-0.769888015,2.5503787498840333,1.7240332239944456,False,point_median
PRIOR_0004743,KRDTPLM,0.17697525,producible_prior,-2.3734035,-1.547058,-2.3734035,True,False,False,-0.769888015,2.5503787498840333,1.7240332239944456,False,point_median
PRIOR_0004744,LHKMPQY,-0.75679517,producible_prior,-3.307174,-2.4808283,-3.307174,True,False,False,-0.769888015,2.5503787498840333,1.7240332239944456,False,point_median
PRIOR_0004745,NITHAEL,-0.7471039,producible_prior,-3.2974827,-2.471137,-3.2974827,True,False,False,-0.769888015,2.5503787498840333,1.7240332239944456,False,point_median
PRIOR_0004746,VEPGNDI,-0.63501906,producible_prior,-3.1853979,-2.3590522,-3.1853979,True,False,False,-0.769888015,2.5503787498840333,1.7240332239944456,False,point_median
PRIOR_0004747,LQISTQG,-0.031552315,producible_prior,-2.581931,-1.7555856,-2.581931,True,False,False,-0.769888015,2.5503787498840333,1.7240332239944456,False,point_median
PRIOR_0004748,RSEAADE,-0.013531685,producible_prior,-2.5639105,-1.7375649,-2.5639105,True,False,False,-0.769888015,2.5503787498840333,1.7240332239944456,False,point_median
PRIOR_0004749,IRAQPIV,0.11853409,producible_prior,-2.4318447,-1.6054991,-2.4318447,True,False,False,-0.769888015,2.5503787498840333,1.7240332239944456,False,point_median
PRIOR_0004750,IRNKAIP,1.5417123,producible_prior,-1.0086665,-0.18232095,-1.0086665,True,True,False,-0.769888015,2.5503787498840333,1.7240332239944456,False,point_median
PRIOR_0004751,TAAAMHI,-0.448884,producible_prior,-2.9992628,-2.1729174,-2.9992628,True,False,False,-0.769888015,2.5503787498840333,1.7240332239944456,False,point_median
PRIOR_0004752,VSTRNTE,0.62198615,producible_prior,-1.9283926,-1.1020471,-1.9283926,True,False,False,-0.769888015,2.5503787498840333,1.7240332239944456,False,point_median
PRIOR_0004753,ALRNEHH,-0.288324,producible_prior,-2.8387027,-2.0123572,-2.8387027,True,False,False,-0.769888015,2.5503787498840333,1.7240332239944456,False,point_median
PRIOR_0004754,KGQLSMR,0.22038984,producible_prior,-2.329989,-1.5036434,-2.329989,True,False,False,-0.769888015,2.5503787498840333,1.7240332239944456,False,point_median
PRIOR_0004755,MPSGVTE,0.40244627,producible_prior,-2.1479325,-1.321587,-2.1479325,True,False,False,-0.769888015,2.5503787498840333,1.7240332239944456,False,point_median
PRIOR_0004756,QPYVTAP,-0.5975075,producible_prior,-3.1478863,-2.3215408,-3.1478863,True,False,False,-0.769888015,2.5503787498840333,1.7240332239944456,False,point_median
PRIOR_0004757,QRRPIVH,0.5535214,producible_prior,-1.9968574,-1.1705118,-1.9968574,True,False,False,-0.769888015,2.5503787498840333,1.7240332239944456,False,point_median
PRIOR_0004758,LSDNTHG,0.05461216,producible_prior,-2.4957666,-1.6694211,-2.4957666,True,False,False,-0.769888015,2.5503787498840333,1.7240332239944456,False,point_median
PRIOR_0004759,EVNKNNM,-0.03940606,producible_prior,-2.5897849,-1.7634393,-2.5897849,True,False,False,-0.769888015,2.5503787498840333,1.7240332239944456,False,point_median
PRIOR_0004760,NNAVLTA,-0.15976715,producible_prior,-2.710146,-1.8838004,-2.710146,True,False,False,-0.769888015,2.5503787498840333,1.7240332239944456,False,point_median
PRIOR_0004761,TKRHVCG,0.6534033,producible_prior,-1.8969755,-1.07063,-1.8969755,True,False,False,-0.769888015,2.5503787498840333,1.7240332239944456,False,point_median
PRIOR_0004762,NPHNRRN,0.88237,producible_prior,-1.6680088,-0.84166324,-1.6680088,True,False,False,-0.769888015,2.5503787498840333,1.7240332239944456,False,point_median
PRIOR_0004763,ITTHGKG,1.4873314,producible_prior,-1.0630474,-0.23670185,-1.0630474,True,True,False,-0.769888015,2.5503787498840333,1.7240332239944456,False,point_median
PRIOR_0004764,CPGGKYK,-0.23417974,producible_prior,-2.7845585,-1.958213,-2.7845585,True,False,False,-0.769888015,2.5503787498840333,1.7240332239944456,False,point_median
PRIOR_0004765,KYDGDRH,-0.5567869,producible_prior,-3.1071658,-2.2808201,-3.1071658,True,False,False,-0.769888015,2.5503787498840333,1.7240332239944456,False,point_median
PRIOR_0004766,ETKESVP,-0.06880593,producible_prior,-2.6191847,-1.7928392,-2.6191847,True,False,False,-0.769888015,2.5503787498840333,1.7240332239944456,False,point_median
PRIOR_0004767,PTTKDLG,-0.043400764,producible_prior,-2.5937796,-1.767434,-2.5937796,True,False,False,-0.769888015,2.5503787498840333,1.7240332239944456,False,point_median
PRIOR_0004768,MDANPAA,-0.30484593,producible_prior,-2.8552246,-2.0288792,-2.8552246,True,False,False,-0.769888015,2.5503787498840333,1.7240332239944456,False,point_median
PRIOR_0004769,RRDDRVQ,-0.009262085,producible_prior,-2.559641,-1.7332953,-2.559641,True,False,False,-0.769888015,2.5503787498840333,1.7240332239944456,False,point_median
PRIOR_0004770,TQSNSAF,-0.18789005,producible_prior,-2.7382689,-1.9119233,-2.7382689,True,False,False,-0.769888015,2.5503787498840333,1.7240332239944456,False,point_median
PRIOR_0004771,GIPLAQG,-0.0068142414,producible_prior,-2.557193,-1.7308475,-2.557193,True,False,False,-0.769888015,2.5503787498840333,1.7240332239944456,False,point_median
PRIOR_0004772,RDKGQPT,1.0212004,producible_prior,-1.5291784,-0.7028328,-1.5291784,True,True,False,-0.769888015,2.5503787498840333,1.7240332239944456,False,point_median
PRIOR_0004773,VNQRGQM,0.7689862,producible_prior,-1.7813926,-0.955047,-1.7813926,True,False,False,-0.769888015,2.5503787498840333,1.7240332239944456,False,point_median
PRIOR_0004774,FMTKPKV,0.809628,producible_prior,-1.7407508,-0.9144052,-1.7407508,True,False,False,-0.769888015,2.5503787498840333,1.7240332239944456,False,point_median
PRIOR_0004775,NRSRTVP,1.6664033,producible_prior,-0.8839755,-0.057629943,-0.8839755,True,True,False,-0.769888015,2.5503787498840333,1.7240332239944456,False,point_median
PRIOR_0004776,VRRGKDK,2.5118113,producible_prior,-0.038567543,0.787778,-0.038567543,True,True,True,-0.769888015,2.5503787498840333,1.7240332239944456,False,point_median
PRIOR_0004777,FVDHGRV,-0.13244486,producible_prior,-2.6828237,-1.8564781,-2.6828237,True,False,False,-0.769888015,2.5503787498840333,1.7240332239944456,False,point_median
PRIOR_0004778,VMSVQVS,-0.46559358,producible_prior,-3.0159724,-2.1896267,-3.0159724,True,False,False,-0.769888015,2.5503787498840333,1.7240332239944456,False,point_median
PRIOR_0004779,ANPAMKK,0.94226146,producible_prior,-1.6081173,-0.7817718,-1.6081173,True,False,False,-0.769888015,2.5503787498840333,1.7240332239944456,False,point_median
PRIOR_0004780,MKRFHIV,-0.009795904,producible_prior,-2.5601747,-1.7338291,-2.5601747,True,False,False,-0.769888015,2.5503787498840333,1.7240332239944456,False,point_median
PRIOR_0004781,FPSRDMR,-0.2595985,producible_prior,-2.8099773,-1.9836317,-2.8099773,True,False,False,-0.769888015,2.5503787498840333,1.7240332239944456,False,point_median
PRIOR_0004782,SGTSNMG,0.5980544,producible_prior,-1.9523244,-1.1259788,-1.9523244,True,False,False,-0.769888015,2.5503787498840333,1.7240332239944456,False,point_median
PRIOR_0004783,RLRVQLY,-0.34189057,producible_prior,-2.8922694,-2.0659237,-2.8922694,True,False,False,-0.769888015,2.5503787498840333,1.7240332239944456,False,point_median
PRIOR_0004784,VPKDFRG,0.48524094,producible_prior,-2.0651379,-1.2387923,-2.0651379,True,False,False,-0.769888015,2.5503787498840333,1.7240332239944456,False,point_median
PRIOR_0004785,KRHGCLR,-0.75898075,producible_prior,-3.3093596,-2.483014,-3.3093596,True,False,False,-0.769888015,2.5503787498840333,1.7240332239944456,False,point_median
PRIOR_0004786,TKSTDTR,0.782742,producible_prior,-1.7676368,-0.9412912,-1.7676368,True,False,False,-0.769888015,2.5503787498840333,1.7240332239944456,False,point_median
PRIOR_0004787,DFGKGTI,-0.033860683,producible_prior,-2.5842395,-1.7578939,-2.5842395,True,False,False,-0.769888015,2.5503787498840333,1.7240332239944456,False,point_median
PRIOR_0004788,KQSGHDD,0.58063173,producible_prior,-1.9697471,-1.1434015,-1.9697471,True,False,False,-0.769888015,2.5503787498840333,1.7240332239944456,False,point_median
PRIOR_0004789,RQRRSIL,1.2039719,producible_prior,-1.3464069,-0.5200614,-1.3464069,True,True,False,-0.769888015,2.5503787498840333,1.7240332239944456,False,point_median
PRIOR_0004790,LQTNAVH,-0.34628177,producible_prior,-2.8966606,-2.070315,-2.8966606,True,False,False,-0.769888015,2.5503787498840333,1.7240332239944456,False,point_median
PRIOR_0004791,YDKMAHE,-0.5300195,producible_prior,-3.0803983,-2.2540526,-3.0803983,True,False,False,-0.769888015,2.5503787498840333,1.7240332239944456,False,point_median
PRIOR_0004792,QPGQKYP,0.5164149,producible_prior,-2.033964,-1.2076184,-2.033964,True,False,False,-0.769888015,2.5503787498840333,1.7240332239944456,False,point_median
PRIOR_0004793,QQGTKAP,1.4520288,producible_prior,-1.09835,-0.2720045,-1.09835,True,True,False,-0.769888015,2.5503787498840333,1.7240332239944456,False,point_median
PRIOR_0004794,QNDSNFG,-0.6466327,producible_prior,-3.1970115,-2.370666,-3.1970115,True,False,False,-0.769888015,2.5503787498840333,1.7240332239944456,False,point_median
PRIOR_0004795,AHKATCE,-0.51241744,producible_prior,-3.062796,-2.2364507,-3.062796,True,False,False,-0.769888015,2.5503787498840333,1.7240332239944456,False,point_median
PRIOR_0004796,YTPLHKS,0.036746502,producible_prior,-2.5136323,-1.6872867,-2.5136323,True,False,False,-0.769888015,2.5503787498840333,1.7240332239944456,False,point_median
PRIOR_0004797,LARLHDH,-0.6893288,producible_prior,-3.2397075,-2.413362,-3.2397075,True,False,False,-0.769888015,2.5503787498840333,1.7240332239944456,False,point_median
PRIOR_0004798,TITFIRG,-0.52601516,producible_prior,-3.076394,-2.2500484,-3.076394,True,False,False,-0.769888015,2.5503787498840333,1.7240332239944456,False,point_median
PRIOR_0004799,RGTVMAQ,-0.45066643,producible_prior,-3.0010452,-2.1746998,-3.0010452,True,False,False,-0.769888015,2.5503787498840333,1.7240332239944456,False,point_median
PRIOR_0004800,YHGTVRN,-0.17728567,producible_prior,-2.7276645,-1.9013189,-2.7276645,True,False,False,-0.769888015,2.5503787498840333,1.7240332239944456,False,point_median
PRIOR_0004801,HPHQNKL,0.73404264,producible_prior,-1.8163362,-0.9899906,-1.8163362,True,False,False,-0.769888015,2.5503787498840333,1.7240332239944456,False,point_median
PRIOR_0004802,WNHGSEI,-0.33955884,producible_prior,-2.8899376,-2.063592,-2.8899376,True,False,False,-0.769888015,2.5503787498840333,1.7240332239944456,False,point_median
PRIOR_0004803,KSPKRAD,2.1227407,producible_prior,-0.42763805,0.3987075,-0.42763805,True,True,True,-0.769888015,2.5503787498840333,1.7240332239944456,False,point_median
PRIOR_0004804,NNKHFRF,-0.22209167,producible_prior,-2.7724705,-1.9461249,-2.7724705,True,False,False,-0.769888015,2.5503787498840333,1.7240332239944456,False,point_median
PRIOR_0004805,TYGGPSG,0.4904151,producible_prior,-2.0599637,-1.2336181,-2.0599637,True,False,False,-0.769888015,2.5503787498840333,1.7240332239944456,False,point_median
PRIOR_0004806,PKKNLFV,0.14141035,producible_prior,-2.4089684,-1.5826229,-2.4089684,True,False,False,-0.769888015,2.5503787498840333,1.7240332239944456,False,point_median
PRIOR_0004807,RHVKVQP,1.1898134,producible_prior,-1.3605654,-0.53421986,-1.3605654,True,True,False,-0.769888015,2.5503787498840333,1.7240332239944456,False,point_median
PRIOR_0004808,RHAHKMS,1.3215303,producible_prior,-1.2288485,-0.4025029,-1.2288485,True,True,False,-0.769888015,2.5503787498840333,1.7240332239944456,False,point_median
PRIOR_0004809,PGERQTI,-0.12357211,producible_prior,-2.673951,-1.8476053,-2.673951,True,False,False,-0.769888015,2.5503787498840333,1.7240332239944456,False,point_median
PRIOR_0004810,NAKQPMN,0.06642413,producible_prior,-2.4839547,-1.6576091,-2.4839547,True,False,False,-0.769888015,2.5503787498840333,1.7240332239944456,False,point_median
PRIOR_0004811,QVHNKAP,1.2161002,producible_prior,-1.3342786,-0.507933,-1.3342786,True,True,False,-0.769888015,2.5503787498840333,1.7240332239944456,False,point_median
PRIOR_0004812,SKNLENN,-0.5210879,producible_prior,-3.0714667,-2.245121,-3.0714667,True,False,False,-0.769888015,2.5503787498840333,1.7240332239944456,False,point_median
PRIOR_0004813,GRERDMG,0.519073,producible_prior,-2.0313058,-1.2049602,-2.0313058,True,False,False,-0.769888015,2.5503787498840333,1.7240332239944456,False,point_median
PRIOR_0004814,TVFARLK,-0.498245,producible_prior,-3.0486238,-2.222278,-3.0486238,True,False,False,-0.769888015,2.5503787498840333,1.7240332239944456,False,point_median
PRIOR_0004815,IGAQHQN,-0.33927488,producible_prior,-2.8896537,-2.0633082,-2.8896537,True,False,False,-0.769888015,2.5503787498840333,1.7240332239944456,False,point_median
PRIOR_0004816,NRSNWGA,-0.20233011,producible_prior,-2.752709,-1.9263633,-2.752709,True,False,False,-0.769888015,2.5503787498840333,1.7240332239944456,False,point_median
PRIOR_0004817,MGGRVPS,0.90388036,producible_prior,-1.6464984,-0.8201529,-1.6464984,True,False,False,-0.769888015,2.5503787498840333,1.7240332239944456,False,point_median
PRIOR_0004818,IIHARFE,-0.61003804,producible_prior,-3.1604168,-2.3340712,-3.1604168,True,False,False,-0.769888015,2.5503787498840333,1.7240332239944456,False,point_median
PRIOR_0004819,SRQQSSD,0.91400385,producible_prior,-1.636375,-0.8100294,-1.636375,True,False,False,-0.769888015,2.5503787498840333,1.7240332239944456,False,point_median
PRIOR_0004820,KWSGPTI,-0.51461935,producible_prior,-3.0649981,-2.2386527,-3.0649981,True,False,False,-0.769888015,2.5503787498840333,1.7240332239944456,False,point_median
PRIOR_0004821,VCKKSQI,-0.17171955,producible_prior,-2.7220984,-1.8957528,-2.7220984,True,False,False,-0.769888015,2.5503787498840333,1.7240332239944456,False,point_median
PRIOR_0004822,GKHHVRF,0.8225136,producible_prior,-1.7278652,-0.90151966,-1.7278652,True,False,False,-0.769888015,2.5503787498840333,1.7240332239944456,False,point_median
PRIOR_0004823,KDLIKSA,-0.0025515556,producible_prior,-2.5529304,-1.7265848,-2.5529304,True,False,False,-0.769888015,2.5503787498840333,1.7240332239944456,False,point_median
PRIOR_0004824,KNIENIR,-0.700755,producible_prior,-3.251134,-2.4247882,-3.251134,True,False,False,-0.769888015,2.5503787498840333,1.7240332239944456,False,point_median
PRIOR_0004825,LGRASML,0.2130518,producible_prior,-2.337327,-1.5109814,-2.337327,True,False,False,-0.769888015,2.5503787498840333,1.7240332239944456,False,point_median
PRIOR_0004826,LLHHINS,-0.45581913,producible_prior,-3.006198,-2.1798525,-3.006198,True,False,False,-0.769888015,2.5503787498840333,1.7240332239944456,False,point_median
PRIOR_0004827,FSKAIIH,-0.4198029,producible_prior,-2.9701817,-2.143836,-2.9701817,True,False,False,-0.769888015,2.5503787498840333,1.7240332239944456,False,point_median
PRIOR_0004828,PRTHAVQ,-0.44709992,producible_prior,-2.9974787,-2.171133,-2.9974787,True,False,False,-0.769888015,2.5503787498840333,1.7240332239944456,False,point_median
PRIOR_0004829,QQPQTND,0.2111578,producible_prior,-2.339221,-1.5128754,-2.339221,True,False,False,-0.769888015,2.5503787498840333,1.7240332239944456,False,point_median
PRIOR_0004830,IVHRIDK,0.09385824,producible_prior,-2.4565206,-1.630175,-2.4565206,True,False,False,-0.769888015,2.5503787498840333,1.7240332239944456,False,point_median
PRIOR_0004831,CKMDRGK,-0.41568136,producible_prior,-2.9660602,-2.1397147,-2.9660602,True,False,False,-0.769888015,2.5503787498840333,1.7240332239944456,False,point_median
PRIOR_0004832,TGDKSQF,0.34060097,producible_prior,-2.2097778,-1.3834323,-2.2097778,True,False,False,-0.769888015,2.5503787498840333,1.7240332239944456,False,point_median
PRIOR_0004833,RKTFKQT,1.2299442,producible_prior,-1.3204346,-0.494089,-1.3204346,True,True,False,-0.769888015,2.5503787498840333,1.7240332239944456,False,point_median
PRIOR_0004834,QSRMNMS,-0.18662643,producible_prior,-2.7370052,-1.9106597,-2.7370052,True,False,False,-0.769888015,2.5503787498840333,1.7240332239944456,False,point_median
PRIOR_0004835,IMMGVGA,-0.60082626,producible_prior,-3.151205,-2.3248596,-3.151205,True,False,False,-0.769888015,2.5503787498840333,1.7240332239944456,False,point_median
PRIOR_0004836,AHMQHEA,-0.7546314,producible_prior,-3.3050103,-2.4786646,-3.3050103,True,False,False,-0.769888015,2.5503787498840333,1.7240332239944456,False,point_median
PRIOR_0004837,HKFKEKD,1.035357,producible_prior,-1.5150218,-0.68867624,-1.5150218,True,True,False,-0.769888015,2.5503787498840333,1.7240332239944456,False,point_median
PRIOR_0004838,TFVKYGP,-0.73981476,producible_prior,-3.2901936,-2.463848,-3.2901936,True,False,False,-0.769888015,2.5503787498840333,1.7240332239944456,False,point_median
PRIOR_0004839,AIGAQKH,0.5263083,producible_prior,-2.0240705,-1.1977249,-2.0240705,True,False,False,-0.769888015,2.5503787498840333,1.7240332239944456,False,point_median
PRIOR_0004840,LVHPGVN,-0.7510848,producible_prior,-3.3014636,-2.4751182,-3.3014636,True,False,False,-0.769888015,2.5503787498840333,1.7240332239944456,False,point_median
PRIOR_0004841,FEQPSTP,-0.49485743,producible_prior,-3.045236,-2.2188907,-3.045236,True,False,False,-0.769888015,2.5503787498840333,1.7240332239944456,False,point_median
PRIOR_0004842,MKFQTHL,-0.57833576,producible_prior,-3.1287146,-2.302369,-3.1287146,True,False,False,-0.769888015,2.5503787498840333,1.7240332239944456,False,point_median
PRIOR_0004843,PETGKRA,1.2250617,producible_prior,-1.3253171,-0.49897158,-1.3253171,True,True,False,-0.769888015,2.5503787498840333,1.7240332239944456,False,point_median
PRIOR_0004844,ALQLNQR,-0.7250577,producible_prior,-3.2754364,-2.449091,-3.2754364,True,False,False,-0.769888015,2.5503787498840333,1.7240332239944456,False,point_median
PRIOR_0004845,VSPGKTK,1.5962839,producible_prior,-0.9540949,-0.12774932,-0.9540949,True,True,False,-0.769888015,2.5503787498840333,1.7240332239944456,False,point_median
PRIOR_0004846,ITLTKPR,-0.04331112,producible_prior,-2.59369,-1.7673444,-2.59369,True,False,False,-0.769888015,2.5503787498840333,1.7240332239944456,False,point_median
PRIOR_0004847,DAGKPPD,0.32318974,producible_prior,-2.227189,-1.4008435,-2.227189,True,False,False,-0.769888015,2.5503787498840333,1.7240332239944456,False,point_median
PRIOR_0004848,YRKRAEW,0.5591788,producible_prior,-1.9912,-1.1648544,-1.9912,True,False,False,-0.769888015,2.5503787498840333,1.7240332239944456,False,point_median
PRIOR_0004849,DGSKHFE,-0.41772056,producible_prior,-2.9680994,-2.1417537,-2.9680994,True,False,False,-0.769888015,2.5503787498840333,1.7240332239944456,False,point_median
PRIOR_0004850,NWRIEKR,-0.6421758,producible_prior,-3.1925545,-2.366209,-3.1925545,True,False,False,-0.769888015,2.5503787498840333,1.7240332239944456,False,point_median
PRIOR_0004851,IVQQNYG,-0.63867474,producible_prior,-3.1890535,-2.362708,-3.1890535,True,False,False,-0.769888015,2.5503787498840333,1.7240332239944456,False,point_median
PRIOR_0004852,RTNEEQN,-0.5546936,producible_prior,-3.1050725,-2.2787268,-3.1050725,True,False,False,-0.769888015,2.5503787498840333,1.7240332239944456,False,point_median
PRIOR_0004853,TIGTGEM,-0.029006481,producible_prior,-2.5793853,-1.7530397,-2.5793853,True,False,False,-0.769888015,2.5503787498840333,1.7240332239944456,False,point_median
PRIOR_0004854,YHSKEHG,0.8336334,producible_prior,-1.7167454,-0.8903998,-1.7167454,True,False,False,-0.769888015,2.5503787498840333,1.7240332239944456,False,point_median
PRIOR_0004855,LGQGPEA,0.6361158,producible_prior,-1.914263,-1.0879174,-1.914263,True,False,False,-0.769888015,2.5503787498840333,1.7240332239944456,False,point_median
PRIOR_0004856,SDVNAQK,-0.37428486,producible_prior,-2.9246635,-2.098318,-2.9246635,True,False,False,-0.769888015,2.5503787498840333,1.7240332239944456,False,point_median
PRIOR_0004857,MHQLQRE,-0.17228818,producible_prior,-2.722667,-1.8963214,-2.722667,True,False,False,-0.769888015,2.5503787498840333,1.7240332239944456,False,point_median
PRIOR_0004858,FHSDNRL,-0.5659145,producible_prior,-3.1162934,-2.2899477,-3.1162934,True,False,False,-0.769888015,2.5503787498840333,1.7240332239944456,False,point_median
PRIOR_0004859,ANFKRVM,-0.09135866,producible_prior,-2.6417375,-1.8153919,-2.6417375,True,False,False,-0.769888015,2.5503787498840333,1.7240332239944456,False,point_median
PRIOR_0004860,RKNQEVR,1.3548026,producible_prior,-1.1955762,-0.36923063,-1.1955762,True,True,False,-0.769888015,2.5503787498840333,1.7240332239944456,False,point_median
PRIOR_0004861,FINKHKS,1.2130623,producible_prior,-1.3373165,-0.51097095,-1.3373165,True,True,False,-0.769888015,2.5503787498840333,1.7240332239944456,False,point_median
PRIOR_0004862,AASTIRL,-0.27796257,producible_prior,-2.8283415,-2.0019958,-2.8283415,True,False,False,-0.769888015,2.5503787498840333,1.7240332239944456,False,point_median
PRIOR_0004863,VRNDREA,1.0825989,producible_prior,-1.4677799,-0.6414343,-1.4677799,True,True,False,-0.769888015,2.5503787498840333,1.7240332239944456,False,point_median
PRIOR_0004864,AHRNQGQ,-0.022150993,producible_prior,-2.5725298,-1.7461842,-2.5725298,True,False,False,-0.769888015,2.5503787498840333,1.7240332239944456,False,point_median
PRIOR_0004865,SELKPKY,-0.5976689,producible_prior,-3.1480477,-2.321702,-3.1480477,True,False,False,-0.769888015,2.5503787498840333,1.7240332239944456,False,point_median
PRIOR_0004866,MPEKKDT,0.57670784,producible_prior,-1.973671,-1.1473254,-1.973671,True,False,False,-0.769888015,2.5503787498840333,1.7240332239944456,False,point_median
PRIOR_0004867,TVLQNAG,-0.18525052,producible_prior,-2.7356293,-1.9092838,-2.7356293,True,False,False,-0.769888015,2.5503787498840333,1.7240332239944456,False,point_median
PRIOR_0004868,ATRVGKQ,0.539639,producible_prior,-2.0107398,-1.1843942,-2.0107398,True,False,False,-0.769888015,2.5503787498840333,1.7240332239944456,False,point_median
PRIOR_0004869,QPIVNLK,-0.7685851,producible_prior,-3.318964,-2.4926183,-3.318964,True,False,False,-0.769888015,2.5503787498840333,1.7240332239944456,False,point_median
PRIOR_0004870,FRARGCA,0.017845154,producible_prior,-2.5325336,-1.7061881,-2.5325336,True,False,False,-0.769888015,2.5503787498840333,1.7240332239944456,False,point_median
PRIOR_0004871,THHKVVM,0.5060806,producible_prior,-2.0442982,-1.2179526,-2.0442982,True,False,False,-0.769888015,2.5503787498840333,1.7240332239944456,False,point_median
PRIOR_0004872,WKANSKL,0.81636024,producible_prior,-1.7340186,-0.907673,-1.7340186,True,False,False,-0.769888015,2.5503787498840333,1.7240332239944456,False,point_median
PRIOR_0004873,PFHPGQA,-0.11300254,producible_prior,-2.6633813,-1.8370358,-2.6633813,True,False,False,-0.769888015,2.5503787498840333,1.7240332239944456,False,point_median
PRIOR_0004874,AGDALMA,-0.746799,producible_prior,-3.2971778,-2.4708323,-3.2971778,True,False,False,-0.769888015,2.5503787498840333,1.7240332239944456,False,point_median
PRIOR_0004875,GASTQEL,-0.20503926,producible_prior,-2.755418,-1.9290725,-2.755418,True,False,False,-0.769888015,2.5503787498840333,1.7240332239944456,False,point_median
PRIOR_0004876,LQRHLQQ,-0.5404577,producible_prior,-3.0908365,-2.264491,-3.0908365,True,False,False,-0.769888015,2.5503787498840333,1.7240332239944456,False,point_median
PRIOR_0004877,TEKNMME,0.030926228,producible_prior,-2.5194526,-1.693107,-2.5194526,True,False,False,-0.769888015,2.5503787498840333,1.7240332239944456,False,point_median
PRIOR_0004878,HPKQNIT,0.42994595,producible_prior,-2.1204329,-1.2940873,-2.1204329,True,False,False,-0.769888015,2.5503787498840333,1.7240332239944456,False,point_median
PRIOR_0004879,TRKLYKP,1.0685396,producible_prior,-1.4818392,-0.6554936,-1.4818392,True,True,False,-0.769888015,2.5503787498840333,1.7240332239944456,False,point_median
PRIOR_0004880,HHRMNDR,-0.2108984,producible_prior,-2.7612772,-1.9349316,-2.7612772,True,False,False,-0.769888015,2.5503787498840333,1.7240332239944456,False,point_median
PRIOR_0004881,GKFGTEI,0.1010561,producible_prior,-2.4493227,-1.6229771,-2.4493227,True,False,False,-0.769888015,2.5503787498840333,1.7240332239944456,False,point_median
PRIOR_0004882,FKGQARP,1.7328193,producible_prior,-0.8175595,0.008786082,-0.8175595,True,True,False,-0.769888015,2.5503787498840333,1.7240332239944456,False,point_median
PRIOR_0004883,HKNIMTG,0.7195635,producible_prior,-1.8308153,-1.0044698,-1.8308153,True,False,False,-0.769888015,2.5503787498840333,1.7240332239944456,False,point_median
PRIOR_0004884,WRGMIPG,-0.34290028,producible_prior,-2.893279,-2.0669336,-2.893279,True,False,False,-0.769888015,2.5503787498840333,1.7240332239944456,False,point_median
PRIOR_0004885,KMNVKTE,1.211498,producible_prior,-1.3388808,-0.5125352,-1.3388808,True,True,False,-0.769888015,2.5503787498840333,1.7240332239944456,False,point_median
PRIOR_0004886,ALNQMKM,-0.09618807,producible_prior,-2.6465669,-1.8202213,-2.6465669,True,False,False,-0.769888015,2.5503787498840333,1.7240332239944456,False,point_median
PRIOR_0004887,GWGKGKQ,0.1027472,producible_prior,-2.4476316,-1.621286,-2.4476316,True,False,False,-0.769888015,2.5503787498840333,1.7240332239944456,False,point_median
PRIOR_0004888,SRSRALM,0.8359275,producible_prior,-1.7144513,-0.88810575,-1.7144513,True,False,False,-0.769888015,2.5503787498840333,1.7240332239944456,False,point_median
PRIOR_0004889,TKYHNGN,-0.26162934,producible_prior,-2.8120081,-1.9856626,-2.8120081,True,False,False,-0.769888015,2.5503787498840333,1.7240332239944456,False,point_median
PRIOR_0004890,LAHKKNS,1.9269199,producible_prior,-0.62345886,0.2028867,-0.62345886,True,True,True,-0.769888015,2.5503787498840333,1.7240332239944456,False,point_median
PRIOR_0004891,IFKEAGD,-0.117424965,producible_prior,-2.6678038,-1.8414582,-2.6678038,True,False,False,-0.769888015,2.5503787498840333,1.7240332239944456,False,point_median
PRIOR_0004892,WFNHGMK,-0.7410487,producible_prior,-3.2914276,-2.465082,-3.2914276,True,False,False,-0.769888015,2.5503787498840333,1.7240332239944456,False,point_median
PRIOR_0004893,PQRFTRH,-0.13327503,producible_prior,-2.6836538,-1.8573083,-2.6836538,True,False,False,-0.769888015,2.5503787498840333,1.7240332239944456,False,point_median
PRIOR_0004894,DYKKARN,0.36277008,producible_prior,-2.1876087,-1.3612632,-2.1876087,True,False,False,-0.769888015,2.5503787498840333,1.7240332239944456,False,point_median
PRIOR_0004895,IANEKPH,0.26380396,producible_prior,-2.2865748,-1.4602293,-2.2865748,True,False,False,-0.769888015,2.5503787498840333,1.7240332239944456,False,point_median
PRIOR_0004896,GFVLQKG,-0.28623927,producible_prior,-2.836618,-2.0102725,-2.836618,True,False,False,-0.769888015,2.5503787498840333,1.7240332239944456,False,point_median
PRIOR_0004897,YKRLIQT,0.10457754,producible_prior,-2.4458013,-1.6194557,-2.4458013,True,False,False,-0.769888015,2.5503787498840333,1.7240332239944456,False,point_median
PRIOR_0004898,GSHNQED,0.07686567,producible_prior,-2.4735131,-1.6471676,-2.4735131,True,False,False,-0.769888015,2.5503787498840333,1.7240332239944456,False,point_median
PRIOR_0004899,WGQHAKF,-0.18340254,producible_prior,-2.7337813,-1.9074358,-2.7337813,True,False,False,-0.769888015,2.5503787498840333,1.7240332239944456,False,point_median
PRIOR_0004900,FQKAMSD,0.21559834,producible_prior,-2.3347805,-1.5084349,-2.3347805,True,False,False,-0.769888015,2.5503787498840333,1.7240332239944456,False,point_median
PRIOR_0004901,LGDQHPI,-0.68608403,producible_prior,-3.2364628,-2.4101171,-3.2364628,True,False,False,-0.769888015,2.5503787498840333,1.7240332239944456,False,point_median
PRIOR_0004902,KADASMF,-0.5943309,producible_prior,-3.1447096,-2.3183641,-3.1447096,True,False,False,-0.769888015,2.5503787498840333,1.7240332239944456,False,point_median
PRIOR_0004903,PPGVRDS,0.33854246,producible_prior,-2.2118363,-1.3854908,-2.2118363,True,False,False,-0.769888015,2.5503787498840333,1.7240332239944456,False,point_median
PRIOR_0004904,DYTKGTD,-0.4715222,producible_prior,-3.0219011,-2.1955554,-3.0219011,True,False,False,-0.769888015,2.5503787498840333,1.7240332239944456,False,point_median
PRIOR_0004905,LSGKWLA,-0.7379031,producible_prior,-3.288282,-2.4619365,-3.288282,True,False,False,-0.769888015,2.5503787498840333,1.7240332239944456,False,point_median
PRIOR_0004906,VDSHRAL,-0.29666138,producible_prior,-2.8470402,-2.0206947,-2.8470402,True,False,False,-0.769888015,2.5503787498840333,1.7240332239944456,False,point_median
PRIOR_0004907,IAREGIN,-0.53461623,producible_prior,-3.084995,-2.2586493,-3.084995,True,False,False,-0.769888015,2.5503787498840333,1.7240332239944456,False,point_median
PRIOR_0004908,QKCRKMG,0.112844944,producible_prior,-2.4375339,-1.6111883,-2.4375339,True,False,False,-0.769888015,2.5503787498840333,1.7240332239944456,False,point_median
PRIOR_0004909,SKNVTDI,0.4792037,producible_prior,-2.071175,-1.2448295,-2.071175,True,False,False,-0.769888015,2.5503787498840333,1.7240332239944456,False,point_median
PRIOR_0004910,GNQAKLH,0.5221081,producible_prior,-2.0282707,-1.2019252,-2.0282707,True,False,False,-0.769888015,2.5503787498840333,1.7240332239944456,False,point_median
PRIOR_0004911,FRNVAVA,0.6405237,producible_prior,-1.9098551,-1.0835096,-1.9098551,True,False,False,-0.769888015,2.5503787498840333,1.7240332239944456,False,point_median
PRIOR_0004912,VEDKGQD,0.07926726,producible_prior,-2.4711115,-1.644766,-2.4711115,True,False,False,-0.769888015,2.5503787498840333,1.7240332239944456,False,point_median
PRIOR_0004913,CPTPSHG,-0.5099014,producible_prior,-3.0602803,-2.2339346,-3.0602803,True,False,False,-0.769888015,2.5503787498840333,1.7240332239944456,False,point_median
PRIOR_0004914,EGGAKMD,0.23333812,producible_prior,-2.3170407,-1.4906951,-2.3170407,True,False,False,-0.769888015,2.5503787498840333,1.7240332239944456,False,point_median
PRIOR_0004915,VQKKGVK,2.159401,producible_prior,-0.39097786,0.4353677,-0.39097786,True,True,True,-0.769888015,2.5503787498840333,1.7240332239944456,False,point_median
PRIOR_0004916,GRLKSLK,0.90793467,producible_prior,-1.6424441,-0.8160986,-1.6424441,True,False,False,-0.769888015,2.5503787498840333,1.7240332239944456,False,point_median
PRIOR_0004917,FWPRQNG,-0.36041212,producible_prior,-2.910791,-2.0844455,-2.910791,True,False,False,-0.769888015,2.5503787498840333,1.7240332239944456,False,point_median
PRIOR_0004918,RSQHVRV,1.0364573,producible_prior,-1.5139215,-0.68757594,-1.5139215,True,True,False,-0.769888015,2.5503787498840333,1.7240332239944456,False,point_median
PRIOR_0004919,TMVPGQP,-0.20799041,producible_prior,-2.7583692,-1.9320236,-2.7583692,True,False,False,-0.769888015,2.5503787498840333,1.7240332239944456,False,point_median
PRIOR_0004920,NINRMNR,0.23853016,producible_prior,-2.3118486,-1.4855031,-2.3118486,True,False,False,-0.769888015,2.5503787498840333,1.7240332239944456,False,point_median
PRIOR_0004921,HTHDSRE,0.32268906,producible_prior,-2.2276897,-1.4013442,-2.2276897,True,False,False,-0.769888015,2.5503787498840333,1.7240332239944456,False,point_median
PRIOR_0004922,LGHFGNA,-0.10521293,producible_prior,-2.6555917,-1.8292462,-2.6555917,True,False,False,-0.769888015,2.5503787498840333,1.7240332239944456,False,point_median
PRIOR_0004923,SHKQKGF,1.206847,producible_prior,-1.3435318,-0.5171863,-1.3435318,True,True,False,-0.769888015,2.5503787498840333,1.7240332239944456,False,point_median
PRIOR_0004924,RRKMAGM,1.4802771,producible_prior,-1.0701017,-0.24375618,-1.0701017,True,True,False,-0.769888015,2.5503787498840333,1.7240332239944456,False,point_median
PRIOR_0004925,KRDKNQV,1.986249,producible_prior,-0.5641298,0.26221573,-0.5641298,True,True,True,-0.769888015,2.5503787498840333,1.7240332239944456,False,point_median
PRIOR_0004926,RFDVVSV,-0.6674948,producible_prior,-3.2178736,-2.3915281,-3.2178736,True,False,False,-0.769888015,2.5503787498840333,1.7240332239944456,False,point_median
PRIOR_0004927,HHLVNGP,-0.5863137,producible_prior,-3.1366925,-2.310347,-3.1366925,True,False,False,-0.769888015,2.5503787498840333,1.7240332239944456,False,point_median
PRIOR_0004928,IRGQVMG,0.9533434,producible_prior,-1.5970354,-0.77068985,-1.5970354,True,False,False,-0.769888015,2.5503787498840333,1.7240332239944456,False,point_median
PRIOR_0004929,SKMHSKA,1.5453224,producible_prior,-1.0050564,-0.17871082,-1.0050564,True,True,False,-0.769888015,2.5503787498840333,1.7240332239944456,False,point_median
PRIOR_0004930,KFGRKIE,1.455559,producible_prior,-1.0948198,-0.26847422,-1.0948198,True,True,False,-0.769888015,2.5503787498840333,1.7240332239944456,False,point_median
PRIOR_0004931,SVTSVKI,0.30494237,producible_prior,-2.2454364,-1.4190909,-2.2454364,True,False,False,-0.769888015,2.5503787498840333,1.7240332239944456,False,point_median
PRIOR_0004932,FPKIVGT,-0.1599257,producible_prior,-2.7103045,-1.8839589,-2.7103045,True,False,False,-0.769888015,2.5503787498840333,1.7240332239944456,False,point_median
PRIOR_0004933,GKVFSAE,-0.15647054,producible_prior,-2.7068493,-1.8805038,-2.7068493,True,False,False,-0.769888015,2.5503787498840333,1.7240332239944456,False,point_median
PRIOR_0004934,HRTDKMF,-0.019095898,producible_prior,-2.5694747,-1.7431291,-2.5694747,True,False,False,-0.769888015,2.5503787498840333,1.7240332239944456,False,point_median
PRIOR_0004935,FMQAPGG,-0.034539223,producible_prior,-2.584918,-1.7585725,-2.584918,True,False,False,-0.769888015,2.5503787498840333,1.7240332239944456,False,point_median
PRIOR_0004936,YWHQKQP,-0.1970315,producible_prior,-2.7474103,-1.9210647,-2.7474103,True,False,False,-0.769888015,2.5503787498840333,1.7240332239944456,False,point_median
PRIOR_0004937,ILVTTRP,0.042821407,producible_prior,-2.5075574,-1.6812118,-2.5075574,True,False,False,-0.769888015,2.5503787498840333,1.7240332239944456,False,point_median
PRIOR_0004938,PVARKGS,1.2398098,producible_prior,-1.310569,-0.48422348,-1.310569,True,True,False,-0.769888015,2.5503787498840333,1.7240332239944456,False,point_median
PRIOR_0004939,NDQFRAA,-0.52308774,producible_prior,-3.0734665,-2.2471209,-3.0734665,True,False,False,-0.769888015,2.5503787498840333,1.7240332239944456,False,point_median
PRIOR_0004940,NFAESAK,-0.5066135,producible_prior,-3.0569923,-2.2306466,-3.0569923,True,False,False,-0.769888015,2.5503787498840333,1.7240332239944456,False,point_median
PRIOR_0004941,KKGMVEN,0.2504015,producible_prior,-2.2999773,-1.4736317,-2.2999773,True,False,False,-0.769888015,2.5503787498840333,1.7240332239944456,False,point_median
PRIOR_0004942,KLETLKV,0.22701025,producible_prior,-2.3233685,-1.497023,-2.3233685,True,False,False,-0.769888015,2.5503787498840333,1.7240332239944456,False,point_median
PRIOR_0004943,GKRGQYI,0.802964,producible_prior,-1.7474148,-0.92106926,-1.7474148,True,False,False,-0.769888015,2.5503787498840333,1.7240332239944456,False,point_median
PRIOR_0004944,MAKQMRS,1.1871028,producible_prior,-1.363276,-0.53693044,-1.363276,True,True,False,-0.769888015,2.5503787498840333,1.7240332239944456,False,point_median
PRIOR_0004945,IIAKKSY,0.5063901,producible_prior,-2.0439887,-1.2176431,-2.0439887,True,False,False,-0.769888015,2.5503787498840333,1.7240332239944456,False,point_median
PRIOR_0004946,IGRAHEL,0.25296164,producible_prior,-2.2974172,-1.4710716,-2.2974172,True,False,False,-0.769888015,2.5503787498840333,1.7240332239944456,False,point_median
PRIOR_0004947,RAVAQLP,0.12368727,producible_prior,-2.4266915,-1.600346,-2.4266915,True,False,False,-0.769888015,2.5503787498840333,1.7240332239944456,False,point_median
PRIOR_0004948,RNTPTKA,1.8831148,producible_prior,-0.667264,0.15908158,-0.667264,True,True,True,-0.769888015,2.5503787498840333,1.7240332239944456,False,point_median
PRIOR_0004949,PITRTTE,0.1812079,producible_prior,-2.369171,-1.5428253,-2.369171,True,False,False,-0.769888015,2.5503787498840333,1.7240332239944456,False,point_median
PRIOR_0004950,AGSSHEG,0.64258504,producible_prior,-1.9077938,-1.0814482,-1.9077938,True,False,False,-0.769888015,2.5503787498840333,1.7240332239944456,False,point_median
PRIOR_0004951,SLQGRIA,0.60509014,producible_prior,-1.9452887,-1.1189431,-1.9452887,True,False,False,-0.769888015,2.5503787498840333,1.7240332239944456,False,point_median
PRIOR_0004952,KVAQHIR,0.17091227,producible_prior,-2.3794665,-1.553121,-2.3794665,True,False,False,-0.769888015,2.5503787498840333,1.7240332239944456,False,point_median
PRIOR_0004953,NKMPVPA,0.17291212,producible_prior,-2.3774667,-1.5511211,-2.3774667,True,False,False,-0.769888015,2.5503787498840333,1.7240332239944456,False,point_median
PRIOR_0004954,ILHRNKL,0.77705574,producible_prior,-1.773323,-0.9469775,-1.773323,True,False,False,-0.769888015,2.5503787498840333,1.7240332239944456,False,point_median
PRIOR_0004955,VHVDSAK,-0.5037205,producible_prior,-3.0540993,-2.2277536,-3.0540993,True,False,False,-0.769888015,2.5503787498840333,1.7240332239944456,False,point_median
PRIOR_0004956,FNHESKT,0.020690441,producible_prior,-2.5296884,-1.7033428,-2.5296884,True,False,False,-0.769888015,2.5503787498840333,1.7240332239944456,False,point_median
PRIOR_0004957,TYGTRRM,0.4013462,producible_prior,-2.1490326,-1.322687,-2.1490326,True,False,False,-0.769888015,2.5503787498840333,1.7240332239944456,False,point_median
PRIOR_0004958,SHVHATA,0.059027433,producible_prior,-2.4913514,-1.6650058,-2.4913514,True,False,False,-0.769888015,2.5503787498840333,1.7240332239944456,False,point_median
PRIOR_0004959,IPKKSRG,3.0661073,producible_prior,0.5157285,1.342074,0.5157285,True,True,True,-0.769888015,2.5503787498840333,1.7240332239944456,False,point_median
PRIOR_0004960,RAMVSDE,-0.36615825,producible_prior,-2.916537,-2.0901914,-2.916537,True,False,False,-0.769888015,2.5503787498840333,1.7240332239944456,False,point_median
PRIOR_0004961,RKNGPRI,2.242178,producible_prior,-0.30820084,0.5181447,-0.30820084,True,True,True,-0.769888015,2.5503787498840333,1.7240332239944456,False,point_median
PRIOR_0004962,SNPENTG,0.42036486,producible_prior,-2.130014,-1.3036684,-2.130014,True,False,False,-0.769888015,2.5503787498840333,1.7240332239944456,False,point_median
PRIOR_0004963,KRPVEVE,0.91229844,producible_prior,-1.6380804,-0.8117348,-1.6380804,True,False,False,-0.769888015,2.5503787498840333,1.7240332239944456,False,point_median
PRIOR_0004964,IERRTSY,0.07393551,producible_prior,-2.4764433,-1.6500977,-2.4764433,True,False,False,-0.769888015,2.5503787498840333,1.7240332239944456,False,point_median
PRIOR_0004965,KRQRNYL,0.58951235,producible_prior,-1.9608665,-1.1345209,-1.9608665,True,False,False,-0.769888015,2.5503787498840333,1.7240332239944456,False,point_median
PRIOR_0004966,HRYHGVN,-0.73829997,producible_prior,-3.2886786,-2.4623332,-3.2886786,True,False,False,-0.769888015,2.5503787498840333,1.7240332239944456,False,point_median
PRIOR_0004967,RNHRADP,1.4462595,producible_prior,-1.1041193,-0.27777374,-1.1041193,True,True,False,-0.769888015,2.5503787498840333,1.7240332239944456,False,point_median
PRIOR_0004968,HFSMQEG,-0.75960183,producible_prior,-3.3099806,-2.483635,-3.3099806,True,False,False,-0.769888015,2.5503787498840333,1.7240332239944456,False,point_median
PRIOR_0004969,KVEADMG,-0.3334248,producible_prior,-2.8838036,-2.057458,-2.8838036,True,False,False,-0.769888015,2.5503787498840333,1.7240332239944456,False,point_median
PRIOR_0004970,SMHKPPN,-0.046014786,producible_prior,-2.5963936,-1.770048,-2.5963936,True,False,False,-0.769888015,2.5503787498840333,1.7240332239944456,False,point_median
PRIOR_0004971,RMSSMTK,0.49575186,producible_prior,-2.054627,-1.2282814,-2.054627,True,False,False,-0.769888015,2.5503787498840333,1.7240332239944456,False,point_median
PRIOR_0004972,VYRNLQG,0.060705423,producible_prior,-2.4896734,-1.6633278,-2.4896734,True,False,False,-0.769888015,2.5503787498840333,1.7240332239944456,False,point_median
PRIOR_0004973,NGFQSKG,0.7271991,producible_prior,-1.8231797,-0.99683416,-1.8231797,True,False,False,-0.769888015,2.5503787498840333,1.7240332239944456,False,point_median
PRIOR_0004974,FPDQNAP,-0.23786259,producible_prior,-2.7882414,-1.9618958,-2.7882414,True,False,False,-0.769888015,2.5503787498840333,1.7240332239944456,False,point_median
PRIOR_0004975,NLQMKEK,0.08792424,producible_prior,-2.4624546,-1.636109,-2.4624546,True,False,False,-0.769888015,2.5503787498840333,1.7240332239944456,False,point_median
PRIOR_0004976,NAFPNKP,0.036424637,producible_prior,-2.5139542,-1.6876086,-2.5139542,True,False,False,-0.769888015,2.5503787498840333,1.7240332239944456,False,point_median
PRIOR_0004977,RARYMHM,-0.50795305,producible_prior,-3.058332,-2.2319863,-3.058332,True,False,False,-0.769888015,2.5503787498840333,1.7240332239944456,False,point_median
PRIOR_0004978,IGQLAHV,-0.51049995,producible_prior,-3.0608788,-2.2345333,-3.0608788,True,False,False,-0.769888015,2.5503787498840333,1.7240332239944456,False,point_median
PRIOR_0004979,YSDQVRR,-0.18718958,producible_prior,-2.7375684,-1.9112228,-2.7375684,True,False,False,-0.769888015,2.5503787498840333,1.7240332239944456,False,point_median
PRIOR_0004980,KYVLRTP,-0.5225965,producible_prior,-3.0729752,-2.2466297,-3.0729752,True,False,False,-0.769888015,2.5503787498840333,1.7240332239944456,False,point_median
PRIOR_0004981,HNQQQVS,0.21397638,producible_prior,-2.3364024,-1.5100569,-2.3364024,True,False,False,-0.769888015,2.5503787498840333,1.7240332239944456,False,point_median
PRIOR_0004982,QKDGANL,0.49742746,producible_prior,-2.0529513,-1.2266058,-2.0529513,True,False,False,-0.769888015,2.5503787498840333,1.7240332239944456,False,point_median
PRIOR_0004983,GNKVDDR,0.17461729,producible_prior,-2.3757615,-1.549416,-2.3757615,True,False,False,-0.769888015,2.5503787498840333,1.7240332239944456,False,point_median
PRIOR_0004984,WRLKKRG,1.9372416,producible_prior,-0.61313725,0.21320832,-0.61313725,True,True,True,-0.769888015,2.5503787498840333,1.7240332239944456,False,point_median
PRIOR_0004985,DRNPTLS,-0.03889203,producible_prior,-2.5892708,-1.7629253,-2.5892708,True,False,False,-0.769888015,2.5503787498840333,1.7240332239944456,False,point_median
PRIOR_0004986,NQRKENV,1.1819413,producible_prior,-1.3684375,-0.54209197,-1.3684375,True,True,False,-0.769888015,2.5503787498840333,1.7240332239944456,False,point_median
PRIOR_0004987,NKHITRE,1.2358255,producible_prior,-1.3145533,-0.4882077,-1.3145533,True,True,False,-0.769888015,2.5503787498840333,1.7240332239944456,False,point_median
PRIOR_0004988,LSPIRQK,0.48948145,producible_prior,-2.0608974,-1.2345518,-2.0608974,True,False,False,-0.769888015,2.5503787498840333,1.7240332239944456,False,point_median
PRIOR_0004989,RAQHDNG,0.7575741,producible_prior,-1.7928047,-0.96645916,-1.7928047,True,False,False,-0.769888015,2.5503787498840333,1.7240332239944456,False,point_median
PRIOR_0004990,TRQRMIP,0.9603598,producible_prior,-1.590019,-0.7636734,-1.590019,True,True,False,-0.769888015,2.5503787498840333,1.7240332239944456,False,point_median
PRIOR_0004991,CTSGNRN,-0.7380811,producible_prior,-3.2884598,-2.4621143,-3.2884598,True,False,False,-0.769888015,2.5503787498840333,1.7240332239944456,False,point_median
PRIOR_0004992,MERKMPT,0.18521547,producible_prior,-2.3651633,-1.5388178,-2.3651633,True,False,False,-0.769888015,2.5503787498840333,1.7240332239944456,False,point_median
PRIOR_0004993,PKAKCPG,-0.38741362,producible_prior,-2.9377923,-2.1114469,-2.9377923,True,False,False,-0.769888015,2.5503787498840333,1.7240332239944456,False,point_median
PRIOR_0004994,GESKWRE,-0.45797467,producible_prior,-3.0083535,-2.1820078,-3.0083535,True,False,False,-0.769888015,2.5503787498840333,1.7240332239944456,False,point_median
PRIOR_0004995,FGKHFHD,-0.4137311,producible_prior,-2.96411,-2.1377645,-2.96411,True,False,False,-0.769888015,2.5503787498840333,1.7240332239944456,False,point_median
PRIOR_0004996,NERGKFL,-0.06867623,producible_prior,-2.619055,-1.7927095,-2.619055,True,False,False,-0.769888015,2.5503787498840333,1.7240332239944456,False,point_median
PRIOR_0004997,TRPANDP,1.0349941,producible_prior,-1.5153847,-0.6890391,-1.5153847,True,True,False,-0.769888015,2.5503787498840333,1.7240332239944456,False,point_median
PRIOR_0004998,GLAASNK,0.38622522,producible_prior,-2.1641536,-1.337808,-2.1641536,True,False,False,-0.769888015,2.5503787498840333,1.7240332239944456,False,point_median
PRIOR_0004999,KKLPSQL,0.47870016,producible_prior,-2.0716786,-1.2453331,-2.0716786,True,False,False,-0.769888015,2.5503787498840333,1.7240332239944456,False,point_median
PRIOR_0005000,VQTGSSQ,-0.37553692,producible_prior,-2.9259157,-2.0995703,-2.9259157,True,False,False,-0.769888015,2.5503787498840333,1.7240332239944456,False,point_median
